gene,n_disease,n_control,median_disease,median_control,delta_disease_minus_control,cliffs_delta,p_value,fdr_BH,delta_ci95_lo,delta_ci95_hi
SEC62,4,4,0.3371170385962604,0.43268826048673825,-0.09557122189047784,-1.0,0.02857142857142857,0.9506493506493506,-0.26997837849026574,-0.04221467756833708
SCD,4,4,0.9362828469150084,0.8268413723173711,0.10944147459763731,1.0,0.02857142857142857,0.9506493506493506,0.03999647537883633,0.18359258930469424
JPT1,4,4,0.7039794178540981,0.8513509879155161,-0.147371570061418,-1.0,0.02857142857142857,0.9506493506493506,-0.3396577714341902,-0.027513439417051533
ARID4B,4,4,0.45069035288664666,0.7954281567489114,-0.34473780386226477,-1.0,0.02857142857142857,0.9506493506493506,-0.53173067816868,-0.24129412323625826
NALF1,4,4,0.729052033492823,0.8883233610010903,-0.15927132750826734,-1.0,0.02857142857142857,0.9506493506493506,-0.24538102299754905,-0.056275900025900105
RORA,4,4,0.7894261656307616,0.8900491887180739,-0.1006230230873123,-1.0,0.02857142857142857,0.9506493506493506,-0.15529252749057332,-0.08254586423600507
HDGFL3,4,4,0.12204365464397546,0.3955487962927694,-0.2735051416487939,-1.0,0.02857142857142857,0.9506493506493506,-0.6033912969329415,-0.15455209003687562
MYCBP2,4,4,0.9287296037296038,0.9845538824268412,-0.055824278697237384,-1.0,0.02857142857142857,0.9506493506493506,-0.08323229652375741,-0.013671261862691964
GHITM,4,4,0.9081572346521345,0.8423619030571305,0.06579533159500395,1.0,0.02857142857142857,0.9506493506493506,0.02110574071542226,0.8930818577677124
FGF14,4,4,0.26258389261744963,0.5460773889800993,-0.28349349636264964,-1.0,0.02857142857142857,0.9506493506493506,-0.4581743612423885,-0.17105400778882918
RIF1,4,4,0.6325478645066274,0.8570809499046628,-0.2245330853980354,-1.0,0.02857142857142857,0.9506493506493506,-0.29641131815044863,-0.14118698508744806
QDPR,4,4,0.08982391482391483,0.9110363482679313,-0.8212124334440165,-1.0,0.02857142857142857,0.9506493506493506,-0.8951409555605728,-0.04121664954998289
SLC4A10,4,4,0.840181594336719,0.9412659341119937,-0.10108433977527465,-1.0,0.02857142857142857,0.9506493506493506,-0.33736983021588973,-0.06105390217028653
UQCRB,4,4,0.009803093459508565,0.04680773457206776,-0.03700464111255919,-1.0,0.02857142857142857,0.9506493506493506,-0.055581735857715954,-0.01470685103179797
PPP3CA,4,4,0.6195036419939302,0.9681240008148861,-0.348620358820956,-1.0,0.02857142857142857,0.9506493506493506,-0.5619896803495239,-0.11089573847090461
PPFIA2,4,4,0.8073550286525419,0.9265092329545455,-0.11915420430200352,-1.0,0.02857142857142857,0.9506493506493506,-0.2005402267688352,-0.02909786956075
SEPTIN11,4,4,0.40689071828312334,0.7208484432034381,-0.31395772492031476,-1.0,0.02857142857142857,0.9506493506493506,-0.5565466160826702,-0.1906176338329204
ZC3H13,4,4,0.40111855229410087,0.6690740250705296,-0.2679554727764287,-1.0,0.02857142857142857,0.9506493506493506,-0.44844544711156475,-0.1973173738253512
GRIA4,4,4,0.2549429856679569,0.882628933668923,-0.6276859480009661,-0.875,0.05714285714285714,0.9506493506493506,,
NUDC,4,4,0.3438250533712862,0.9057245732198076,-0.5618995198485214,-0.875,0.05714285714285714,0.9506493506493506,,
ENSA,4,4,0.8250475817899114,0.7208149065671956,0.10423267522271584,0.875,0.05714285714285714,0.9506493506493506,,
EPB41L2,4,4,0.28483809526293585,0.7649986896750167,-0.48016059441208087,-0.875,0.05714285714285714,0.9506493506493506,,
PAK3,4,4,0.4503186325968557,0.879718839799901,-0.4294002072030453,-0.875,0.05714285714285714,0.9506493506493506,,
RBM8A,4,4,0.3973961439077718,0.5390821392948763,-0.14168599538710447,-0.875,0.05714285714285714,0.9506493506493506,,
GABBR2,4,4,0.9625635049714123,0.8247839856115264,0.13777951935988586,0.875,0.05714285714285714,0.9506493506493506,,
NFIA,4,4,0.6557669874599008,0.9074368009726494,-0.25166981351274864,-0.875,0.05714285714285714,0.9506493506493506,,
TPT1,4,4,0.7076126133713252,0.64299762604343,0.06461498732789517,0.875,0.05714285714285714,0.9506493506493506,,
MPHOSPH8,4,4,0.732586512866016,0.9063657050814293,-0.17377919221541338,-0.875,0.05714285714285714,0.9506493506493506,,
TBC1D9B,4,4,0.6602859992577472,0.5602802569509053,0.1000057423068419,0.875,0.05714285714285714,0.9506493506493506,,
ARHGAP21,4,4,0.9279245834880137,0.984289038710958,-0.05636445522294431,-0.875,0.05714285714285714,0.9506493506493506,,
S100B,4,4,0.9040287519487427,0.8370386974722028,0.06699005447653983,0.875,0.05714285714285714,0.9506493506493506,,
SYNCRIP,4,4,0.5565262379896527,0.749295392870454,-0.19276915488080126,-0.875,0.05714285714285714,0.9506493506493506,,
SLC8A1,4,4,0.573974358974359,0.8337926443720126,-0.2598182853976536,-0.875,0.05714285714285714,0.9506493506493506,,
NCS1,4,4,0.3790437119664376,0.809660823742338,-0.43061711177590045,-0.875,0.05714285714285714,0.9506493506493506,,
SSU72,4,4,0.9423665088734343,0.9663297909142923,-0.02396328204085796,-0.875,0.05714285714285714,0.9506493506493506,,
SEPTIN4,4,4,0.9530664325518761,0.8776049840892025,0.07546144846267355,0.875,0.05714285714285714,0.9506493506493506,,
DLG2,4,4,0.852592118211212,0.939326971979366,-0.08673485376815404,-0.875,0.05714285714285714,0.9506493506493506,,
PPP2R5C,4,4,0.683171483875201,0.8669876686489144,-0.18381618477371342,-0.875,0.05714285714285714,0.9506493506493506,,
CEBPZOS,4,4,0.5110017756732761,0.7835138115011687,-0.27251203582789263,-0.875,0.05714285714285714,0.9506493506493506,,
PTK2,4,4,0.8424085626911315,0.9599832491777798,-0.11757468648664826,-0.875,0.05714285714285714,0.9506493506493506,,
DNAJC5,4,4,0.836327865788121,0.9178090083262497,-0.08148114253812866,-0.875,0.05714285714285714,0.9506493506493506,,
RPS25,4,4,0.5514692811243627,0.31008709802847734,0.24138218309588533,0.875,0.05714285714285714,0.9506493506493506,,
HERC1,3,3,0.9420468557336621,0.9677942070083047,-0.02574735127464256,-1.0,0.1,0.9506493506493506,,
HNRNPA1,3,3,0.06740331491712707,0.8737553034894796,-0.8063519885723526,-1.0,0.1,0.9506493506493506,,
THY1,3,3,0.9673539518900344,0.7899246948844456,0.17742925700558876,1.0,0.1,0.9506493506493506,,
N4BP2L1,3,3,0.7687074829931972,0.8846572361262242,-0.11594975313302691,-1.0,0.1,0.9506493506493506,,
IFNAR1,3,3,0.5619834710743802,0.7,-0.13801652892561977,-1.0,0.1,0.9506493506493506,,
ZNF638,3,3,0.7325227963525835,0.8864864864864865,-0.153963690133903,-1.0,0.1,0.9506493506493506,,
KCNB1,3,3,0.6602564102564102,0.8332165381920112,-0.172960127935601,-1.0,0.1,0.9506493506493506,,
MIAT,3,3,0.49912739965095987,0.9793103448275862,-0.4801829451766263,-1.0,0.1,0.9506493506493506,,
MAP9,3,3,0.5712309820193637,0.8025751072961373,-0.23134412527677362,-1.0,0.1,0.9506493506493506,,
TAF1D,3,3,0.9521640091116174,0.5972443031266561,0.35491970598496125,1.0,0.1,0.9506493506493506,,
RPS14,3,3,0.4488656823910695,0.8262929997594419,-0.37742731736837243,-1.0,0.1,0.9506493506493506,,
RPS23,3,3,0.3953049370764763,0.05989442005032315,0.33541051702615315,1.0,0.1,0.9506493506493506,,
RPS18,3,3,0.4355602314571278,0.7443542275630616,-0.3087939961059338,-1.0,0.1,0.9506493506493506,,
ASB8,3,3,0.522077922077922,0.941725812476653,-0.41964789039873096,-1.0,0.1,0.9506493506493506,,
MRPL28,3,3,0.8988326848249028,0.9385412810070344,-0.03970859618213163,-1.0,0.1,0.9506493506493506,,
XRCC5,3,3,0.8296382730455076,0.9271523178807947,-0.09751404483528703,-1.0,0.1,0.9506493506493506,,
MOSMO,3,3,0.9008264462809917,0.07136237256719184,0.8294640737137999,1.0,0.1,0.9506493506493506,,
SF3B2,3,3,0.9676498572787822,0.6021871638580136,0.36546269342076854,1.0,0.1,0.9506493506493506,,
ILF3-DT,3,3,0.5714285714285714,0.6370370370370371,-0.06560846560846567,-1.0,0.1,0.9506493506493506,,
LARP6,3,3,0.850835322195704,0.8039900249376558,0.0468452972580482,1.0,0.1,0.9506493506493506,,
ANKIB1,3,3,0.29172932330827067,0.4417293233082707,-0.15000000000000002,-1.0,0.1,0.9506493506493506,,
STOX2,3,3,0.7178423236514523,0.9027522935779817,-0.18490996992652942,-1.0,0.1,0.9506493506493506,,
POLR2F,3,3,0.31527093596059114,0.19914346895074947,0.11612746700984167,1.0,0.1,0.9506493506493506,,
PMEPA1,3,3,0.4954682779456193,0.7301410541945063,-0.23467277624888694,-1.0,0.1,0.9506493506493506,,
PBXIP1,3,3,0.9104166666666667,0.7883710987601539,0.12204556790651278,1.0,0.1,0.9506493506493506,,
CA10,3,3,0.6052631578947368,0.6693877551020408,-0.06412459720730401,-1.0,0.1,0.9506493506493506,,
TRIM2,3,3,0.9143135345666992,0.9776887871853547,-0.06337525261865551,-1.0,0.1,0.9506493506493506,,
DPYSL2,3,3,0.9948690251147718,0.7141444707433262,0.2807245543714456,1.0,0.1,0.9506493506493506,,
FGFR2,3,3,0.7977941176470589,0.6893333333333334,0.10846078431372552,1.0,0.1,0.9506493506493506,,
NEUROD2,3,3,0.350354609929078,0.5982991495747874,-0.24794453964570934,-1.0,0.1,0.9506493506493506,,
GLRX2,3,3,0.22815533980582525,0.366191904047976,-0.13803656424215077,-1.0,0.1,0.9506493506493506,,
ERO1A,3,3,0.8686440677966102,0.9017437961099933,-0.03309972831338315,-1.0,0.1,0.9506493506493506,,
PHIP,3,3,0.43983402489626555,0.8795454545454545,-0.43971142964918897,-1.0,0.1,0.9506493506493506,,
NRXN1,3,3,0.8397645519947678,0.9286367795059469,-0.08887222751117907,-1.0,0.1,0.9506493506493506,,
SLC25A12,3,3,0.37142857142857144,0.9716791979949875,-0.600250626566416,-1.0,0.1,0.9506493506493506,,
MTREX,3,3,0.27340823970037453,0.3165924984106802,-0.04318425871030568,-1.0,0.1,0.9506493506493506,,
MYO6,3,3,0.428169014084507,0.881578947368421,-0.453409933283914,-1.0,0.1,0.9506493506493506,,
RPL32,3,3,0.642919026991003,0.36801725357092346,0.27490177342007954,1.0,0.1,0.9506493506493506,,
GPATCH8,3,3,0.7087378640776699,0.933781686497672,-0.2250438224200021,-1.0,0.1,0.9506493506493506,,
FNIP2,3,3,0.7687687687687688,0.9222614840989399,-0.15349271533017117,-1.0,0.1,0.9506493506493506,,
SORBS2,3,3,0.8461538461538461,0.9556521739130435,-0.10949832775919732,-1.0,0.1,0.9506493506493506,,
BPNT2,3,3,0.7904761904761904,0.8396039603960396,-0.04912776991984913,-1.0,0.1,0.9506493506493506,,
BDH1,3,3,0.33980582524271846,0.24739583333333334,0.09240999190938512,1.0,0.1,0.9506493506493506,,
BOD1L1,3,3,0.5290178571428571,0.7833668678739101,-0.254349010731053,-1.0,0.1,0.9506493506493506,,
GFOD1,3,3,0.5,0.9604005461993628,-0.46040054619936277,-1.0,0.1,0.9506493506493506,,
BPTF,3,3,0.41338582677165353,0.8989095195991748,-0.4855236928275212,-1.0,0.1,0.9506493506493506,,
GOLGA7B,3,3,0.18974358974358974,0.9256080114449213,-0.7358644217013316,-1.0,0.1,0.9506493506493506,,
GRIN2A,3,3,0.4740740740740741,0.9112515802781289,-0.4371775062040548,-1.0,0.1,0.9506493506493506,,
NAV3,3,3,0.8803418803418803,0.9140826873385013,-0.033740806996620964,-1.0,0.1,0.9506493506493506,,
SPRYD7,3,3,0.452991452991453,0.5493291239147593,-0.0963376709233063,-1.0,0.1,0.9506493506493506,,
MACROH2A1,3,3,0.8910112359550562,0.9628210042161748,-0.07180976826111862,-1.0,0.1,0.9506493506493506,,
ZNF207,3,3,0.07142857142857142,0.20966569767441862,-0.1382371262458472,-1.0,0.1,0.9506493506493506,,
SCN1A,3,3,0.8533333333333334,0.9391634980988594,-0.08583016476552596,-1.0,0.1,0.9506493506493506,,
ZNF395,3,3,0.5977011494252874,0.7115384615384616,-0.11383731211317416,-1.0,0.1,0.9506493506493506,,
DIDO1,3,3,0.5901639344262295,0.7387152777777778,-0.1485513433515483,-1.0,0.1,0.9506493506493506,,
DHX29,3,3,0.6425339366515838,0.8095238095238095,-0.16698987287222578,-1.0,0.1,0.9506493506493506,,
DCLK2,3,3,0.936986301369863,0.9603174603174603,-0.023331158947597297,-1.0,0.1,0.9506493506493506,,
DMWD,3,3,0.5172413793103449,0.8580246913580247,-0.34078331204767986,-1.0,0.1,0.9506493506493506,,
CCSER2,3,3,0.8407643312101911,0.8763440860215054,-0.03557975481131426,-1.0,0.1,0.9506493506493506,,
ADGRB3-DT,3,3,0.9147058823529411,0.1391941391941392,0.7755117431588019,1.0,0.1,0.9506493506493506,,
AGFG1,3,3,0.5615615615615616,0.7066942719116632,-0.14513271035010167,-1.0,0.1,0.9506493506493506,,
ZFR,3,3,0.8898643256185156,0.9564,-0.06653567438148444,-1.0,0.1,0.9506493506493506,,
ADAM23,3,3,0.739454094292804,0.904093567251462,-0.164639472958658,-1.0,0.1,0.9506493506493506,,
AHI1,3,3,0.734375,0.9681668496158068,-0.2337918496158068,-1.0,0.1,0.9506493506493506,,
ADAM17,3,3,0.4970414201183432,0.6800382043935053,-0.18299678427516208,-1.0,0.1,0.9506493506493506,,
COX6C,3,3,0.40701430549146284,0.2721287490855889,0.13488555640587396,1.0,0.1,0.9506493506493506,,
PPM1L,3,3,0.8518518518518519,0.9736625514403292,-0.12181069958847734,-1.0,0.1,0.9506493506493506,,
CCNH,3,3,0.44144144144144143,0.09722222222222222,0.3442192192192192,1.0,0.1,0.9506493506493506,,
RALBP1,3,3,0.6552748885586924,0.9570724841660803,-0.30179759560738784,-1.0,0.1,0.9506493506493506,,
CEND1,3,3,0.9110225763612217,0.828909212580861,0.08211336378036072,1.0,0.1,0.9506493506493506,,
CREG2,3,3,0.9446467589220685,0.9240488358886996,0.020597923033368937,1.0,0.1,0.9506493506493506,,
PPP6R3,3,3,0.6590909090909091,0.9380733944954128,-0.27898248540450377,-1.0,0.1,0.9506493506493506,,
UBQLN2,3,3,0.10628019323671498,0.12575090108129755,-0.019470707844582574,-1.0,0.1,0.9506493506493506,,
ANP32B,3,3,0.7384615384615385,0.5828220858895705,0.15563945257196798,1.0,0.1,0.9506493506493506,,
AP2M1,3,3,0.9817174515235457,0.9959897094430993,-0.014272257919553555,-1.0,0.1,0.9506493506493506,,
ITFG1,3,3,0.48746518105849584,0.5615883306320908,-0.07412314957359495,-1.0,0.1,0.9506493506493506,,
MAVS,3,3,0.3708609271523179,0.779874213836478,-0.40901328668416015,-1.0,0.1,0.9506493506493506,,
RSRC2,3,3,0.7395715896279594,0.801922050186866,-0.062350460558906584,-1.0,0.1,0.9506493506493506,,
SRSF8,3,3,0.542016806722689,0.4619960343688037,0.08002077235388533,1.0,0.1,0.9506493506493506,,
INSR,3,3,0.48466257668711654,0.7404299947561616,-0.255767418069045,-1.0,0.1,0.9506493506493506,,
KPNA1,3,3,0.6334164588528678,0.3841897233201581,0.2492267355327097,1.0,0.1,0.9506493506493506,,
KPNA5,3,3,0.40268456375838924,0.9386018237082067,-0.5359172599498174,-1.0,0.1,0.9506493506493506,,
NSA2,4,4,0.3409090909090909,0.2228024369016536,0.11810665400743728,0.75,0.11021018267342113,0.9506493506493506,,
MAN1C1,4,4,0.32590374961438145,0.24806683236674953,0.07783691724763192,0.75,0.11428571428571428,0.9506493506493506,,
SAR1B,4,4,0.6579861111111112,0.7035113791028235,-0.045525267991712304,-0.75,0.11428571428571428,0.9506493506493506,,
SATB1,4,4,0.28044219199193854,0.8603280427104233,-0.5798858507184848,-0.75,0.11428571428571428,0.9506493506493506,,
DYNC1H1,4,4,0.9488507903739674,0.97881367098152,-0.02996288060755259,-0.75,0.11428571428571428,0.9506493506493506,,
RASGRF2,4,4,0.7412305436498985,0.9047032967032966,-0.16347275305339815,-0.75,0.11428571428571428,0.9506493506493506,,
UBE2B,4,4,0.2821905225049981,0.3478816463458625,-0.0656911238408644,-0.75,0.11428571428571428,0.9506493506493506,,
CALM1,4,4,0.7266360271245489,0.6579130382261624,0.06872298889838646,0.75,0.11428571428571428,0.9506493506493506,,
CADPS,4,4,0.7852843045049098,0.9547474077506521,-0.16946310324574232,-0.75,0.11428571428571428,0.9506493506493506,,
SMARCA5,4,4,0.33482142857142855,0.6039828672815389,-0.2691614387101104,-0.75,0.11428571428571428,0.9506493506493506,,
TTLL7,4,4,0.6262247780286606,0.7122103011857057,-0.08598552315704511,-0.75,0.11428571428571428,0.9506493506493506,,
TUBA1B,4,4,0.9937437950885184,0.971163094891581,0.022580700196937364,0.75,0.11428571428571428,0.9506493506493506,,
OLFM1,4,4,0.22116889575125315,0.3481641069202853,-0.12699521116903217,-0.75,0.11428571428571428,0.9506493506493506,,
TTC3,4,4,0.7558810649478751,0.8908280764994493,-0.13494701155157418,-0.75,0.11428571428571428,0.9506493506493506,,
FAM131A,4,4,0.566468695523163,0.6428042612926177,-0.07633556576945466,-0.75,0.11428571428571428,0.9506493506493506,,
ENSG00000285976,4,4,0.4512427175342981,0.5699187595841313,-0.11867604204983317,-0.75,0.11428571428571428,0.9506493506493506,,
ATP2B2,4,4,0.6412954912954913,0.9881555558943869,-0.3468600645988955,-0.75,0.11428571428571428,0.9506493506493506,,
ATP8A2,4,4,0.6325225707541431,0.766738032498902,-0.13421546174475896,-0.75,0.11428571428571428,0.9506493506493506,,
BCAP29,4,4,0.43944164868026575,0.6813945562120429,-0.24195290753177717,-0.75,0.11428571428571428,0.9506493506493506,,
RPL13,4,4,0.008118683382968141,0.6761716176707008,-0.6680529342877326,-0.75,0.11428571428571428,0.9506493506493506,,
RPL37,4,4,0.04815209132560003,0.5218261800715436,-0.4736740887459435,-0.75,0.11428571428571428,0.9506493506493506,,
RPL9,4,4,0.6604632478657639,0.509948461057514,0.15051478680824992,0.75,0.11428571428571428,0.9506493506493506,,
MAGI2-AS3,4,4,0.6477980741999434,0.8035328365435714,-0.15573476234362804,-0.75,0.11428571428571428,0.9506493506493506,,
SH3GL3,4,4,0.8800634218440123,0.938666081775795,-0.05860265993178271,-0.75,0.11428571428571428,0.9506493506493506,,
LZIC,4,4,0.8166666666666667,0.7652783680407991,0.05138829862586758,0.75,0.11428571428571428,0.9506493506493506,,
LRPPRC,4,4,0.5149843505477308,0.8177721661054994,-0.30278781555776857,-0.75,0.11428571428571428,0.9506493506493506,,
LIMCH1,4,4,0.8537692150030745,0.9353405488943114,-0.08157133389123694,-0.75,0.11428571428571428,0.9506493506493506,,
LUC7L3,4,4,0.7558280308040839,0.882057608479878,-0.12622957767579412,-0.75,0.11428571428571428,0.9506493506493506,,
ICA1L,4,4,0.5397449677545436,0.8982256124234471,-0.3584806446689035,-0.75,0.11428571428571428,0.9506493506493506,,
MPPED1,4,4,0.8608104127545196,0.9600861416155161,-0.09927572886099645,-0.75,0.11428571428571428,0.9506493506493506,,
SERP1,4,4,0.6675050671209941,0.8380732763756136,-0.17056820925461946,-0.75,0.11428571428571428,0.9506493506493506,,
HSPH1,4,4,0.7984255005555803,0.9096303983669154,-0.11120489781133513,-0.75,0.11428571428571428,0.9506493506493506,,
ASH1L,4,4,0.4104028592727182,0.7285616654794707,-0.31815880620675246,-0.75,0.11428571428571428,0.9506493506493506,,
MOBP,4,4,0.7401871354785214,0.577007509077192,0.16317962640132944,0.75,0.11428571428571428,0.9506493506493506,,
TEX264,4,4,0.8228421089929842,0.717049915568186,0.10579219342479818,0.75,0.11428571428571428,0.9506493506493506,,
HNRNPA0,4,4,0.6914343356298156,0.17618497973261996,0.5152493558971957,0.75,0.11428571428571428,0.9506493506493506,,
PRDX6,4,4,0.5440656745843772,0.5137577771279502,0.030307897456426924,0.75,0.11428571428571428,0.9506493506493506,,
CHMP3,4,4,0.5878462005511186,0.7344878671222803,-0.14664166657116173,-0.75,0.11428571428571428,0.9506493506493506,,
PSMD11,4,4,0.5598611707456705,0.6142081866594458,-0.05434701591377522,-0.75,0.11428571428571428,0.9506493506493506,,
CCNY,4,4,0.4436866001992684,0.5777141231919389,-0.1340275229926705,-0.75,0.11428571428571428,0.9506493506493506,,
VKORC1L1,4,4,0.7853457172342622,0.6490446428571428,0.13630107437711936,0.75,0.11428571428571428,0.9506493506493506,,
RAC1,4,4,0.5794174554315623,0.7620713153151095,-0.1826538598835472,-0.75,0.11428571428571428,0.9506493506493506,,
CLSTN3,4,4,0.8493665006580136,0.9599874086237143,-0.11062090796570079,-0.75,0.11428571428571428,0.9506493506493506,,
UBE2W,4,4,0.6809943465247755,0.48084126984126985,0.20015307668350568,0.75,0.11428571428571428,0.9506493506493506,,
RABEP1,4,4,0.7135997740432143,0.8694186233947665,-0.1558188493515522,-0.75,0.11428571428571428,0.9506493506493506,,
RAB11FIP4,4,4,0.81745705798786,0.589613538468776,0.227843519519084,0.75,0.11428571428571428,0.9506493506493506,,
PLCB1,4,4,0.8912188050119085,0.9543703127468974,-0.0631515077349889,-0.75,0.11428571428571428,0.9506493506493506,,
CDK16,4,4,0.5572339711312522,0.6020013774104683,-0.04476740627921616,-0.75,0.11428571428571428,0.9506493506493506,,
CD2BP2,4,4,0.6824739486029809,0.46028785951868517,0.22218608908429577,0.75,0.11428571428571428,0.9506493506493506,,
ACER3,4,4,0.5897867564534232,0.7703193578193579,-0.18053260136593474,-0.75,0.11428571428571428,0.9506493506493506,,
LRRC8B,4,4,0.5104351814689525,0.8596333827956066,-0.34919820132665413,-0.75,0.11428571428571428,0.9506493506493506,,
AHCYL1,4,4,0.7837811324425996,0.9944944400501906,-0.210713307607591,-0.75,0.11428571428571428,0.9506493506493506,,
AK2,4,4,0.22072771529293267,0.34334792214989945,-0.12262020685696678,-0.625,0.2,0.9695364238410596,,
ZHX3,3,3,0.7988505747126436,0.8441754916792739,-0.04532491696663021,-0.7777777777777778,0.2,0.9695364238410596,,
ADGRL1,3,3,0.8978102189781022,0.4369703389830508,0.4608398799950514,0.7777777777777778,0.2,0.9695364238410596,,
PSAP,3,3,0.9936667749269243,0.9739862280030605,0.019680546923863895,0.7777777777777778,0.2,0.9695364238410596,,
CCSAP,3,3,0.8716049382716049,0.914349901713002,-0.04274496344139711,-0.7777777777777778,0.2,0.9695364238410596,,
CLEC3B,3,3,0.6647398843930635,0.5408299866131191,0.12390989777994443,0.7777777777777778,0.2,0.9695364238410596,,
MALAT1,4,4,0.22098320708036817,0.34301716472423116,-0.12203395764386299,-0.625,0.2,0.9695364238410596,,
MAGI2,4,4,0.6670870113493064,0.770792031522662,-0.10370502017335559,-0.625,0.2,0.9695364238410596,,
MACF1,4,4,0.913326634293474,0.9602450503083415,-0.04691841601486746,-0.625,0.2,0.9695364238410596,,
KPNA4,4,4,0.7511482939632546,0.8281504671039555,-0.0770021731407009,-0.625,0.2,0.9695364238410596,,
KIF5C,3,3,0.7917981072555205,0.8396545885540129,-0.047856481298492404,-0.7777777777777778,0.2,0.9695364238410596,,
LINC00461,4,4,0.4200919364106493,0.5795085139318885,-0.15941657752123922,-0.625,0.2,0.9695364238410596,,
AP2B1,3,3,0.8689320388349514,0.8311874105865522,0.03774462824839919,0.7777777777777778,0.2,0.9695364238410596,,
AOPEP,3,3,0.8225806451612904,0.8610315186246418,-0.03845087346335141,-0.7777777777777778,0.2,0.9695364238410596,,
KALRN,4,4,0.6964813386340711,0.6524783084928596,0.04400303014121154,0.625,0.2,0.9695364238410596,,
MKNK1,3,3,0.860655737704918,0.933531746031746,-0.07287600832682806,-0.7777777777777778,0.2,0.9695364238410596,,
ST13,4,4,0.6782558774937314,0.8721404949253051,-0.1938846174315737,-0.625,0.2,0.9695364238410596,,
MBD1,3,3,0.8072289156626506,0.8792329661362709,-0.07200405047362024,-0.7777777777777778,0.2,0.9695364238410596,,
MARK3,4,4,0.6345455398895754,0.8810099277509227,-0.24646438786134728,-0.625,0.2,0.9695364238410596,,
CHMP1B,4,4,0.5249228395061729,0.5721617459497825,-0.04723890644360962,-0.625,0.2,0.9695364238410596,,
CEP57,3,3,0.5421686746987951,0.7552356020942408,-0.21306692739544564,-0.7777777777777778,0.2,0.9695364238410596,,
CELF5,3,3,0.615,0.8529993408042189,-0.23799934080421892,-0.7777777777777778,0.2,0.9695364238410596,,
PYGO2,3,3,0.6784869976359338,0.6163934426229508,0.06209355501298297,0.7777777777777778,0.2,0.9695364238410596,,
PUM2,3,3,0.7800369685767098,0.74048688253368,0.039550086043029786,0.7777777777777778,0.2,0.9695364238410596,,
RAD51C,3,3,0.7608695652173914,0.6699248120300751,0.09094475318731621,0.7777777777777778,0.2,0.9695364238410596,,
IPO9,4,4,0.48818646232439333,0.22608093741799612,0.2621055249063972,0.625,0.2,0.9695364238410596,,
ILF3,4,4,0.5309661172693754,0.7403012416265609,-0.2093351243571855,-0.625,0.2,0.9695364238410596,,
KCNMA1,4,4,0.7523533469122395,0.8427377580192514,-0.0903844111070119,-0.625,0.2,0.9695364238410596,,
MED29,4,4,0.6123741786662938,0.5208066640012619,0.09156751466503199,0.625,0.2,0.9695364238410596,,
IDH2,4,4,0.3038872047492737,0.2279605426301955,0.07592666211907823,0.625,0.2,0.9695364238410596,,
MTMR2,3,3,0.888235294117647,0.3499406880189798,0.5382946060986672,0.7777777777777778,0.2,0.9695364238410596,,
MPP2,3,3,0.7613293051359517,0.7132963988919667,0.04803290624398493,0.7777777777777778,0.2,0.9695364238410596,,
MPDZ,4,4,0.8424972120891376,0.9330626927565224,-0.09056548066738479,-0.625,0.2,0.9695364238410596,,
ARPP19,4,4,0.2880826912328983,0.33860181827890157,-0.050519127046003254,-0.625,0.2,0.9695364238410596,,
SF3B1,4,4,0.9430109451718494,0.21951857666143382,0.7234923685104155,0.625,0.2,0.9695364238410596,,
CNDP1,4,4,0.23001998001998003,0.70965626077103,-0.4796362807510499,-0.625,0.2,0.9695364238410596,,
SLC25A4,4,4,0.11567737636955877,0.14196204827303555,-0.026284671903476775,-0.625,0.2,0.9695364238410596,,
HSPA9,4,4,0.7409808262249014,0.8720789838711311,-0.13109815764622978,-0.625,0.2,0.9695364238410596,,
HSP90AA1,4,4,0.4993896849358305,0.783274691624438,-0.28388500668860744,-0.625,0.2,0.9695364238410596,,
HOMER1,3,3,0.631578947368421,0.8752129471890971,-0.24363399982067613,-0.7777777777777778,0.2,0.9695364238410596,,
NAA50,3,3,0.9664634146341463,0.8775153105861767,0.0889481040479696,0.7777777777777778,0.2,0.9695364238410596,,
MYEF2,3,3,0.6486486486486487,0.7862208713272543,-0.13757222267860558,-0.7777777777777778,0.2,0.9695364238410596,,
RRP7A,3,3,0.1724137931034483,0.5550239234449761,-0.3826101303415278,-0.7777777777777778,0.2,0.9695364238410596,,
RPS28,4,4,0.027959076133744192,0.14720748885122747,-0.11924841271748328,-0.625,0.2,0.9695364238410596,,
NDFIP2,3,3,0.7913175932977913,0.9409465914025185,-0.14962899810472718,-0.7777777777777778,0.2,0.9695364238410596,,
B3GAT2,3,3,0.7619047619047619,0.5264623955431755,0.23544236636158633,0.7777777777777778,0.2,0.9695364238410596,,
RPL4,4,4,0.9585910163341342,0.866117941647069,0.09247307468706523,0.625,0.2,0.9695364238410596,,
ATP6V1E1,3,3,0.8507547707205925,0.9193277310924369,-0.06857296037184446,-0.7777777777777778,0.2,0.9695364238410596,,
GRIA2,4,4,0.8360047318956032,0.9641257884199355,-0.12812105652433226,-0.625,0.2,0.9695364238410596,,
SRSF10,3,3,0.5240174672489083,0.32882882882882886,0.19518863842007944,0.7777777777777778,0.2,0.9695364238410596,,
GRSF1,4,4,0.8341328958417566,0.8782384379469865,-0.04410554210522988,-0.625,0.2,0.9695364238410596,,
NDUFC2,4,4,0.16396487633497353,0.3414171000887487,-0.17745222375377517,-0.625,0.2,0.9695364238410596,,
UBR5,4,4,0.5156498805732483,0.6000999141762844,-0.08445003360303605,-0.625,0.2,0.9695364238410596,,
UBL3,4,4,0.8642180143226061,0.8995101303423876,-0.03529211601978144,-0.625,0.2,0.9695364238410596,,
UBE2R2,3,3,0.2621184919210054,0.3319919517102616,-0.06987345978925619,-0.7777777777777778,0.2,0.9695364238410596,,
CSNK2A1,3,3,0.8938053097345132,0.3413751507840772,0.552430158950436,0.7777777777777778,0.2,0.9695364238410596,,
CSMD1,4,4,0.501463506751015,0.6707013139328191,-0.16923780718180403,-0.625,0.2,0.9695364238410596,,
TMEM183A,4,4,0.47018355176959903,0.7028039669606753,-0.23262041519107624,-0.625,0.2,0.9695364238410596,,
GNAS,4,4,0.9870807244631052,0.9539281767571138,0.03315254770599141,0.625,0.2,0.9695364238410596,,
NISCH,4,4,0.9034819544609958,0.8786242724256106,0.024857682035385187,0.625,0.2,0.9695364238410596,,
SPATA2,4,4,0.5931321273279186,0.6540004996633434,-0.06086837233542475,-0.625,0.2,0.9695364238410596,,
SORT1,4,4,0.9683132991672234,0.9342290876557449,0.03408421151147856,0.625,0.2,0.9695364238410596,,
BRD3OS,3,3,0.32751091703056767,0.1141732283464567,0.21333768868411096,0.7777777777777778,0.2,0.9695364238410596,,
ROCK2,4,4,0.6924070983760022,0.8028477190226082,-0.11044062064660598,-0.625,0.2,0.9695364238410596,,
RNF150,3,3,0.7558139534883721,0.8417564208782105,-0.08594246738983835,-0.7777777777777778,0.2,0.9695364238410596,,
SOD2,3,3,0.9473386183465459,0.9684477199447259,-0.021109101598180025,-0.7777777777777778,0.2,0.9695364238410596,,
SNX6,4,4,0.856829979378511,0.7241803706978154,0.13264960868069564,0.625,0.2,0.9695364238410596,,
FEZ1,4,4,0.791856592250293,0.7341122413038745,0.0577443509464185,0.625,0.2,0.9695364238410596,,
FER,3,3,0.4945054945054945,0.84,-0.34549450549450544,-0.7777777777777778,0.2,0.9695364238410596,,
NTRK3,3,3,0.7025641025641025,0.9276139410187667,-0.2250498384546642,-0.7777777777777778,0.2,0.9695364238410596,,
NEURL1,3,3,0.852112676056338,0.7568781583380123,0.0952345177183257,0.7777777777777778,0.2,0.9695364238410596,,
FUT8,3,3,0.1595744680851064,0.9352941176470588,-0.7757196495619525,-0.7777777777777778,0.2,0.9695364238410596,,
PKP4,4,4,0.7890895054345634,0.9232850616092344,-0.13419555617467105,-0.625,0.2,0.9695364238410596,,
DCLK1,4,4,0.8863926020875297,0.9522575719184065,-0.06586496983087686,-0.625,0.2,0.9695364238410596,,
DCAF8,4,4,0.7680980215827338,0.5355056861438904,0.2325923354388434,0.625,0.2,0.9695364238410596,,
CYRIA,3,3,0.8870292887029289,0.9856025595449698,-0.09857327084204093,-0.7777777777777778,0.2,0.9695364238410596,,
RCAN2,3,3,0.9059271343121261,0.9607413647851727,-0.054814230473046566,-0.7777777777777778,0.2,0.9695364238410596,,
RBFOX1,4,4,0.8810461269242337,0.926339146420553,-0.045293019496319364,-0.625,0.2,0.9695364238410596,,
RBBP4,4,4,0.2639612658480583,0.6640385871842398,-0.4000773213361815,-0.625,0.2,0.9695364238410596,,
C11orf58,3,3,0.9367311072056239,0.6810912511759172,0.25563985602970674,0.7777777777777778,0.2,0.9695364238410596,,
WDR82,3,3,0.7910592808551993,0.9799426934097422,-0.18888341255454288,-0.7777777777777778,0.2,0.9695364238410596,,
VSTM2A-OT1,3,3,0.6725,0.5824915824915825,0.09000841750841748,0.7777777777777778,0.2,0.9695364238410596,,
TOX4,3,3,0.504950495049505,0.8748882931188561,-0.3699377980693511,-0.7777777777777778,0.2,0.9695364238410596,,
NSFL1C,4,4,0.20744595995852277,0.6488072184013436,-0.4413612584428208,-0.625,0.2,0.9695364238410596,,
NSD2,4,4,0.8117405367602063,0.5449095405440583,0.26683099621614803,0.625,0.2,0.9695364238410596,,
ERCC1,3,3,0.6551724137931034,0.4833922261484099,0.17178018764469355,0.7777777777777778,0.2,0.9695364238410596,,
PAG1,3,3,0.5384615384615384,0.7091454272863568,-0.17068388882481833,-0.7777777777777778,0.2,0.9695364238410596,,
CUX1,3,3,0.764102564102564,0.6705157813702848,0.09358678273227927,0.7777777777777778,0.2,0.9695364238410596,,
RAB4A,4,4,0.35071206262378574,0.40064466407690147,-0.04993260145311573,-0.625,0.2,0.9695364238410596,,
RAB2A,4,4,0.49434234858992143,0.9164669917459008,-0.4221246431559794,-0.625,0.2,0.9695364238410596,,
R3HDM1,3,3,0.8369304556354916,0.9822306238185256,-0.14530016818303393,-0.7777777777777778,0.2,0.9695364238410596,,
CASTOR3P,3,3,0.9361702127659575,0.8784388995521433,0.057731313213814195,0.7777777777777778,0.2,0.9695364238410596,,
CAMSAP2,4,4,0.774320930793609,0.920573657327326,-0.14625272653371701,-0.625,0.2,0.9695364238410596,,
CAMK2N1,3,3,0.876134162503823,0.814813079733908,0.06132108276991499,0.7777777777777778,0.2,0.9695364238410596,,
SLC12A5,3,3,0.8524762908324552,0.9285268024490816,-0.07605051161662635,-0.7777777777777778,0.2,0.9695364238410596,,
PANK2,4,4,0.6420834766048615,0.14456718799100776,0.4975162886138538,0.625,0.2,0.9695364238410596,,
TSPYL1,4,4,0.047504023266685694,0.11973585331789866,-0.07223183005121296,-0.625,0.2,0.9695364238410596,,
SNORC,4,4,0.3430692585718472,0.6946879251299818,-0.35161866655813456,-0.625,0.2,0.9695364238410596,,
SMARCC2,4,4,0.9549832152051727,0.7362088721558356,0.21877434304933707,0.625,0.2,0.9695364238410596,,
SMARCA2,3,3,0.9398186314921682,0.975177304964539,-0.03535867347237087,-0.7777777777777778,0.2,0.9695364238410596,,
SLU7,4,4,0.7937931034482759,0.9042874817575417,-0.11049437830926578,-0.625,0.2,0.9695364238410596,,
ENOX1,3,3,0.43653250773993807,0.9227053140096618,-0.48617280626972376,-0.7777777777777778,0.2,0.9695364238410596,,
ENAH,4,4,0.5951354148697603,0.6501150846219754,-0.05497966975221513,-0.625,0.2,0.9695364238410596,,
SLC12A2-DT,3,3,0.5039370078740157,0.7562604340567612,-0.2523234261827455,-0.7777777777777778,0.2,0.9695364238410596,,
TYRO3,3,3,0.9035460992907801,0.9574683544303797,-0.053922255139599584,-0.7777777777777778,0.2,0.9695364238410596,,
DEK,3,3,0.41515650741350907,0.747457627118644,-0.332301119705135,-0.7777777777777778,0.2,0.9695364238410596,,
PPIG,4,4,0.5011066937348446,0.6131357061517215,-0.1120290124168769,-0.625,0.2,0.9695364238410596,,
PPIA,4,4,0.03050591759342431,0.05584424616097473,-0.025338328567550417,-0.625,0.2,0.9695364238410596,,
PKD2,3,3,0.5722543352601156,0.8343558282208589,-0.26210149296074325,-0.7777777777777778,0.2,0.9695364238410596,,
PHF3,3,3,0.7515923566878981,0.8192457737321196,-0.06765341704422145,-0.7777777777777778,0.2,0.9695364238410596,,
EIF1AX,4,4,0.5814274113614922,0.7408986469684986,-0.15947123560700638,-0.625,0.2,0.9695364238410596,,
DSTN,4,4,0.7285746683954017,0.6636792733208285,0.0648953950745732,0.625,0.2,0.9695364238410596,,
DPP6,4,4,0.7037955075366605,0.884975541950535,-0.18118003441387442,-0.625,0.2,0.9695364238410596,,
DPP10,4,4,0.5478417642140468,0.735582604463241,-0.18774084024919413,-0.625,0.2,0.9695364238410596,,
SIPA1L1,4,4,0.8053708415555739,0.9674740589536099,-0.16210321739803601,-0.625,0.2,0.9695364238410596,,
CACNB2,4,4,0.8349563838223633,0.8864924364285014,-0.05153605260613814,-0.625,0.2,0.9695364238410596,,
PHACTR3,4,4,0.8604006178455255,0.89844620237317,-0.038045584527644505,-0.625,0.2,0.9695364238410596,,
PEBP1,4,4,0.8606996425869753,0.7143652985214808,0.1463343440654945,0.625,0.2,0.9695364238410596,,
PEA15,4,4,0.9215764685786099,0.7837274626140047,0.13784900596460514,0.625,0.2,0.9695364238410596,,
PDXK,4,4,0.8691788783993236,0.7140487188135235,0.15513015958580012,0.625,0.2,0.9695364238410596,,
AGGF1,3,3,0.4880952380952381,0.6841163310961969,-0.19602109300095877,-0.7777777777777778,0.2,0.9695364238410596,,
LUC7L2,3,3,0.4392614188532556,0.677645121449156,-0.23838370259590042,-0.7777777777777778,0.2,0.9695364238410596,,
SENP2,3,3,0.8901960784313725,0.9137931034482759,-0.023597025016903417,-0.7777777777777778,0.2,0.9695364238410596,,
SCN3B,4,4,0.87164122248127,0.9701433056218026,-0.09850208314053266,-0.625,0.2,0.9695364238410596,,
SCN2A,3,3,0.815028901734104,0.9848918575063613,-0.1698629557722573,-0.7777777777777778,0.2,0.9695364238410596,,
ANKH,4,4,0.8900211678249061,0.8137917514089994,0.07622941641590675,0.625,0.2,0.9695364238410596,,
ADGRB3,4,4,0.774656157635468,0.8209509294839947,-0.046294771848526706,-0.5,0.34285714285714286,1.0,,
AMER2,4,4,0.6885480560177819,0.6204769793994505,0.06807107661833145,0.5,0.34285714285714286,1.0,,
AK1,4,4,0.20208755010517127,0.14386412065657841,0.05822342944859285,0.5,0.34285714285714286,1.0,,
AKAP12,4,4,0.710129712947615,0.8871451104100947,-0.17701539746247974,-0.5,0.34285714285714286,1.0,,
PDZD8,4,4,0.6095194603342466,0.763241147055822,-0.15372168672157538,-0.5,0.34285714285714286,1.0,,
UBE2D3,4,4,0.7611376949096609,0.854313871558672,-0.09317617664901112,-0.5,0.34285714285714286,1.0,,
ARHGAP32,4,4,0.7908338822800016,0.6865008764054551,0.10433300587454652,0.5,0.34285714285714286,1.0,,
KCTD16,4,4,0.6462073551225,0.8089932596523933,-0.16278590452989328,-0.5,0.34285714285714286,1.0,,
KIF3A,4,4,0.6895500671261747,0.8254947391333672,-0.1359446720071925,-0.5,0.34285714285714286,1.0,,
LIPA,4,4,0.8488445516747403,0.8799205152886305,-0.0310759636138902,-0.5,0.34285714285714286,1.0,,
LONP2,4,4,0.5971107544141252,0.6973884400821684,-0.10027768566804318,-0.5,0.34285714285714286,1.0,,
CIRBP,4,4,0.6389882177402757,0.314000243219687,0.3249879745205887,0.5,0.34285714285714286,1.0,,
CLASP2,4,4,0.8770176046843099,0.9305919943553949,-0.053574389671084965,-0.5,0.34285714285714286,1.0,,
MAPK1,4,4,0.8233301949574368,0.7976156816545585,0.025714513302878217,0.5,0.34285714285714286,1.0,,
MARCKS,4,4,0.8597872708405396,0.5376353086496071,0.32215196219093256,0.5,0.34285714285714286,1.0,,
KCNC1,4,4,0.7550113290185492,0.7909375691025946,-0.035926240084045435,-0.5,0.34285714285714286,1.0,,
KCNIP4,4,4,0.618944571796795,0.8125661906420764,-0.1936216188452814,-0.5,0.34285714285714286,1.0,,
APBB2,4,4,0.7186195038074183,0.63393330674004,0.08468619706737834,0.5,0.34285714285714286,1.0,,
YLPM1,4,4,0.5081040132482999,0.2862258457490583,0.2218781674992416,0.5,0.34285714285714286,1.0,,
CHD9,4,4,0.7784961685823755,0.9041495198902606,-0.12565335130788513,-0.5,0.34285714285714286,1.0,,
DNAJB9,4,4,0.41538461538461535,0.3281593128782261,0.08722530250638927,0.5,0.34285714285714286,1.0,,
C1QBP,4,4,0.9204650652171333,0.9780190027285306,-0.05755393751139726,-0.5,0.34285714285714286,1.0,,
EIF1,4,4,0.6237144429412572,0.8108113844773697,-0.18709694153611245,-0.5,0.34285714285714286,1.0,,
PHYHIPL,4,4,0.8774666876523816,0.9382022420863847,-0.060735554434003136,-0.5,0.34285714285714286,1.0,,
RAD23B,4,4,0.16624523047696851,0.5477767416099159,-0.38153151113294737,-0.5,0.34285714285714286,1.0,,
MRPL19,4,4,0.35666596015260704,0.25398591027067113,0.10268004988193591,0.5,0.34285714285714286,1.0,,
MEAF6,4,4,0.18389681011996603,0.24454223713318662,-0.06064542701322059,-0.5,0.34285714285714286,1.0,,
TCEA2,4,4,0.6441930084793925,0.7394702379990035,-0.09527722951961093,-0.5,0.34285714285714286,1.0,,
MMP24OS,4,4,0.38196330797127215,0.41842189480474645,-0.036458586833474305,-0.5,0.34285714285714286,1.0,,
ARRB1,4,4,0.8911136890951276,0.8127442927266739,0.07836939636845364,0.5,0.34285714285714286,1.0,,
SLC48A1,4,4,0.24136207509692864,0.19991611295179812,0.04144596214513052,0.5,0.34285714285714286,1.0,,
SLMAP,4,4,0.436411567343026,0.6755320378697678,-0.2391204705267418,-0.5,0.34285714285714286,1.0,,
CLVS2,4,4,0.8177532327586207,0.916480911195769,-0.09872767843714836,-0.5,0.34285714285714286,1.0,,
TM9SF3,4,4,0.92901049551426,0.4901616899503439,0.43884880556391603,0.5,0.34285714285714286,1.0,,
HNRNPA3,4,4,0.5880583654499114,0.6296845637117161,-0.04162619826180469,-0.5,0.34285714285714286,1.0,,
HSP90B1,4,4,0.8059457450761799,0.9037559940451707,-0.09781024896899082,-0.5,0.34285714285714286,1.0,,
HSPA4,4,4,0.6876281613123718,0.7537756370560662,-0.0661474757436944,-0.5,0.34285714285714286,1.0,,
DHFR,4,4,0.0376460941028149,0.08862311604630985,-0.050977021943494946,-0.5,0.34285714285714286,1.0,,
SKP1,4,4,0.621517714556101,0.3534250174835131,0.2680926970725879,0.5,0.34285714285714286,1.0,,
PCBP2,4,4,0.9044081526502856,0.9642701694855466,-0.059862016835260934,-0.5,0.34285714285714286,1.0,,
EIF2S3,4,4,0.8485589881816298,0.335520994290879,0.5130379938907508,0.5,0.34285714285714286,1.0,,
SNCA,4,4,0.43533796613297204,0.4654786811918332,-0.03014071505886118,-0.5,0.34285714285714286,1.0,,
ATP2B1,4,4,0.6675339916214773,0.7700676823201974,-0.10253369069872009,-0.5,0.34285714285714286,1.0,,
NCOR1,4,4,0.7491242384339619,0.8304649758454106,-0.08134073741144865,-0.5,0.34285714285714286,1.0,,
RPS6,4,4,0.663280380559907,0.6250653675493067,0.03821501301060026,0.5,0.34285714285714286,1.0,,
UBQLN1,4,4,0.8304034165808909,0.8838369075457708,-0.053433490964879926,-0.5,0.34285714285714286,1.0,,
UBTF,4,4,0.18120034899205584,0.23358579822342854,-0.0523854492313727,-0.5,0.34285714285714286,1.0,,
GPM6A,4,4,0.9584090642642943,0.7947233025943004,0.16368576166999393,0.5,0.34285714285714286,1.0,,
GPR37L1,4,4,0.24021556275246125,0.3112337349890969,-0.07101817223663565,-0.5,0.34285714285714286,1.0,,
GNPTAB,4,4,0.9187717770034843,0.8517621197263767,0.06700965727710761,0.5,0.34285714285714286,1.0,,
NEBL,4,4,0.8811383266497401,0.9155409557082775,-0.034402629058537415,-0.5,0.34285714285714286,1.0,,
CRIPT,4,4,0.4017952984113353,0.3070458952811894,0.0947494031301459,0.5,0.34285714285714286,1.0,,
COPS2,4,4,0.5121158392434988,0.42152013409813194,0.09059570514536686,0.5,0.34285714285714286,1.0,,
UBE2L3,4,4,0.7444363222871995,0.8070078245865593,-0.06257150229935982,-0.5,0.34285714285714286,1.0,,
OTUB1,4,4,0.8722924514633439,0.8425053982770343,0.029787053186309587,0.5,0.34285714285714286,1.0,,
ENSG00000254698,4,4,0.7938405573709846,0.9018746511704259,-0.10803409379944129,-0.5,0.34285714285714286,1.0,,
NORAD,4,4,0.9795507113467974,0.9339731060605606,0.04557760528623678,0.5,0.34285714285714286,1.0,,
GABRB3,4,4,0.9199462552011095,0.9422426508238042,-0.022296395622694698,-0.5,0.34285714285714286,1.0,,
NAT8L,4,4,0.9446890022043396,0.7730536738720682,0.17163532833227135,0.5,0.34285714285714286,1.0,,
RPL15,4,4,0.30759715647572783,0.3878402614548371,-0.08024310497910925,-0.5,0.34285714285714286,1.0,,
SPARC,4,4,0.4032494145199063,0.6919306403883438,-0.28868122586843753,-0.5,0.34285714285714286,1.0,,
FMN2,4,4,0.7849137931034482,0.8507169117647059,-0.06580311866125765,-0.5,0.34285714285714286,1.0,,
FTH1,4,4,0.9139908052255081,0.8535604045952011,0.060430400630307024,0.5,0.34285714285714286,1.0,,
SPTBN1,4,4,0.9583725500336142,0.9780818014910538,-0.019709251457439625,-0.5,0.34285714285714286,1.0,,
COPZ1,4,4,0.5830457786979526,0.5346617959853461,0.048383982712606466,0.5,0.34285714285714286,1.0,,
CPEB4,4,4,0.9316175534217965,0.9528149243163001,-0.021197370894503575,-0.5,0.34285714285714286,1.0,,
NUDT3,4,4,0.7483573799363272,0.8468220941812491,-0.09846471424492187,-0.5,0.34285714285714286,1.0,,
FAM162A,4,4,0.2804703669773687,0.327460067313179,-0.04698970033581029,-0.5,0.34285714285714286,1.0,,
FAM177A1,4,4,0.611544130151352,0.8787935365605268,-0.26724940640917483,-0.5,0.34285714285714286,1.0,,
SOBP,4,4,0.29935861158272026,0.9284231825066263,-0.629064570923906,-0.5,0.34285714285714286,1.0,,
RAB1A,4,4,0.19508054294942556,0.22348041204202163,-0.028399869092596064,-0.5,0.34285714285714286,1.0,,
CTNNA2,4,4,0.8235848411889016,0.9148723096389466,-0.09128746845004498,-0.5,0.34285714285714286,1.0,,
NSD3,4,4,0.674958530898393,0.8017826317318704,-0.1268241008334774,-0.5,0.34285714285714286,1.0,,
TOLLIP,4,4,0.719577802089884,0.6222057573191784,0.0973720447707056,0.5,0.34285714285714286,1.0,,
BRWD1,4,4,0.23152981565086533,0.17389729353738456,0.05763252211348077,0.5,0.34285714285714286,1.0,,
REEP5,4,4,0.8682744648033054,0.7899257472654403,0.0783487175378651,0.5,0.34285714285714286,1.0,,
RETREG1,4,4,0.8911900065746219,0.8471595790378007,0.04403042753682118,0.5,0.34285714285714286,1.0,,
PA2G4,4,4,0.637382480295138,0.8106219196325797,-0.17323943933744168,-0.5,0.34285714285714286,1.0,,
PAFAH1B1,4,4,0.9200341565636023,0.9693204478010199,-0.04928629123741757,-0.5,0.34285714285714286,1.0,,
CYCS,4,4,0.8647745916116523,0.9257706775044316,-0.060996085892779384,-0.5,0.34285714285714286,1.0,,
DCTN5,4,4,0.7424280879864636,0.7808893280632412,-0.038461240076777536,-0.5,0.34285714285714286,1.0,,
SELENOT,4,4,0.4908207807143977,0.5231089859298291,-0.03228820521543141,-0.5,0.34285714285714286,1.0,,
ANKRD12,4,4,0.304932314446336,0.3656882352893227,-0.0607559208429867,-0.5,0.34285714285714286,1.0,,
MAP1B,4,4,0.48821056390025674,0.6677338075747346,-0.1795232436744778,-0.5,0.34285714285714286,1.0,,
CD59,4,4,0.777076941688366,0.716490239117751,0.06058670257061505,0.5,0.34285714285714286,1.0,,
CDC42,4,4,0.8863206532494686,0.6773580326862527,0.2089626205632159,0.5,0.34285714285714286,1.0,,
CDIP1,4,4,0.07343617973370932,0.06135491164294798,0.012081268090761342,0.5,0.34285714285714286,1.0,,
PRELP,4,4,0.36250657054892244,0.44522670312143997,-0.08272013257251754,-0.5,0.34285714285714286,1.0,,
PRKCB,3,3,0.6141857506361323,0.7505910165484634,-0.13640526591233104,-0.5555555555555556,0.4,1.0,,
CDS2,3,3,0.8994845360824743,0.930672268907563,-0.0311877328250888,-0.5555555555555556,0.4,1.0,,
CDKL5,3,3,0.4469026548672566,0.3578606158833063,0.0890420389839503,0.5555555555555556,0.4,1.0,,
CDC40,3,3,0.6921348314606741,0.825735992402659,-0.13360116094198493,-0.5555555555555556,0.4,1.0,,
CCP110,3,3,0.8344549125168237,0.7991913746630728,0.035263537853750915,0.5555555555555556,0.4,1.0,,
SLC25A36,3,3,0.917098445595855,0.9482758620689655,-0.031177416473110564,-0.5555555555555556,0.4,1.0,,
LRP1B,3,3,0.6024096385542169,0.7068235294117647,-0.10441389085754782,-0.5555555555555556,0.4,1.0,,
LPGAT1,3,3,0.8325358851674641,0.9235349420244438,-0.09099905685697962,-0.5555555555555556,0.4,1.0,,
ZC3H6,3,3,0.11514392991239049,0.653179190751445,-0.5380352608390545,-0.5555555555555556,0.4,1.0,,
ACSL6,3,3,0.8688327316486161,0.8154506437768241,0.053382087871791994,0.5555555555555556,0.4,1.0,,
SEPHS1,3,3,0.678391959798995,0.5794871794871795,0.09890478031181549,0.5555555555555556,0.4,1.0,,
SEC61A2,3,3,0.6972222222222222,0.7280530628170113,-0.030830840594789133,-0.5555555555555556,0.4,1.0,,
MAP1LC3B,3,3,0.7605473204104903,0.7474204643164231,0.013126856094067274,0.5555555555555556,0.4,1.0,,
MAP3K2,3,3,0.648936170212766,0.6685592618878637,-0.019623091675097792,-0.5555555555555556,0.4,1.0,,
ZBTB20,3,3,0.7307692307692307,0.7800687285223368,-0.04929949775310605,-0.5555555555555556,0.4,1.0,,
ZBTB4,3,3,0.7744807121661721,0.8071581196581197,-0.032677407491947585,-0.5555555555555556,0.4,1.0,,
SLC25A26,3,3,0.1541501976284585,0.1287375415282392,0.025412656100219283,0.5555555555555556,0.4,1.0,,
CWF19L2,3,3,0.528169014084507,0.696,-0.16783098591549295,-0.5555555555555556,0.4,1.0,,
RDX,3,3,0.6751361161524501,0.7530666666666667,-0.0779305505142166,-0.5555555555555556,0.4,1.0,,
DCUN1D1,3,3,0.2727272727272727,0.7777777777777778,-0.5050505050505051,-0.5555555555555556,0.4,1.0,,
SCN8A,3,3,0.9009584664536742,0.8967213114754098,0.004237154978264379,0.5555555555555556,0.4,1.0,,
SEMA6A,3,3,0.5118110236220472,0.48755490483162517,0.024256118790422054,0.5555555555555556,0.4,1.0,,
FBXO32,3,3,0.8898305084745762,0.5525423728813559,0.33728813559322035,0.5555555555555556,0.4,1.0,,
FBXO33,3,3,0.5882352941176471,0.7245215843346684,-0.13628629021702132,-0.5555555555555556,0.4,1.0,,
TRAK1,3,3,0.8551136363636364,0.9088235294117647,-0.05370989304812834,-0.5555555555555556,0.4,1.0,,
PAIP1,3,3,0.8963815789473685,0.9351032448377581,-0.03872166589038961,-0.5555555555555556,0.4,1.0,,
CUL3,3,3,0.16993464052287582,0.4156746031746032,-0.24573996265172737,-0.5555555555555556,0.4,1.0,,
ERBIN,3,3,0.8365384615384616,0.9103641456582633,-0.07382568411980173,-0.5555555555555556,0.4,1.0,,
FAM107B,3,3,0.8986486486486487,0.9160063391442155,-0.01735769049556679,-0.5555555555555556,0.4,1.0,,
EXOSC6,3,3,0.6968390804597702,0.7210358927760109,-0.024196812316240712,-0.5555555555555556,0.4,1.0,,
PCGF3,3,3,0.8014705882352942,0.7328767123287672,0.06859387590652699,0.5555555555555556,0.4,1.0,,
TOGARAM1,3,3,0.8260869565217391,0.9064748201438849,-0.08038786362214578,-0.5555555555555556,0.4,1.0,,
FMR1,3,3,0.7718832891246684,0.9694464414090582,-0.1975631522843898,-0.5555555555555556,0.4,1.0,,
NLN,3,3,0.5544554455445545,0.8715596330275229,-0.3171041874829684,-0.5555555555555556,0.4,1.0,,
NIN,3,3,0.8857142857142857,0.9309090909090909,-0.04519480519480523,-0.5555555555555556,0.4,1.0,,
FRMD5,3,3,0.5956521739130435,0.7877747252747253,-0.19212255136168177,-0.5555555555555556,0.4,1.0,,
PPP2R2C,3,3,0.8626334519572953,0.906232132647227,-0.04359868068993167,-0.5555555555555556,0.4,1.0,,
PLCL1,3,3,0.7848101265822784,0.4085603112840467,0.37624981529823176,0.5555555555555556,0.4,1.0,,
CPD,3,3,0.8538812785388128,0.5666666666666667,0.28721461187214614,0.5555555555555556,0.4,1.0,,
FBXO11,3,3,0.952088452088452,0.9301268245991864,0.021961627489265667,0.5555555555555556,0.4,1.0,,
SRSF1,3,3,0.2647058823529412,0.30268510984540276,-0.037979227492461576,-0.5555555555555556,0.4,1.0,,
B4GALNT1,3,3,0.5598455598455598,0.514524472741743,0.04532108710381688,0.5555555555555556,0.4,1.0,,
ATP9A,3,3,0.919062832800852,0.923707054652158,-0.004644221851305974,-0.5555555555555556,0.4,1.0,,
ASB6,3,3,0.4068965517241379,0.3180616740088106,0.08883487771532733,0.5555555555555556,0.4,1.0,,
GSK3B,3,3,0.6143572621035058,0.9581529581529582,-0.34379569604945237,-0.5555555555555556,0.4,1.0,,
TPM4,3,3,0.8926701570680629,0.8143236074270557,0.07834654964100718,0.5555555555555556,0.4,1.0,,
COPG2IT1,3,3,0.9573842762674504,0.9750146972369195,-0.017630420969469096,-0.5555555555555556,0.4,1.0,,
OPTN,3,3,0.8105263157894737,0.8982772764561116,-0.0877509606666379,-0.5555555555555556,0.4,1.0,,
CAMK2G,3,3,0.9266943291839558,0.9536604987932421,-0.026966169609286328,-0.5555555555555556,0.4,1.0,,
PALS2,3,3,0.5490566037735849,0.6729254996971532,-0.12386889592356831,-0.5555555555555556,0.4,1.0,,
ENSG00000263244,3,3,0.5182795698924731,0.6488418644552474,-0.13056229456277424,-0.5555555555555556,0.4,1.0,,
COL18A1,3,3,0.49019607843137253,0.4596774193548387,0.03051865907653384,0.5555555555555556,0.4,1.0,,
TPGS2,3,3,0.17320261437908496,0.0997624703087886,0.07344014407029636,0.5555555555555556,0.4,1.0,,
GABRA2,3,3,0.709731543624161,0.8350617283950618,-0.12533018477090074,-0.5555555555555556,0.4,1.0,,
NMT2,3,3,0.8818565400843882,0.33043478260869563,0.5514217574756926,0.5555555555555556,0.4,1.0,,
NOLC1,3,3,0.7945205479452054,0.9363172123760889,-0.14179666443088346,-0.5555555555555556,0.4,1.0,,
GRM5,3,3,0.9321148825065274,0.952286282306163,-0.02017139979963556,-0.5555555555555556,0.4,1.0,,
GLS,3,3,0.920655737704918,0.9357707509881423,-0.015115013283224288,-0.5555555555555556,0.4,1.0,,
NR3C1,3,3,0.9507874015748031,0.9290420679168778,0.021745333657925303,0.5555555555555556,0.4,1.0,,
GNG7,3,3,0.6951219512195121,0.7111821086261981,-0.016060157406685982,-0.5555555555555556,0.4,1.0,,
TMBIM4,3,3,0.3631578947368421,0.45857418111753373,-0.0954162863806916,-0.5555555555555556,0.4,1.0,,
TMEM245,3,3,0.9492753623188406,0.9048780487804878,0.044397313538352745,0.5555555555555556,0.4,1.0,,
BAZ2B,3,3,0.5425531914893617,0.8974358974358975,-0.3548827059465358,-0.5555555555555556,0.4,1.0,,
RNF24,3,3,0.5695067264573991,0.9007569386038689,-0.33125021214646977,-0.5555555555555556,0.4,1.0,,
RPLP2,3,3,0.6770910896003971,0.575402747484024,0.10168834211637312,0.5555555555555556,0.4,1.0,,
GRB2,3,3,0.7751937984496124,0.7217496962332929,0.05344410221631957,0.5555555555555556,0.4,1.0,,
GSTM4,3,3,0.13654618473895583,0.07670928293496387,0.059836901803991954,0.5555555555555556,0.4,1.0,,
HAGH,3,3,0.026748971193415638,0.041666666666666664,-0.014917695473251027,-0.5555555555555556,0.4,1.0,,
TMEM9,3,3,0.847887323943662,0.9073684210526316,-0.05948109710896965,-0.5555555555555556,0.4,1.0,,
SPPL3,3,3,0.20327868852459016,0.6987759446514104,-0.49549725612682016,-0.5555555555555556,0.4,1.0,,
CSNK1A1,3,3,0.6317254174397031,0.5721854304635762,0.059539986976126946,0.5555555555555556,0.4,1.0,,
RPS7,3,3,0.6727192205491586,0.6270320483046912,0.04568717224446739,0.5555555555555556,0.4,1.0,,
NDUFA9,3,3,0.10634648370497427,0.13354806739345887,-0.027201583688484604,-0.5555555555555556,0.4,1.0,,
CTDSPL,3,3,0.7882882882882883,0.8573141486810552,-0.06902586039276681,-0.5555555555555556,0.4,1.0,,
UBE2J2,3,3,0.6197183098591549,0.5589225589225589,0.06079575093659595,0.5555555555555556,0.4,1.0,,
UBE2J1,3,3,0.5568181818181818,0.9142212189616253,-0.35740303714344357,-0.5555555555555556,0.4,1.0,,
KIDINS220,3,3,0.10981308411214953,0.2800171526586621,-0.1702040685465126,-0.5555555555555556,0.4,1.0,,
MAPK8,3,3,0.59375,0.7962264150943397,-0.20247641509433967,-0.5555555555555556,0.4,1.0,,
MCF2L2,3,3,0.8108108108108109,0.7261904761904762,0.08462033462033469,0.5555555555555556,0.4,1.0,,
MCTP1,3,3,0.7368421052631579,0.3659574468085106,0.37088465845464724,0.5555555555555556,0.4,1.0,,
ABI2,3,3,0.9485488126649076,0.9596602972399151,-0.011111484575007435,-0.5555555555555556,0.4,1.0,,
PIK3C3,3,3,0.6680851063829787,0.865979381443299,-0.1978942750603203,-0.5555555555555556,0.4,1.0,,
DPYSL3,3,3,0.8816901408450705,0.8946053946053946,-0.012915253760324097,-0.5555555555555556,0.4,1.0,,
PIGK,3,3,0.4430379746835443,0.45741324921135645,-0.014375274527812176,-0.5555555555555556,0.4,1.0,,
C22orf39,3,3,0.6437659033078881,0.6270142180094787,0.016751685298409424,0.5555555555555556,0.4,1.0,,
RSKR,3,3,0.5138888888888888,0.676923076923077,-0.16303418803418812,-0.5555555555555556,0.4,1.0,,
YWHAG,3,3,0.9725200060395591,0.9700545965918491,0.0024654094477100097,0.5555555555555556,0.4,1.0,,
CADM3,3,3,0.9016100178890877,0.3795955882352941,0.5220144296537936,0.5555555555555556,0.4,1.0,,
C1orf52,3,3,0.175,0.12903225806451613,0.04596774193548386,0.5555555555555556,0.4,1.0,,
C19orf12,3,3,0.34108527131782945,0.28589108910891087,0.055194182208918585,0.5555555555555556,0.4,1.0,,
CACYBP,3,3,0.8058441558441558,0.8326580608687458,-0.026813905024590023,-0.5555555555555556,0.4,1.0,,
PSPC1,3,3,0.4315245478036176,0.3092936802973978,0.12223086750621981,0.5555555555555556,0.4,1.0,,
DNAJC10,3,3,0.7352941176470589,0.2225475841874085,0.5127465334596504,0.5555555555555556,0.4,1.0,,
PHF20,3,3,0.8642297650130548,0.9143167028199566,-0.050086937806901766,-0.5555555555555556,0.4,1.0,,
PSMC2,3,3,0.9274193548387096,0.2933070866141732,0.6341122682245364,0.5555555555555556,0.4,1.0,,
CFL2,3,3,0.3178294573643411,0.3618700667880996,-0.04404060942375848,-0.5555555555555556,0.4,1.0,,
PPP1R12A,3,3,0.7975133214920072,0.7228228228228228,0.07469049866918431,0.5555555555555556,0.4,1.0,,
MOCS2,3,3,0.11023622047244094,0.8240740740740741,-0.7138378536016331,-0.5555555555555556,0.4,1.0,,
MSL1,3,3,0.6666666666666666,0.6382521489971347,0.028414517669531958,0.5555555555555556,0.4,1.0,,
TCEA1,3,3,0.7168674698795181,0.7605725439167209,-0.04370507403720281,-0.5555555555555556,0.4,1.0,,
MPC2,3,3,0.3497942386831276,0.7894449499545041,-0.4396507112713765,-0.5555555555555556,0.4,1.0,,
SFXN1,3,3,0.595,0.6592920353982301,-0.06429203539823014,-0.5555555555555556,0.4,1.0,,
SGIP1,3,3,0.6904761904761905,0.611492281303602,0.07898390917258846,0.5555555555555556,0.4,1.0,,
MON2,3,3,0.45161290322580644,0.34438775510204084,0.1072251481237656,0.5555555555555556,0.4,1.0,,
CNPY2,3,3,0.5161839863713799,0.43977591036414565,0.0764080760072342,0.5555555555555556,0.4,1.0,,
CLPX,3,3,0.6128048780487805,0.6294027565084227,-0.016597878459642224,-0.5555555555555556,0.4,1.0,,
THRA,3,3,0.987072945521699,0.8700964630225081,0.1169764824991909,0.5555555555555556,0.4,1.0,,
TGOLN2,3,3,0.9251336898395722,0.9630996309963099,-0.03796594115673768,-0.5555555555555556,0.4,1.0,,
CLTA,3,3,0.9332472006890612,0.9411268962196003,-0.007879695530539133,-0.5555555555555556,0.4,1.0,,
SLITRK1,3,3,0.6554621848739496,0.7228739002932552,-0.06741171541930557,-0.5555555555555556,0.4,1.0,,
SLITRK4,3,3,0.3471264367816092,0.5037974683544304,-0.1566710315728212,-0.5555555555555556,0.4,1.0,,
SLC8A2,3,3,0.42280285035629456,0.41829085457271364,0.004511995783580913,0.5555555555555556,0.4,1.0,,
SYNRG,3,3,0.49,0.5258215962441315,-0.035821596244131504,-0.5555555555555556,0.4,1.0,,
MYT1L,3,3,0.9721946375372393,0.9805274833620902,-0.008332845824850832,-0.5555555555555556,0.4,1.0,,
MYO9A,3,3,0.7,0.8397291196388262,-0.13972911963882628,-0.5555555555555556,0.4,1.0,,
TM7SF3,3,3,0.4708423326133909,0.4357410881801126,0.035101244433278334,0.5555555555555556,0.4,1.0,,
PMP2,3,3,0.4898419864559819,0.6683168316831684,-0.17847484522718643,-0.5555555555555556,0.4,1.0,,
NAPB,3,3,0.8888206388206388,0.9898382589550343,-0.10101762013439552,-0.5555555555555556,0.4,1.0,,
HSPA5,3,3,0.03287310979618672,0.04613406204790227,-0.01326095225171555,-0.5555555555555556,0.4,1.0,,
HNRNPD,3,3,0.7347417840375586,0.9090909090909091,-0.17434912505335043,-0.5555555555555556,0.4,1.0,,
DGCR6,3,3,0.7687595712098009,0.8358161648177496,-0.06705659360794869,-0.5555555555555556,0.4,1.0,,
DGCR5,3,3,0.2612359550561798,0.2087912087912088,0.052444746264971004,0.5555555555555556,0.4,1.0,,
POP4,3,3,0.12735849056603774,0.15602836879432624,-0.02866987822828851,-0.5555555555555556,0.4,1.0,,
ELP1,3,3,0.184,0.2635431918008785,-0.07954319180087849,-0.5555555555555556,0.4,1.0,,
SMYD3,3,3,0.7181818181818181,0.9093406593406593,-0.1911588411588412,-0.5555555555555556,0.4,1.0,,
EMC2,3,3,0.48929159802306427,0.8553326293558606,-0.36604103133279636,-0.5555555555555556,0.4,1.0,,
RIC3,3,3,0.5135135135135135,0.5771715721464465,-0.06365805863293306,-0.5555555555555556,0.4,1.0,,
TRIM44,3,3,0.8407789232531501,0.8892278360343184,-0.04844891278116836,-0.5555555555555556,0.4,1.0,,
EIF2S2,3,3,0.6756756756756757,0.7656170644997461,-0.08994138882407043,-0.5555555555555556,0.4,1.0,,
ZNF532,3,3,0.6885245901639344,0.9283634245777519,-0.23983883441381748,-0.5555555555555556,0.4,1.0,,
ACTR3,3,3,0.08756345177664974,0.12128043282236249,-0.033716981045712746,-0.5555555555555556,0.4,1.0,,
ZBTB1,3,3,0.7156862745098039,0.5446428571428571,0.17104341736694684,0.5555555555555556,0.4,1.0,,
PFKFB2,3,3,0.5486111111111112,0.39316239316239315,0.155448717948718,0.5555555555555556,0.4,1.0,,
SCN3A,3,3,0.7659033078880407,0.7973568281938326,-0.03145352030579185,-0.5555555555555556,0.4,1.0,,
ADD3,3,3,0.943754565376187,0.8510028653295129,0.0927517000466741,0.5555555555555556,0.4,1.0,,
ZNF106,3,3,0.8021978021978022,0.9343702579666161,-0.13217245576881387,-0.5555555555555556,0.4,1.0,,
UBAP2,3,3,0.46078431372549017,0.6113695090439276,-0.15058519531843745,-0.5555555555555556,0.4,1.0,,
AGAP2,3,3,0.2621951219512195,0.8951156812339331,-0.6329205592827136,-0.5555555555555556,0.4,1.0,,
ANXA11,3,3,0.1794871794871795,0.13183730715287517,0.047649872334304316,0.5555555555555556,0.4,1.0,,
KCND3,3,3,0.7513611615245009,0.8667883211678832,-0.11542715964338224,-0.5555555555555556,0.4,1.0,,
SSB,3,3,0.8582333696837514,0.822265625,0.03596774468375141,0.5555555555555556,0.4,1.0,,
USP33,3,3,0.835820895522388,0.9528741584671155,-0.11705326294472751,-0.5555555555555556,0.4,1.0,,
PSME3IP1,3,3,0.48654708520179374,0.6760655737704918,-0.18951848856869807,-0.5555555555555556,0.4,1.0,,
PSMF1,3,3,0.25461254612546125,0.2718204488778055,-0.01720790275234424,-0.5555555555555556,0.4,1.0,,
MIR99AHG,3,3,0.5857142857142857,0.22857142857142856,0.3571428571428572,0.5555555555555556,0.4,1.0,,
TENM2,3,3,0.8647798742138365,0.897119341563786,-0.032339467349949524,-0.5555555555555556,0.4,1.0,,
KCNT1,3,3,0.13611615245009073,0.10920897284533648,0.02690717960475425,0.5555555555555556,0.4,1.0,,
JPX,3,3,0.5506329113924051,0.6645161290322581,-0.11388321763985298,-0.5555555555555556,0.4,1.0,,
BDP1,4,4,0.3831247542917049,0.5840221697806838,-0.20089741548897888,-0.375,0.4857142857142857,1.0,,
GFAP,4,4,0.9738707345727374,0.970227996567208,0.003642738005529389,0.375,0.4857142857142857,1.0,,
ENSG00000263494,4,4,0.3682566049675684,0.45538241886654895,-0.08712581389898055,-0.375,0.4857142857142857,1.0,,
BAIAP2,4,4,0.6357996284365359,0.6884328690035033,-0.05263324056696739,-0.375,0.4857142857142857,1.0,,
CNTNAP2,4,4,0.831617632332619,0.9000553869221077,-0.06843775458948875,-0.375,0.4857142857142857,1.0,,
TMOD2,4,4,0.9187129497196417,0.9502281891803341,-0.03151523946069246,-0.375,0.4857142857142857,1.0,,
NEFL,4,4,0.7425119712689545,0.9283255352876645,-0.18581356401870996,-0.375,0.4857142857142857,1.0,,
TMEM50B,4,4,0.5394956667014723,0.13546929630749432,0.404026370393978,0.375,0.4857142857142857,1.0,,
GPM6B,4,4,0.5071302671460073,0.5394259340639063,-0.03229566691789898,-0.375,0.4857142857142857,1.0,,
ATG12,4,4,0.6178501755754975,0.5776843285674236,0.04016584700807391,0.375,0.4857142857142857,1.0,,
NEGR1,4,4,0.8734875251957062,0.7613469112846726,0.11214061391103358,0.375,0.4857142857142857,1.0,,
GTF2H5,4,4,0.14728370580774247,0.11785715035301039,0.02942655545473208,0.375,0.4857142857142857,1.0,,
WAPL,4,4,0.6649197860962567,0.6990429773603875,-0.03412319126413077,-0.375,0.4857142857142857,1.0,,
RBM39,4,4,0.7470990235847363,0.8273283754787684,-0.08022935189403202,-0.375,0.4857142857142857,1.0,,
PRPF4B,4,4,0.45264365533173745,0.3755373232730203,0.07710633205871714,0.375,0.4857142857142857,1.0,,
CAPZA2,4,4,0.39212182009427715,0.6892414643819457,-0.2971196442876685,-0.375,0.4857142857142857,1.0,,
PCM1,4,4,0.8760888501742161,0.8136371097651237,0.062451740409092404,0.375,0.4857142857142857,1.0,,
BRD4,4,4,0.5913257359285531,0.638891546473465,-0.047565810544911935,-0.375,0.4857142857142857,1.0,,
CTNND2,4,4,0.9660065219120337,0.9811807412395401,-0.0151742193275064,-0.375,0.4857142857142857,1.0,,
PCF11,4,4,0.6163998851523526,0.7118356017451551,-0.09543571659280259,-0.375,0.4857142857142857,1.0,,
CCDC92,4,4,0.9305533596837945,0.9703349859338889,-0.039781626250094404,-0.375,0.4857142857142857,1.0,,
SLC25A3,4,4,0.4199657452977167,0.3047528135377188,0.11521293175999786,0.375,0.4857142857142857,1.0,,
LANCL1,4,4,0.49450337898810837,0.9497186000946747,-0.4552152211065663,-0.375,0.4857142857142857,1.0,,
CYFIP2,4,4,0.3753847243383124,0.42536947874761866,-0.049984754409306276,-0.375,0.4857142857142857,1.0,,
MAP6,4,4,0.7100007820185132,0.7382277847967993,-0.028227002778286048,-0.375,0.4857142857142857,1.0,,
KIF5A,4,4,0.8824338800419065,0.9492422741901865,-0.06680839414827999,-0.375,0.4857142857142857,1.0,,
KLHL24,4,4,0.22331223830503658,0.6905312392038057,-0.4672190008987691,-0.375,0.4857142857142857,1.0,,
ZEB2,4,4,0.6009952229299362,0.8718156734409519,-0.27082045051101566,-0.375,0.4857142857142857,1.0,,
PPP1R21,4,4,0.9165463007542931,0.8732286568039744,0.043317643950318674,0.375,0.4857142857142857,1.0,,
PPP2CA,4,4,0.32191565871199734,0.27138750399179656,0.05052815472020078,0.375,0.4857142857142857,1.0,,
FAM200B,4,4,0.28744256118158057,0.36054393856612543,-0.07310137738454486,-0.375,0.4857142857142857,1.0,,
OBSL1,4,4,0.5790951539626452,0.5443780915323049,0.03471706243034034,0.375,0.4857142857142857,1.0,,
SPAG9,4,4,0.7800246120473886,0.8116392499363922,-0.03161463788900365,-0.375,0.4857142857142857,1.0,,
SPTAN1,4,4,0.9559551124688832,0.9684847719019749,-0.0125296594330917,-0.375,0.4857142857142857,1.0,,
NBL1,4,4,0.22003107726010648,0.25878613933221845,-0.03875506207211196,-0.375,0.4857142857142857,1.0,,
NBEA,4,4,0.8450936663693132,0.8804118560463191,-0.03531818967700595,-0.375,0.4857142857142857,1.0,,
TRIM9,4,4,0.7586381147746035,0.7514343715817355,0.007203743192867984,0.375,0.4857142857142857,1.0,,
TRIP12,4,4,0.608793477292304,0.4362000744973188,0.17259340279498525,0.375,0.4857142857142857,1.0,,
P2RX7,4,4,0.7395342465753425,0.8387423103212577,-0.09920806374591518,-0.375,0.4857142857142857,1.0,,
ENSG00000278996,4,4,0.65808159136638,0.5227374653082648,0.1353441260581152,0.375,0.4857142857142857,1.0,,
CALU,4,4,0.7845808108603927,0.3236498950448445,0.4609309158155482,0.375,0.4857142857142857,1.0,,
OXR1,4,4,0.8841010635141142,0.9115223160878587,-0.027421252573744503,-0.375,0.4857142857142857,1.0,,
TPM3,4,4,0.7253233632309719,0.7663068315668361,-0.04098346833586419,-0.375,0.4857142857142857,1.0,,
RPL14,4,4,0.029003948134704145,0.5906593046872017,-0.5616553565524975,-0.375,0.4857142857142857,1.0,,
RPL3,4,4,0.7854790352556087,0.8554242497094438,-0.06994521445383506,-0.375,0.4857142857142857,1.0,,
RPL7L1,4,4,0.7425168684094531,0.8771179567988037,-0.1346010883893506,-0.375,0.4857142857142857,1.0,,
NCOA1,4,4,0.7945022883295194,0.8445957014904111,-0.050093413160891664,-0.375,0.4857142857142857,1.0,,
NCAM1,4,4,0.7869231553342807,0.8582033641464142,-0.07128020881213348,-0.375,0.4857142857142857,1.0,,
NDFIP1,4,4,0.9366582852027194,0.6932526653586977,0.24340561984402176,0.375,0.4857142857142857,1.0,,
ASB3,4,4,0.6208304577869795,0.57128662822613,0.04954382956084957,0.375,0.4857142857142857,1.0,,
GSTM3,4,4,0.49717250691952464,0.42094085051413,0.07623165640539464,0.375,0.4857142857142857,1.0,,
UBE2N,4,4,0.5073411790223776,0.6258614187223911,-0.11852023970001346,-0.375,0.4857142857142857,1.0,,
GSPT1,4,4,0.7081090174966352,0.6536203901573376,0.0544886273392976,0.375,0.4857142857142857,1.0,,
TNIK,4,4,0.7234175319488818,0.803030303030303,-0.07961277108142117,-0.375,0.4857142857142857,1.0,,
CHN1,4,4,0.8639637657234129,0.7859217803731071,0.07804198535030582,0.375,0.4857142857142857,1.0,,
IDS,4,4,0.900650843065691,0.5013126067284154,0.3993382363372756,0.375,0.4857142857142857,1.0,,
TIAL1,4,4,0.4862355110642782,0.4903966880450643,-0.004161176980786108,-0.375,0.4857142857142857,1.0,,
ASPH,4,4,0.37168653836639787,0.3332128146777544,0.03847372368864349,0.375,0.4857142857142857,1.0,,
SLK,4,4,0.780814277746793,0.8605547622878288,-0.07974048454103577,-0.375,0.4857142857142857,1.0,,
SLC44A1,4,4,0.7988587821163265,0.8293593651316693,-0.030500583015342753,-0.375,0.4857142857142857,1.0,,
PCYT2,4,4,0.15761737464068987,0.12559815110198075,0.03201922353870912,0.375,0.4857142857142857,1.0,,
CADM2,4,4,0.8489665060336931,0.870977215313358,-0.022010709279664975,-0.375,0.4857142857142857,1.0,,
RANBP3L,4,4,0.7895875970503199,0.8223846153846154,-0.03279701833429549,-0.375,0.4857142857142857,1.0,,
PPP1CB,4,4,0.26203444378673885,0.29304159550244613,-0.031007151715707282,-0.375,0.4857142857142857,1.0,,
TBRG1,4,4,0.639806559583579,0.8071070398890552,-0.16730048030547617,-0.375,0.4857142857142857,1.0,,
ARPP21,4,4,0.7004070126993714,0.49614217578969205,0.2042648369096794,0.375,0.4857142857142857,1.0,,
SESTD1,4,4,0.6669746276889135,0.7390672995229071,-0.0720926718339936,-0.375,0.4857142857142857,1.0,,
YWHAZ,4,4,0.6110432750646297,0.7133538298050786,-0.10231055474044881,-0.375,0.4857142857142857,1.0,,
EIF3J,4,4,0.5240779081358791,0.6473370584897044,-0.12325915035382529,-0.375,0.4857142857142857,1.0,,
ATP2C1,4,4,0.571196796006872,0.6450756548458143,-0.0738788588389423,-0.375,0.4857142857142857,1.0,,
ATP6V1C1,4,4,0.86200270509771,0.7318939833415694,0.13010872175614063,0.375,0.4857142857142857,1.0,,
ITSN1,4,4,0.7997696210395526,0.7498777751991954,0.04989184584035722,0.375,0.4857142857142857,1.0,,
YWHAB,4,4,0.9379199791466122,0.8930392708717996,0.04488070827481261,0.375,0.4857142857142857,1.0,,
JUN,4,4,0.33959284627092845,0.45709090189714974,-0.11749805562622129,-0.375,0.4857142857142857,1.0,,
SAR1A,4,4,0.23156884924328117,0.5616217682056923,-0.3300529189624112,-0.375,0.4857142857142857,1.0,,
MKLN1,4,4,0.7582304526748971,0.824109326152227,-0.0658788734773299,-0.375,0.4857142857142857,1.0,,
SCAPER,4,4,0.5309712230215827,0.4787474747176155,0.052223748303967255,0.375,0.4857142857142857,1.0,,
SBDS,4,4,0.8874151852875257,0.9099507787644494,-0.022535593476923688,-0.375,0.4857142857142857,1.0,,
KIAA0408,4,4,0.5472910263822536,0.6950136090258572,-0.1477225826436036,-0.375,0.4857142857142857,1.0,,
WNK2,4,4,0.3706953642384106,0.59519772553485,-0.22450236129643936,-0.375,0.4857142857142857,1.0,,
SV2B,4,4,0.28526666497113357,0.7995133181626557,-0.5142466531915222,-0.375,0.4857142857142857,1.0,,
LINC00667,4,4,0.4173913043478261,0.5791782199088713,-0.16178691556104519,-0.375,0.4857142857142857,1.0,,
MAP7,4,4,0.595299417274915,0.7322407423168642,-0.13694132504194922,-0.375,0.4857142857142857,1.0,,
KIF3C,4,4,0.837404228081405,0.8519642831377621,-0.014560055056357046,-0.375,0.4857142857142857,1.0,,
LMO4,4,4,0.08731055311533459,0.16455394369627355,-0.07724339058093896,-0.375,0.4857142857142857,1.0,,
SRSF5,4,4,0.8790702982349361,0.9090257023809077,-0.029955404145971642,-0.375,0.4857142857142857,1.0,,
YAF2,4,4,0.5031469825990373,0.7038429684141314,-0.20069598581509407,-0.375,0.4857142857142857,1.0,,
EIF2S1,4,4,0.36908960203998586,0.4786048419472517,-0.10951523990726586,-0.375,0.4857142857142857,1.0,,
AGAP1,4,4,0.8825955548516524,0.9505865986711368,-0.0679910438194844,-0.375,0.4857142857142857,1.0,,
AGTPBP1,4,4,0.7762352941176471,0.8320694289795414,-0.05583413486189426,-0.375,0.4857142857142857,1.0,,
UBE2H,4,4,0.7004846751286177,0.675782822844194,0.024701852284423675,0.375,0.4857142857142857,1.0,,
ADCY1,4,4,0.869176655830963,0.971776250095263,-0.10259959426429999,-0.375,0.4857142857142857,1.0,,
ZNF429,4,4,0.3284028324154209,0.45234183862992994,-0.12393900621450904,-0.375,0.4857142857142857,1.0,,
AIMP1,4,4,0.5768002028397565,0.6530678495921628,-0.07626764675240627,-0.375,0.4857142857142857,1.0,,
SCG3,4,4,0.7546995572422517,0.8397409064255172,-0.08504134918326556,-0.375,0.4857142857142857,1.0,,
AMD1,4,4,0.554954954954955,0.6403579264248176,-0.08540297146986264,-0.375,0.4857142857142857,1.0,,
ZRANB1,4,4,0.6300841655927836,0.6962120796908826,-0.06612791409809904,-0.25,0.6857142857142857,1.0,,
ZNF148,4,4,0.6063852813852814,0.6668233408588313,-0.060438059473549965,-0.25,0.6857142857142857,1.0,,
ZBTB47,4,4,0.5844276303296767,0.5690877591792386,0.015339871150438111,0.25,0.6857142857142857,1.0,,
SDCCAG8,4,4,0.46314672259021505,0.5012216428073205,-0.03807492021710546,-0.25,0.6857142857142857,1.0,,
ANAPC16,4,4,0.7229279338516923,0.7939348975635818,-0.07100696371188953,-0.25,0.6857142857142857,1.0,,
AKAP6,4,4,0.7592710387379937,0.5373786291658103,0.22189240957218348,0.25,0.6857142857142857,1.0,,
ACSL3,4,4,0.7701687855057966,0.8154950282086482,-0.04532624270285157,-0.25,0.6857142857142857,1.0,,
MARCHF6,4,4,0.652680742686842,0.7020436712771898,-0.049362928590347854,-0.25,0.6857142857142857,1.0,,
MAPK10,4,4,0.3842779940374377,0.3768997078592029,0.007378286178234772,0.25,0.6857142857142857,1.0,,
KIF2A,4,4,0.6236590389661691,0.7321146052245358,-0.10845556625836661,-0.25,0.6857142857142857,1.0,,
KIF21A,4,4,0.7435472953087292,0.8475604174839223,-0.1040131221751931,-0.25,0.6857142857142857,1.0,,
VAMP2,4,4,0.5953439688824318,0.6558437305795237,-0.060499761697091925,-0.25,0.6857142857142857,1.0,,
RALYL,4,4,0.8837672073054381,0.9478242626677107,-0.06405705536227257,-0.25,0.6857142857142857,1.0,,
RAB18,4,4,0.8170690811535881,0.8066669282174009,0.010402152936187181,0.25,0.6857142857142857,1.0,,
CANX,4,4,0.8627097013793383,0.8261787472156839,0.03653095416365448,0.25,0.6857142857142857,1.0,,
CAMK1D,4,4,0.9514931427899975,0.9632569551148528,-0.011763812324855238,-0.25,0.6857142857142857,1.0,,
LSAMP,4,4,0.8297862673112573,0.8426276200611759,-0.0128413527499186,-0.25,0.6857142857142857,1.0,,
C3orf14,4,4,0.37543229455261096,0.2824163828486595,0.09301591170395146,0.25,0.6857142857142857,1.0,,
PRXL2A,4,4,0.6189506141713996,0.39457110392717265,0.22437951024422698,0.25,0.6857142857142857,1.0,,
PRKACB,4,4,0.9723161885044463,0.9651282368975345,0.00718795160691188,0.25,0.6857142857142857,1.0,,
PREPL,4,4,0.9155065952096595,0.9185538029133415,-0.0030472077036820533,0.25,0.6857142857142857,1.0,,
CCPG1,4,4,0.7268803837803768,0.7995232410693452,-0.07264285728896847,-0.25,0.6857142857142857,1.0,,
PTGDS,4,4,0.5799168189550907,0.7404684244746687,-0.16055160551957792,-0.25,0.6857142857142857,1.0,,
CCNL2,4,4,0.8132893777488572,0.7700256097941847,0.04326376795467257,0.25,0.6857142857142857,1.0,,
VPS13C,4,4,0.7050673319384086,0.7750755226510739,-0.07000819071266529,-0.25,0.6857142857142857,1.0,,
KIF1B,4,4,0.9358754860175369,0.9443201970360702,-0.00844471101853328,-0.25,0.6857142857142857,1.0,,
KIAA0930,4,4,0.38913571374831046,0.338368338225124,0.05076737552318644,0.25,0.6857142857142857,1.0,,
KCNQ2,4,4,0.923385518590998,0.9245421103989554,-0.0011565918079573523,-0.25,0.6857142857142857,1.0,,
MEF2C,4,4,0.8275818955521617,0.8764588379055439,-0.04887694235338225,-0.25,0.6857142857142857,1.0,,
MED8,4,4,0.6360828130134735,0.6304747162022704,0.0056080968112031115,0.25,0.6857142857142857,1.0,,
MDH2,4,4,0.3276346666904607,0.3683307420460708,-0.040696075355610095,-0.25,0.6857142857142857,1.0,,
CELF2,4,4,0.7882076287305045,0.853677421228328,-0.06546979249782348,-0.25,0.6857142857142857,1.0,,
CALM2,4,4,0.8905921862518373,0.8668527807489252,0.023739405502912092,0.25,0.6857142857142857,1.0,,
SLC20A2,4,4,0.849288821765886,0.9053662983881727,-0.05607747662228668,-0.25,0.6857142857142857,1.0,,
SLC1A4,4,4,0.5557163382594417,0.8094037267080745,-0.2536873884486328,-0.25,0.6857142857142857,1.0,,
SLC1A2,4,4,0.9492490167400345,0.9547663420915281,-0.005517325351493629,-0.25,0.6857142857142857,1.0,,
SIRPA,4,4,0.8721331083009872,0.8857464648052229,-0.013613356504235674,-0.25,0.6857142857142857,1.0,,
SHTN1,4,4,0.719002761740763,0.7708894245921231,-0.05188666285136001,-0.25,0.6857142857142857,1.0,,
RB1CC1,4,4,0.746709759855688,0.647554303506042,0.09915545634964595,0.25,0.6857142857142857,1.0,,
RYR2,4,4,0.8275608308605341,0.8404008018322696,-0.012839970971735504,-0.25,0.6857142857142857,1.0,,
RWDD1,4,4,0.5801811633744407,0.518019645419036,0.0621615179554047,0.25,0.6857142857142857,1.0,,
RUNDC3A,4,4,0.3905161453998153,0.408281173728591,-0.017765028328775745,-0.25,0.6857142857142857,1.0,,
ARHGAP12,4,4,0.4791003518177249,0.5400121773101648,-0.0609118254924399,-0.25,0.6857142857142857,1.0,,
AP1S2,4,4,0.8612754254877542,0.9070672695911612,-0.04579184410340709,-0.25,0.6857142857142857,1.0,,
PPP2R2B,4,4,0.8057504939274504,0.8620695544924929,-0.056319060565042545,-0.25,0.6857142857142857,1.0,,
PPP1R7,4,4,0.879079946968581,0.8611901306240929,0.017889816344488163,0.25,0.6857142857142857,1.0,,
PPM1B,4,4,0.3910960895970567,0.5124289677035863,-0.12133287810652954,-0.25,0.6857142857142857,1.0,,
ULK2,4,4,0.5284329640947287,0.5469128381544228,-0.01847987405969409,-0.25,0.6857142857142857,1.0,,
CNP,4,4,0.18009986370642106,0.6169293565384034,-0.43682949283198236,-0.25,0.6857142857142857,1.0,,
CLU,4,4,0.9421548102350825,0.9089992138085815,0.03315559642650101,0.25,0.6857142857142857,1.0,,
DDX5,4,4,0.9487839163203025,0.6445889494705965,0.30419496684970593,0.25,0.6857142857142857,1.0,,
POU6F1,4,4,0.37719643325465513,0.44207711244531817,-0.06488067919066304,-0.25,0.6857142857142857,1.0,,
POGZ,4,4,0.8746220710506425,0.8487807086750923,0.025841362375550236,0.25,0.6857142857142857,1.0,,
PNKD,4,4,0.30590265903860553,0.3234997623476519,-0.017597103309046347,-0.25,0.6857142857142857,1.0,,
PNISR,4,4,0.7926435663245557,0.8396939417545541,-0.04705037542999846,-0.25,0.6857142857142857,1.0,,
DDX1,4,4,0.9290305113475845,0.950806784561548,-0.02177627321396347,-0.25,0.6857142857142857,1.0,,
CTSB,4,4,0.38238104729442224,0.3617867702969988,0.020594276997423444,0.25,0.6857142857142857,1.0,,
COX11,4,4,0.47444797591167615,0.42952708178162013,0.04492089413005601,0.25,0.6857142857142857,1.0,,
COQ4,4,4,0.532927536231884,0.5090942100746022,0.023833326157281842,0.25,0.6857142857142857,1.0,,
ANKS1B,4,4,0.8670261603801809,0.8699699513017115,-0.0029437909215306313,-0.25,0.6857142857142857,1.0,,
SEMA4D,4,4,0.5477836599241467,0.5084021995121542,0.03938146041199253,0.25,0.6857142857142857,1.0,,
MMAB,4,4,0.10239491691104594,0.07399907428835917,0.028395842622686768,0.25,0.6857142857142857,1.0,,
SSR1,4,4,0.7251427251427252,0.8540299845773107,-0.12888725943458557,-0.25,0.6857142857142857,1.0,,
SSBP3,4,4,0.7891193425114966,0.63529712960453,0.15382221290696663,0.25,0.6857142857142857,1.0,,
MIR100HG,4,4,0.6090826303680982,0.5709969302968452,0.038085700071253004,-0.25,0.6857142857142857,1.0,,
IRF2BP2,4,4,0.6636319577521279,0.6282485281749369,0.035383429577190983,0.25,0.6857142857142857,1.0,,
IQSEC1,4,4,0.9557557487054353,0.8640144417001978,0.09174130700523753,0.25,0.6857142857142857,1.0,,
IPO7,4,4,0.7593253457515269,0.8108711699830937,-0.05154582423156684,-0.25,0.6857142857142857,1.0,,
SYT7,4,4,0.946892530940102,0.9325028428385386,0.01438968810156338,0.25,0.6857142857142857,1.0,,
ID4,4,4,0.6712103943469341,0.7583585468074139,-0.0871481524604798,-0.25,0.6857142857142857,1.0,,
MTDH,4,4,0.6697622741184857,0.8222684484502149,-0.1525061743317292,-0.25,0.6857142857142857,1.0,,
HSBP1,4,4,0.7367350707982763,0.7007408829269772,0.035994187871299044,0.25,0.6857142857142857,1.0,,
HNRNPU,4,4,0.42476585413046963,0.18112052936672862,0.243645324763741,0.25,0.6857142857142857,1.0,,
HNRNPDL,4,4,0.19782432841211256,0.2441150652168168,-0.04629073680470425,-0.25,0.6857142857142857,1.0,,
NAP1L1,4,4,0.42142138698418785,0.4245840955454885,-0.003162708561300631,-0.25,0.6857142857142857,1.0,,
N4BP2L2,4,4,0.5284554240292789,0.4723171278085825,0.05613829622069644,0.25,0.6857142857142857,1.0,,
TERF2IP,4,4,0.9014217129519111,0.9023480519681376,-0.0009263390162265184,-0.25,0.6857142857142857,1.0,,
DKK3,4,4,0.10038306114022487,0.5432335625017565,-0.4428505013615316,-0.25,0.6857142857142857,1.0,,
WIPF2,4,4,0.7044087843449949,0.5985344197481643,0.10587436459683053,0.25,0.6857142857142857,1.0,,
WAC,4,4,0.8450343795164174,0.8234049933131655,0.021629386203251832,0.25,0.6857142857142857,1.0,,
VPS53,4,4,0.6388733695768958,0.642224284968768,-0.0033509153918722667,-0.25,0.6857142857142857,1.0,,
VPS41,4,4,0.3012048192771084,0.35951849146466586,-0.05831367218755745,-0.25,0.6857142857142857,1.0,,
RPL17,4,4,0.8290045936513974,0.7730068555889378,0.05599773806245967,0.25,0.6857142857142857,1.0,,
HMGB1,4,4,0.3777357781849396,0.3920327557641253,-0.014296977579185688,-0.25,0.6857142857142857,1.0,,
SET,4,4,0.9300919634544309,0.8507130699797846,0.07937889347464633,0.25,0.6857142857142857,1.0,,
RUFY2,4,4,0.5189149560117302,0.37386181662897794,0.14505313938275227,0.25,0.6857142857142857,1.0,,
YIPF4,4,4,0.578531507509679,0.6997605483911356,-0.12122904088145658,-0.25,0.6857142857142857,1.0,,
PGBD5,4,4,0.9179318488529015,0.3721396347483117,0.5457922141045898,0.25,0.6857142857142857,1.0,,
PDS5B,4,4,0.6295866951064948,0.7725275190516512,-0.1429408239451564,-0.25,0.6857142857142857,1.0,,
PDS5A,4,4,0.7275967107829897,0.7544829850340752,-0.026886274251085474,-0.25,0.6857142857142857,1.0,,
DST,4,4,0.7265336637047164,0.747845961048566,-0.02131229734384965,-0.25,0.6857142857142857,1.0,,
PITPNC1,4,4,0.8202380952380952,0.8968845154800797,-0.07664642024198454,-0.25,0.6857142857142857,1.0,,
PINK1,4,4,0.8083399429922291,0.8917497063385347,-0.08340976334630557,-0.25,0.6857142857142857,1.0,,
PHLDA1,4,4,0.6912438754544018,0.6842045402847914,0.007039335169610417,-0.25,0.6857142857142857,1.0,,
RPL6,4,4,0.7086419939452658,0.6664652937453353,0.042176700199930584,0.25,0.6857142857142857,1.0,,
RPL5,4,4,0.6326823148554896,0.698011002037261,-0.06532868718177132,-0.25,0.6857142857142857,1.0,,
SNAP25,4,4,0.9879342627017393,0.9761031056654906,0.011831157036248707,0.25,0.6857142857142857,1.0,,
SMARCC1,4,4,0.3176251595731869,0.40116801437556154,-0.08354285480237467,-0.25,0.6857142857142857,1.0,,
PDCD4,4,4,0.6573295185927845,0.9236237319965315,-0.2662942134037469,-0.25,0.6857142857142857,1.0,,
EIF4G3,4,4,0.900086886706334,0.93384507952291,-0.033758192816575994,-0.25,0.6857142857142857,1.0,,
PHACTR1,4,4,0.8818599188554346,0.9116167415942893,-0.029756822738854716,-0.25,0.6857142857142857,1.0,,
PGM2L1,4,4,0.930901192086651,0.9059821137548891,0.02491907833176188,-0.25,0.6857142857142857,1.0,,
HDAC5,4,4,0.4197990006813536,0.48339833456308634,-0.06359933388173272,-0.25,0.6857142857142857,1.0,,
H2AZ2,4,4,0.9654931630175703,0.9638915729584772,0.0016015900590931054,0.25,0.6857142857142857,1.0,,
NCAM2,4,4,0.7648372404265423,0.816081324372842,-0.051244083946299646,-0.25,0.6857142857142857,1.0,,
GOLGB1,4,4,0.5178058456066755,0.5928542703112287,-0.0750484247045532,-0.25,0.6857142857142857,1.0,,
SRPRB,4,4,0.7919819107228833,0.7349427382726563,0.05703917245022694,0.25,0.6857142857142857,1.0,,
SRGAP2,4,4,0.649169709615719,0.6919791835639526,-0.042809473948233645,-0.25,0.6857142857142857,1.0,,
SQSTM1,4,4,0.9497651282484179,0.49384291633926886,0.455922211909149,0.25,0.6857142857142857,1.0,,
TUBB,4,4,0.5996772374761971,0.6214924698845803,-0.021815232408383234,-0.25,0.6857142857142857,1.0,,
TUBA4A,4,4,0.26796885102806156,0.6289533689930875,-0.36098451796502595,-0.25,0.6857142857142857,1.0,,
ROCK1,4,4,0.5360936788479053,0.5646865889212828,-0.028592910073377498,-0.25,0.6857142857142857,1.0,,
ROBO2,4,4,0.7153146935299128,0.7403913710698802,-0.02507667753996734,-0.25,0.6857142857142857,1.0,,
BBS2,4,4,0.12375539411694841,0.13944095038434662,-0.015685556267398204,-0.25,0.6857142857142857,1.0,,
AZI2,4,4,0.6417465926299848,0.6838932093936465,-0.042146616763661715,-0.25,0.6857142857142857,1.0,,
SPOCK2,4,4,0.8691793773723947,0.8881322653160175,-0.01895288794362282,-0.25,0.6857142857142857,1.0,,
GLRB,4,4,0.34548200682952457,0.3259788113282555,0.019503195501269055,-0.25,0.6857142857142857,1.0,,
GLG1,4,4,0.7513041239009675,0.7935344686845505,-0.04223034478358301,-0.25,0.6857142857142857,1.0,,
GDF1,4,4,0.6274635746391048,0.5397941430248622,0.08766943161424268,0.25,0.6857142857142857,1.0,,
FYN,4,4,0.91056801994302,0.5516132325913825,0.35895478735163744,0.25,0.6857142857142857,1.0,,
NKX6-2,4,4,0.22655218758249934,0.20348535437947265,0.023066833203026688,0.25,0.6857142857142857,1.0,,
ERBB4,4,4,0.7858974358974359,0.8706029921547163,-0.08470555625728038,-0.25,0.6857142857142857,1.0,,
OIP5-AS1,4,4,0.5728733872366543,0.669840250015864,-0.09696686277920974,-0.25,0.6857142857142857,1.0,,
TPD52,4,4,0.17167530224525043,0.18524975984022551,-0.013574457594975081,-0.25,0.6857142857142857,1.0,,
TOX,4,4,0.8460377650518496,0.8978787563689301,-0.05184099131708053,-0.25,0.6857142857142857,1.0,,
TOMM20,4,4,0.7477595897585589,0.7881412846032207,-0.04038169484466181,-0.25,0.6857142857142857,1.0,,
ENSG00000280441,4,4,0.4229235581244325,0.39760252409452373,0.025321034029908762,0.25,0.6857142857142857,1.0,,
PCGF5,4,4,0.9248348143084986,0.9315967021817779,-0.00676188787327936,-0.25,0.6857142857142857,1.0,,
FAM107A,4,4,0.6568238023670551,0.6897464996022837,-0.03292269723522867,-0.25,0.6857142857142857,1.0,,
FAIM2,4,4,0.7128760443823574,0.8272732220844288,-0.11439717770207136,-0.25,0.6857142857142857,1.0,,
EVI5,4,4,0.7579863277188604,0.6649051762508618,0.09308115146799867,0.25,0.6857142857142857,1.0,,
RPL28,4,4,0.03556704603078568,0.034251984683072556,0.0013150613477131215,0.25,0.6857142857142857,1.0,,
RPL22,4,4,0.2633706076977845,0.33155056272809863,-0.06817995503031415,-0.25,0.6857142857142857,1.0,,
ATXN1,4,4,0.8750343541421279,0.8965293491281778,-0.021494994986049898,-0.25,0.6857142857142857,1.0,,
ATRX,4,4,0.5414878335813922,0.5745063841976226,-0.03301855061623038,-0.25,0.6857142857142857,1.0,,
NFE2L1,4,4,0.6862177956659163,0.6744323723266263,0.011785423339290002,-0.25,0.6857142857142857,1.0,,
RPS27A,4,4,0.7554098330806842,0.7986058384688193,-0.04319600538813506,-0.25,0.6857142857142857,1.0,,
ASAH1,4,4,0.7207167205001231,0.7594018990623647,-0.03868517856224152,-0.25,0.6857142857142857,1.0,,
ARL6IP1,4,4,0.9305011505373644,0.9011732784538856,0.029327872083478757,0.25,0.6857142857142857,1.0,,
ARHGEF7,4,4,0.9226006010236183,0.6238204296608043,0.298780171362814,0.25,0.6857142857142857,1.0,,
SFXN5,4,4,0.6664006281940708,0.71757935819337,-0.05117872999929929,-0.25,0.6857142857142857,1.0,,
SFPQ,4,4,0.47750109217999126,0.6380950473332738,-0.16059395515328256,-0.25,0.6857142857142857,1.0,,
FGFR1OP2,4,4,0.6811680790546286,0.4750883586587719,0.2060797203958567,0.25,0.6857142857142857,1.0,,
NRCAM,4,4,0.884622082897945,0.9191868740281051,-0.03456479113016009,-0.25,0.6857142857142857,1.0,,
FGF12,4,4,0.8477783636819214,0.9088151054745347,-0.061036741792613314,-0.25,0.6857142857142857,1.0,,
FARP1,4,4,0.6303238641048898,0.6592626050420167,-0.028938740937126894,-0.25,0.6857142857142857,1.0,,
OAZ2,4,4,0.777641721840219,0.7765701924164639,0.001071529423755102,0.25,0.6857142857142857,1.0,,
NUDT16,4,4,0.4385870677307141,0.4079410298411794,0.030646037889534683,0.25,0.6857142857142857,1.0,,
ZXDC,4,4,0.5810162991371045,0.4646171301986952,0.11639916893840929,0.25,0.6857142857142857,1.0,,
AGAP3,4,4,0.20104731078537616,0.20431787294653528,-0.0032705621611591185,-0.25,0.6857142857142857,1.0,,
STOM,4,4,0.7516933845111764,0.7075431470470404,0.044150237464136044,0.25,0.6857142857142857,1.0,,
LAMP2,4,4,0.49259443408604375,0.47168056175590256,0.020913872330141192,0.25,0.6857142857142857,1.0,,
MBP,4,4,0.9554003472451107,0.9162150072375412,0.03918534000756946,0.25,0.6857142857142857,1.0,,
SYNE1,4,4,0.7436048799685163,0.7443371089524539,-0.000732228983937544,-0.25,0.6857142857142857,1.0,,
SYN2,4,4,0.5617457102457294,0.16468626888866567,0.3970594413570637,0.25,0.6857142857142857,1.0,,
SUPT4H1,4,4,0.4238660578386606,0.4534441321455315,-0.029578074306870872,-0.25,0.6857142857142857,1.0,,
SERINC3,4,4,0.6140003338439182,0.6406214961323202,-0.026621162288402056,-0.25,0.6857142857142857,1.0,,
SENP6,4,4,0.4806430059348348,0.48463399601156953,-0.003990990076734757,0.25,0.6857142857142857,1.0,,
ZC3H15,3,3,0.7873462214411248,0.880805456316986,-0.09345923487586127,-0.3333333333333333,0.7,1.0,,
ZDHHC3,3,3,0.6764705882352942,0.1608910891089109,0.5155794991263832,0.3333333333333333,0.7,1.0,,
ZDHHC8,3,3,0.30601092896174864,0.5429472025216706,-0.23693627355992197,-0.3333333333333333,0.7,1.0,,
STX7,3,3,0.6151603498542274,0.26504672897196263,0.3501136208822648,0.3333333333333333,0.7,1.0,,
SWAP70,3,3,0.7105263157894737,0.5845070422535211,0.12601927353595255,0.3333333333333333,0.7,1.0,,
LMBRD2,3,3,0.8974763406940063,0.9448511469009273,-0.04737480620692103,-0.3333333333333333,0.7,1.0,,
LMNA,3,3,0.38461538461538464,0.38268156424581007,0.0019338203695745682,0.3333333333333333,0.7,1.0,,
LRCH3,3,3,0.6090909090909091,0.55,0.05909090909090908,0.3333333333333333,0.7,1.0,,
LRFN5,3,3,0.7139175257731959,0.7525252525252525,-0.03860772675205659,-0.3333333333333333,0.7,1.0,,
LRRC7,3,3,0.8140043763676149,0.7401177460050462,0.0738866303625687,0.3333333333333333,0.7,1.0,,
LRRTM3,3,3,0.3333333333333333,0.7315789473684211,-0.3982456140350878,-0.3333333333333333,0.7,1.0,,
KIFAP3,3,3,0.9032258064516129,0.8346764909049045,0.0685493155467084,0.3333333333333333,0.7,1.0,,
KMT2E,3,3,0.420129270544783,0.8032786885245902,-0.38314941797980717,-0.3333333333333333,0.7,1.0,,
LARP7,3,3,0.7348837209302326,0.7037037037037037,0.031180017226528856,0.3333333333333333,0.7,1.0,,
MAN2A2,3,3,0.18789808917197454,0.13390928725701945,0.05398880191495509,0.3333333333333333,0.7,1.0,,
STMN2,3,3,0.9051359516616314,0.8555208875021667,0.049615064159464706,0.3333333333333333,0.7,1.0,,
ABCC5,3,3,0.7634408602150538,0.5964426877470356,0.16699817246801818,0.3333333333333333,0.7,1.0,,
ABHD12,3,3,0.10850801479654747,0.10369141435089174,0.004816600445655725,0.3333333333333333,0.7,1.0,,
ABLIM1,3,3,0.8846815834767642,0.9449891067538126,-0.06030752327704847,-0.3333333333333333,0.7,1.0,,
ABR,3,3,0.9786363636363636,0.978397212543554,0.00023915109280958635,0.3333333333333333,0.7,1.0,,
ADH5,3,3,0.7112462006079028,0.6946107784431138,0.01663542216478897,0.3333333333333333,0.7,1.0,,
ADD2,3,3,0.861557478368356,0.923469387755102,-0.06191190938674607,-0.3333333333333333,0.7,1.0,,
FAM171B,3,3,0.9300554016620498,0.9393665158371041,-0.009311114175054258,-0.3333333333333333,0.7,1.0,,
FAM204A,3,3,0.5923076923076923,0.6986040609137056,-0.10629636860601333,-0.3333333333333333,0.7,1.0,,
FAM3C,3,3,0.8174904942965779,0.8146766169154229,0.0028138773811550166,0.3333333333333333,0.7,1.0,,
FGF13,3,3,0.22842639593908629,0.18376068376068377,0.04466571217840251,0.3333333333333333,0.7,1.0,,
SON,3,3,0.5865695792880259,0.7642907551164432,-0.1777211758284173,-0.3333333333333333,0.7,1.0,,
SOX2-OT,3,3,0.5253980288097043,0.5702457956015524,-0.0448477667918481,-0.3333333333333333,0.7,1.0,,
SPART,3,3,0.22302158273381295,0.22533704258506312,-0.0023154598512501734,-0.3333333333333333,0.7,1.0,,
FLRT2,3,3,0.797244094488189,0.9035087719298246,-0.10626467744163559,-0.3333333333333333,0.7,1.0,,
SGCB,3,3,0.8539823008849557,0.9047860217776652,-0.05080372089270946,-0.3333333333333333,0.7,1.0,,
SH3BGRL,3,3,0.8156424581005587,0.8950276243093923,-0.07938516620883362,-0.3333333333333333,0.7,1.0,,
ARL4A,3,3,0.26591760299625467,0.26334519572953735,0.0025724072667173137,0.3333333333333333,0.7,1.0,,
ARL6IP5,3,3,0.7254138266796495,0.8071098358042404,-0.08169600912459096,-0.3333333333333333,0.7,1.0,,
ARMC10,3,3,0.5089820359281437,0.4669016842929886,0.04208035163515511,0.3333333333333333,0.7,1.0,,
ARMCX3,3,3,0.8316151202749141,0.8506163886874547,-0.019001268412540573,-0.3333333333333333,0.7,1.0,,
ARPC5,3,3,0.8960612691466083,0.8785342261904762,0.017527042956132166,0.3333333333333333,0.7,1.0,,
RPLP1,3,3,0.24355300859598855,0.30871106683465677,-0.06515805823866822,-0.3333333333333333,0.7,1.0,,
RPRD2,3,3,0.912751677852349,0.366325369738339,0.5464263081140099,0.3333333333333333,0.7,1.0,,
FSD1L,3,3,0.5211267605633803,0.5553830227743272,-0.03425626221094691,-0.3333333333333333,0.7,1.0,,
FUBP1,3,3,0.7109004739336493,0.6270491803278688,0.08385129360578047,0.3333333333333333,0.7,1.0,,
ATG7,3,3,0.391304347826087,0.8243243243243243,-0.43301997649823737,-0.3333333333333333,0.7,1.0,,
ATP1B1,3,3,0.9731222385861561,0.9753823013286538,-0.0022600627424976816,-0.3333333333333333,0.7,1.0,,
RPL19,3,3,0.5453485242666188,0.5181796291837226,0.027168895082896216,0.3333333333333333,0.7,1.0,,
RPL26,3,3,0.4755672578022148,0.7157658195123892,-0.24019856171017434,-0.3333333333333333,0.7,1.0,,
RPL35A,3,3,0.11458333333333333,0.17185580774365822,-0.05727247441032489,-0.3333333333333333,0.7,1.0,,
EXOC7,3,3,0.8901098901098901,0.8810020876826722,0.00910780242721787,0.3333333333333333,0.7,1.0,,
NT5DC1,3,3,0.31333333333333335,0.4267942583732057,-0.11346092503987237,-0.3333333333333333,0.7,1.0,,
NTPCR,3,3,0.19739696312364424,0.18779342723004694,0.009603535893597304,0.3333333333333333,0.7,1.0,,
NUCB2,3,3,0.535,0.336,0.199,0.3333333333333333,0.7,1.0,,
PAQR8,3,3,0.9074733096085409,0.6529850746268657,0.25448823498167517,0.3333333333333333,0.7,1.0,,
PCDH17,3,3,0.8406940063091483,0.8179271708683473,0.022766835440800937,0.3333333333333333,0.7,1.0,,
EPM2AIP1,3,3,0.44427001569858715,0.0945945945945946,0.3496754211039925,0.3333333333333333,0.7,1.0,,
TNRC6A,3,3,0.6574074074074074,0.8,-0.1425925925925926,-0.3333333333333333,0.7,1.0,,
TOP1,3,3,0.8176100628930818,0.8253424657534246,-0.007732402860342824,-0.3333333333333333,0.7,1.0,,
OLA1,3,3,0.11705069124423963,0.9603174603174603,-0.8432667690732207,-0.3333333333333333,0.7,1.0,,
PAFAH1B2,3,3,0.984869325997249,0.9806858494284588,0.004183476568790145,0.3333333333333333,0.7,1.0,,
PAIP2B,3,3,0.8507462686567164,0.9243243243243243,-0.07357805566760789,-0.3333333333333333,0.7,1.0,,
RPS6KA5,3,3,0.5172413793103449,0.48902346707040123,0.028217912239943632,0.3333333333333333,0.7,1.0,,
NOVA1,3,3,0.7810945273631841,0.5217391304347826,0.2593553969284015,0.3333333333333333,0.7,1.0,,
NPAS3,3,3,0.7019230769230769,0.6598984771573604,0.042024599765716486,0.3333333333333333,0.7,1.0,,
NR2F1-AS1,3,3,0.8010657193605684,0.328,0.47306571936056835,0.3333333333333333,0.7,1.0,,
FZR1,3,3,0.3292181069958848,0.3320581484315226,-0.002840041435637819,-0.3333333333333333,0.7,1.0,,
GABRB2,3,3,0.8211895910780669,0.8399720475192173,-0.018782456441150397,-0.3333333333333333,0.7,1.0,,
TMED10,3,3,0.6674391657010429,0.6166832174776564,0.05075594822338647,0.3333333333333333,0.7,1.0,,
TMED4,3,3,0.8986587183308494,0.904424778761062,-0.0057660604302125495,-0.3333333333333333,0.7,1.0,,
TMEM144,3,3,0.8843782117163412,0.9169301769079566,-0.032551965191615406,-0.3333333333333333,0.7,1.0,,
TMEM242,3,3,0.5852713178294574,0.6421052631578947,-0.05683394532843733,-0.3333333333333333,0.7,1.0,,
NEFM,3,3,0.7145085803432137,0.7767113364722926,-0.062202756129078884,-0.3333333333333333,0.7,1.0,,
RPL8,3,3,0.7948273728498948,0.5337110730443185,0.26111629980557627,0.3333333333333333,0.7,1.0,,
BAZ1B,3,3,0.6733333333333333,0.8429752066115702,-0.16964187327823688,-0.3333333333333333,0.7,1.0,,
BCCIP,3,3,0.6527777777777778,0.5451263537906137,0.1076514239871641,0.3333333333333333,0.7,1.0,,
BLTP3B,3,3,0.2549019607843137,0.36318407960199006,-0.10828211881767635,-0.3333333333333333,0.7,1.0,,
BNIP3L,3,3,0.9250513347022588,0.9781931464174455,-0.053141811715186726,-0.3333333333333333,0.7,1.0,,
RIMS1,3,3,0.811336717428088,0.8473953013278857,-0.03605858389979766,-0.3333333333333333,0.7,1.0,,
RNF115,3,3,0.4743935309973046,0.6141479099678456,-0.13975437897054105,-0.3333333333333333,0.7,1.0,,
PDE1A,3,3,0.7122302158273381,0.7697115384615385,-0.05748132263420036,-0.3333333333333333,0.7,1.0,,
ENSG00000240553,3,3,0.1793478260869565,0.20220588235294118,-0.022858056265984666,-0.3333333333333333,0.7,1.0,,
PALM2AKAP2,3,3,0.5308056872037915,0.6988304093567251,-0.16802472215293363,-0.3333333333333333,0.7,1.0,,
SRPK2,3,3,0.3870673952641166,0.7207880434782609,-0.33372064821414427,-0.3333333333333333,0.7,1.0,,
GOLGA1,3,3,0.7708333333333334,0.1814595660749507,0.5893737672583826,0.3333333333333333,0.7,1.0,,
GPBP1,3,3,0.31317829457364343,0.5908245505269684,-0.2776462559533249,-0.3333333333333333,0.7,1.0,,
GPR37,3,3,0.23170731707317074,0.22711058263971462,0.004596734433456123,0.3333333333333333,0.7,1.0,,
GRK4,3,3,0.42045454545454547,0.7774193548387097,-0.35696480938416425,-0.3333333333333333,0.7,1.0,,
NCL,3,3,0.6602739726027397,0.7584229390681003,-0.09814896646536064,-0.3333333333333333,0.7,1.0,,
GTDC1,3,3,0.5897435897435898,0.8940397350993378,-0.304296145355748,-0.3333333333333333,0.7,1.0,,
HDAC11,3,3,0.8354755784061697,0.8538083538083538,-0.018332775402184143,-0.3333333333333333,0.7,1.0,,
SASH1,3,3,0.8885714285714286,0.9573215599705666,-0.06875013139913799,-0.3333333333333333,0.7,1.0,,
PGRMC2,3,3,0.8954802259887006,0.7432900432900433,0.15219018269865725,0.3333333333333333,0.7,1.0,,
EIF2AK1,3,3,0.1261904761904762,0.9145166304009947,-0.7883261542105185,-0.3333333333333333,0.7,1.0,,
EIF3H,3,3,0.9040959040959041,0.90625,-0.0021540959040958763,-0.3333333333333333,0.7,1.0,,
EIF5B,3,3,0.6888888888888889,0.76,-0.07111111111111112,-0.3333333333333333,0.7,1.0,,
ELOB,3,3,0.10347432024169184,0.07246376811594203,0.03101055212574981,0.3333333333333333,0.7,1.0,,
EMX2,3,3,0.4046242774566474,0.4360313315926893,-0.03140705413604189,-0.3333333333333333,0.7,1.0,,
SMAD4,3,3,0.5991561181434599,0.524609843937575,0.07454627420588489,0.3333333333333333,0.7,1.0,,
RPL37A,3,3,0.010597898083546763,0.030046779417056496,-0.019448881333509735,-0.3333333333333333,0.7,1.0,,
U2SURP,3,3,0.46835443037974683,0.7341772151898734,-0.2658227848101266,-0.3333333333333333,0.7,1.0,,
PHF14,3,3,0.8120300751879699,0.625531914893617,0.18649816029435284,0.3333333333333333,0.7,1.0,,
PHF20L1,3,3,0.49171270718232046,0.4959083469721768,-0.00419563978985632,-0.3333333333333333,0.7,1.0,,
PICALM,3,3,0.8522920203735145,0.944905813246911,-0.09261379287339655,-0.3333333333333333,0.7,1.0,,
DVL3,3,3,0.2822966507177033,0.2735166425470333,0.00878000817067004,0.3333333333333333,0.7,1.0,,
ECHDC1,3,3,0.7769784172661871,0.9636143117040631,-0.18663589443787598,-0.3333333333333333,0.7,1.0,,
EFNA5,3,3,0.8465909090909091,0.6468926553672316,0.19969825372367744,0.3333333333333333,0.7,1.0,,
PDIA3,3,3,0.0730050933786078,0.11368421052631579,-0.040679117147707985,-0.3333333333333333,0.7,1.0,,
PGK1,3,3,0.13164556962025317,0.13897604652942527,-0.007330476909172101,-0.3333333333333333,0.7,1.0,,
SC5D,3,3,0.915929203539823,0.8693086003372681,0.0466206032025549,0.3333333333333333,0.7,1.0,,
SCAMP1,3,3,0.46265060240963857,0.9399538106235565,-0.477303208213918,-0.3333333333333333,0.7,1.0,,
SCAMP2,3,3,0.3872549019607843,0.48497854077253216,-0.09772363881174784,-0.3333333333333333,0.7,1.0,,
WNK1,3,3,0.8239845261121856,0.9805534779356769,-0.1565689518234913,-0.3333333333333333,0.7,1.0,,
WTAP,3,3,0.7101449275362319,0.5477657935285054,0.16237913400772652,0.3333333333333333,0.7,1.0,,
XRCC6,3,3,0.9709631728045326,0.956268221574344,0.014694951230188602,0.3333333333333333,0.7,1.0,,
YME1L1,3,3,0.7151162790697675,0.7124463519313304,0.002669927138437056,0.3333333333333333,0.7,1.0,,
ARHGEF26,3,3,0.6441717791411042,0.6456400742115028,-0.0014682950703985842,-0.3333333333333333,0.7,1.0,,
RSL1D1,3,3,0.38222222222222224,0.2955145118733509,0.08670771034887131,0.3333333333333333,0.7,1.0,,
RTN3,3,3,0.9641803195278315,0.9415499239204576,0.0226303956073739,0.3333333333333333,0.7,1.0,,
HIF1AN,3,3,0.40540540540540543,0.8,-0.3945945945945946,-0.3333333333333333,0.7,1.0,,
HLF,3,3,0.6305418719211823,0.5891665576344367,0.04137531428674557,0.3333333333333333,0.7,1.0,,
DENND4A,3,3,0.7783018867924528,0.8317757009345794,-0.0534738141421266,-0.3333333333333333,0.7,1.0,,
DGKZ,3,3,0.8651162790697674,0.8499312242090784,0.015185054860688996,0.3333333333333333,0.7,1.0,,
RPL11,3,3,0.7721031076848952,0.7545851205442982,0.017517987140597047,0.3333333333333333,0.7,1.0,,
WDFY3,3,3,0.8324175824175825,0.8750740082889283,-0.04265642587134588,-0.3333333333333333,0.7,1.0,,
C12orf76,3,3,0.38429172510518933,0.23686229382431914,0.1474294312808702,0.3333333333333333,0.7,1.0,,
RBBP6,3,3,0.6436170212765957,0.7273456295108259,-0.08372860823423023,-0.3333333333333333,0.7,1.0,,
DLC1,3,3,0.7962264150943397,0.8428874734607219,-0.046661058366382235,-0.3333333333333333,0.7,1.0,,
DMAC1,3,3,0.10232558139534884,0.17326968973747017,-0.07094410834212134,-0.3333333333333333,0.7,1.0,,
DNAJA2,3,3,0.16800804828973842,0.19343656112780216,-0.025428512838063744,-0.3333333333333333,0.7,1.0,,
DNAJB6,3,3,0.943526904635056,0.06838905775075987,0.8751378468842961,0.3333333333333333,0.7,1.0,,
TIPRL,3,3,0.6769911504424779,0.6619375760032428,0.015053574439235162,0.3333333333333333,0.7,1.0,,
TLN2,3,3,0.592057761732852,0.583804143126177,0.00825361860667495,0.3333333333333333,0.7,1.0,,
MYO5A,3,3,0.8851963746223565,0.9147286821705426,-0.029532307548186143,-0.3333333333333333,0.7,1.0,,
HSPA4L,3,3,0.8012422360248447,0.7276785714285714,0.07356366459627328,0.3333333333333333,0.7,1.0,,
HYCC2,3,3,0.8162393162393162,0.8545613523754008,-0.038322036136084536,-0.3333333333333333,0.7,1.0,,
TARDBP,3,3,0.44258373205741625,0.43635212159594683,0.006231610461469417,0.3333333333333333,0.7,1.0,,
IL1RAPL1,3,3,0.4479166666666667,0.31092436974789917,0.13699229691876752,0.3333333333333333,0.7,1.0,,
IMP4,3,3,0.41959798994974873,0.4005876591576885,0.019010330792060215,0.3333333333333333,0.7,1.0,,
ING1,3,3,0.7380952380952381,0.6841491841491841,0.05394605394605401,0.3333333333333333,0.7,1.0,,
INTS10,3,3,0.7832369942196532,0.8442453480358374,-0.06100835381618419,-0.3333333333333333,0.7,1.0,,
ST3GAL5,3,3,0.9418604651162791,0.9708232025008684,-0.02896273738458932,-0.3333333333333333,0.7,1.0,,
ST8SIA5,3,3,0.7644444444444445,0.6972477064220184,0.0671967380224261,0.3333333333333333,0.7,1.0,,
STAG2,3,3,0.8267477203647416,0.8902439024390244,-0.06349618207428276,-0.3333333333333333,0.7,1.0,,
ANP32A,3,3,0.7142857142857143,0.7374715261958997,-0.023185811910185428,-0.3333333333333333,0.7,1.0,,
PPP6R2,3,3,0.7534246575342466,0.8242424242424242,-0.07081776670817763,-0.3333333333333333,0.7,1.0,,
CTIF,3,3,0.9136690647482014,0.9331568497683653,-0.019487785020163906,-0.3333333333333333,0.7,1.0,,
DCP1A,3,3,0.5806451612903226,0.6795811518324607,-0.09893599054213809,-0.3333333333333333,0.7,1.0,,
DDHD2,3,3,0.9266802443991853,0.9488946310651737,-0.022214386665988406,-0.3333333333333333,0.7,1.0,,
PNMA8B,3,3,0.12774070543374644,0.8753187491611865,-0.74757804372744,-0.3333333333333333,0.7,1.0,,
POU2F1,3,3,0.7528089887640449,0.6845637583892618,0.06824523037478314,0.3333333333333333,0.7,1.0,,
DENND10,3,3,0.8320209973753281,0.7296296296296296,0.10239136774569846,0.3333333333333333,0.7,1.0,,
SLC2A3,3,3,0.8450292397660819,0.9277620396600567,-0.08273279989397475,-0.3333333333333333,0.7,1.0,,
CLTC,3,3,0.9823434991974318,0.9916492693110647,-0.009305770113632872,-0.3333333333333333,0.7,1.0,,
CNIH1,3,3,0.2012847965738758,0.1857569721115538,0.01552782446232201,0.3333333333333333,0.7,1.0,,
CNNM2,3,3,0.35398230088495575,0.38804713804713803,-0.03406483716218228,-0.3333333333333333,0.7,1.0,,
CNOT3,3,3,0.8421052631578947,0.8765822784810127,-0.03447701532311798,-0.3333333333333333,0.7,1.0,,
UBE2V2,3,3,0.2750809061488673,0.2908415841584158,-0.0157606780095485,-0.3333333333333333,0.7,1.0,,
UGP2,3,3,0.9376558603491272,0.9704150308468873,-0.032759170497760115,-0.3333333333333333,0.7,1.0,,
UNC5D,3,3,0.7524271844660194,0.9314750290360047,-0.17904784456998524,-0.3333333333333333,0.7,1.0,,
PPM1K,3,3,0.6255639097744361,0.6593769089798411,-0.03381299920540504,-0.3333333333333333,0.7,1.0,,
PPP3CB,3,3,0.9545014520813165,0.9268857520952801,0.027615699986036413,0.3333333333333333,0.7,1.0,,
AP3S2,3,3,0.45507246376811594,0.42518518518518517,0.029887278582930776,0.3333333333333333,0.7,1.0,,
APLP2,3,3,0.8950542822677925,0.9274323022583753,-0.03237801999058276,-0.3333333333333333,0.7,1.0,,
ARHGAP26,3,3,0.9368029739776952,0.9428934010152284,-0.006090427037533264,-0.3333333333333333,0.7,1.0,,
SH3GL2,3,3,0.964122635355512,0.9673247106875426,-0.0032020753320305406,-0.3333333333333333,0.7,1.0,,
SAP30BP,3,3,0.4248927038626609,0.5996457041629761,-0.1747530003003152,-0.3333333333333333,0.7,1.0,,
ISCA1,3,3,0.8021978021978022,0.8124629080118695,-0.010265105814067255,-0.3333333333333333,0.7,1.0,,
ITM2B,3,3,0.9367204936326637,0.9471316085489314,-0.010411114916267672,-0.3333333333333333,0.7,1.0,,
IVNS1ABP,3,3,0.5507246376811594,0.6666666666666666,-0.1159420289855072,-0.3333333333333333,0.7,1.0,,
JAKMIP2,3,3,0.6932515337423313,0.9110396570203644,-0.2177881232780331,-0.3333333333333333,0.7,1.0,,
KANTR,3,3,0.3723849372384937,0.7516129032258064,-0.37922796598731273,-0.3333333333333333,0.7,1.0,,
KAZN,3,3,0.8113207547169812,0.9346959122632104,-0.12337515754622919,-0.3333333333333333,0.7,1.0,,
C6orf62,3,3,0.8837837837837837,0.9611133851821531,-0.07732960139836931,-0.3333333333333333,0.7,1.0,,
CACNA1B,3,3,0.8698315467075038,0.8940634595701126,-0.02423191286260873,-0.3333333333333333,0.7,1.0,,
CACNA2D1,3,3,0.9175824175824175,0.9451073985680191,-0.02752498098560152,-0.3333333333333333,0.7,1.0,,
RASGRP2,3,3,0.6101694915254238,0.7168874172185431,-0.10671792569311933,-0.3333333333333333,0.7,1.0,,
SLC22A23,3,3,0.8051282051282052,0.8828451882845189,-0.0777169831563137,-0.3333333333333333,0.7,1.0,,
CGGBP1,3,3,0.9126819126819127,0.8713379643612201,0.04134394832069255,0.3333333333333333,0.7,1.0,,
CHPT1,3,3,0.8962472406181016,0.8468468468468469,0.049400393771254714,0.3333333333333333,0.7,1.0,,
PRDM2,3,3,0.6981132075471698,0.8988489710498779,-0.20073576350270816,-0.3333333333333333,0.7,1.0,,
MDM4,3,3,0.8840579710144928,0.9040404040404041,-0.019982433025911295,-0.3333333333333333,0.7,1.0,,
MEF2D,3,3,0.9739130434782609,0.6554156171284635,0.3184974263497974,0.3333333333333333,0.7,1.0,,
MEGF10,3,3,0.8163265306122449,0.8201669877970456,-0.0038404571848006386,-0.3333333333333333,0.7,1.0,,
MESD,3,3,0.726643598615917,0.7318435754189944,-0.005199976803077377,-0.3333333333333333,0.7,1.0,,
METTL7A,3,3,0.968475073313783,0.9028268551236749,0.06564821819010813,0.3333333333333333,0.7,1.0,,
MIER1,3,3,0.36,0.5911251980982567,-0.2311251980982567,-0.3333333333333333,0.7,1.0,,
MINDY3,3,3,0.8125,0.8287037037037037,-0.01620370370370372,-0.3333333333333333,0.7,1.0,,
KCNQ3,3,3,0.9592592592592593,0.9102920723226704,0.04896718693658886,0.3333333333333333,0.7,1.0,,
KIAA0232,3,3,0.872093023255814,0.1757188498402556,0.6963741734155584,0.3333333333333333,0.7,1.0,,
KIAA2026,3,3,0.6935483870967742,0.6870189840944074,0.006529403002366818,0.3333333333333333,0.7,1.0,,
VPS13D,3,3,0.8716216216216216,0.8701996927803379,0.0014219288412836706,0.3333333333333333,0.7,1.0,,
PTEN,3,3,0.9034090909090909,0.6182480275136557,0.28516106339543523,0.3333333333333333,0.7,1.0,,
PTGR3,3,3,0.6692307692307692,0.6395348837209303,0.029695885509838926,0.3333333333333333,0.7,1.0,,
PTP4A2,3,3,0.9177115987460815,0.528135593220339,0.38957600552574256,0.3333333333333333,0.7,1.0,,
CDC42SE2,3,3,0.9328859060402684,0.9416046319272126,-0.008718725886944112,-0.3333333333333333,0.7,1.0,,
PRKAR1A,3,3,0.956177924217463,0.909932733467284,0.046245190750178966,0.3333333333333333,0.7,1.0,,
PRRC2B,3,3,0.94655704008222,0.7796947577969475,0.16686228228527245,0.3333333333333333,0.7,1.0,,
PSEN1,3,3,0.28296703296703296,0.3544715447154472,-0.07150451174841421,-0.3333333333333333,0.7,1.0,,
CCDC25,3,3,0.6862745098039216,0.658971243418388,0.027303266385533598,0.3333333333333333,0.7,1.0,,
RAB3GAP1,3,3,0.914651493598862,0.9312938816449348,-0.016642388046072765,-0.3333333333333333,0.7,1.0,,
RAB7A,3,3,0.8148361127084531,0.8877129581827569,-0.07287684547430373,-0.3333333333333333,0.7,1.0,,
CCNDBP1,3,3,0.8919803600654664,0.8999073215940686,-0.007926961528602172,-0.3333333333333333,0.7,1.0,,
CCNI,3,3,0.9701492537313433,0.9510741138560688,0.019075139875274538,0.3333333333333333,0.7,1.0,,
UPF3B,3,3,0.7552447552447552,0.8544726301735648,-0.09922787492880958,-0.3333333333333333,0.7,1.0,,
UQCR11,3,3,0.045994517209869024,0.4763103685053788,-0.43031585129550975,-0.3333333333333333,0.7,1.0,,
USP47,3,3,0.48502994011976047,0.8179148311306902,-0.3328848910109297,-0.3333333333333333,0.7,1.0,,
VAPB,3,3,0.580267558528428,0.5506912442396313,0.0295763142887967,0.3333333333333333,0.7,1.0,,
VOPP1,3,3,0.06919060052219321,0.06488294314381271,0.0043076573783805,0.3333333333333333,0.7,1.0,,
KIF3B,3,3,0.459954233409611,0.7864882090503506,-0.32653397564073955,-0.3333333333333333,0.7,1.0,,
MAX,3,3,0.9315960912052117,0.9327272727272727,-0.0011311815220610422,-0.3333333333333333,0.7,1.0,,
ACAP3,3,3,0.9407407407407408,0.498385676548283,0.4423550641924578,0.3333333333333333,0.7,1.0,,
ACOX1,3,3,0.7531914893617021,0.8248847926267281,-0.07169330326502599,-0.3333333333333333,0.7,1.0,,
ACTR1A,3,3,0.892925430210325,0.7961529957992483,0.09677243441107675,0.3333333333333333,0.7,1.0,,
ZFAND5,3,3,0.8527397260273972,0.9484595450619061,-0.09571981903450888,-0.3333333333333333,0.7,1.0,,
AMY2B,3,3,0.4566929133858268,0.4642857142857143,-0.0075928008998875085,-0.3333333333333333,0.7,1.0,,
SCN2B,3,3,0.7777777777777778,0.8080155138978669,-0.030237736120089065,-0.3333333333333333,0.7,1.0,,
AIF1L,3,3,0.9294605809128631,0.9367945823927766,-0.007334001479913477,-0.3333333333333333,0.7,1.0,,
ABCB8,3,3,0.3137254901960784,0.3797814207650273,-0.06605593056894887,-0.3333333333333333,0.7,1.0,,
ZNF91,3,3,0.7016129032258065,0.8112531969309463,-0.10964029370513984,-0.3333333333333333,0.7,1.0,,
ZMYM2,3,3,0.23249299719887956,0.17336485421591805,0.05912814298296151,0.3333333333333333,0.7,1.0,,
ZSWIM7,3,3,0.764367816091954,0.28442437923250563,0.4799434368594484,0.3333333333333333,0.7,1.0,,
ZNF326,3,3,0.34759358288770054,0.3756345177664975,-0.02804093487879694,-0.3333333333333333,0.7,1.0,,
ZBTB16,4,4,0.8863402752713772,0.8920223676898433,-0.005682092418466178,-0.125,0.8857142857142857,1.0,,
ZBTB7A,4,4,0.6439695302581465,0.5871083554892753,0.0568611747688712,0.125,0.8857142857142857,1.0,,
SEPTIN7,4,4,0.6378543292221397,0.6663511268784278,-0.028496797656288098,-0.125,0.8857142857142857,1.0,,
SEPTIN8,4,4,0.6979708003118098,0.5759117273865655,0.12205907292524432,0.125,0.8857142857142857,1.0,,
SERBP1,4,4,0.4939006502713539,0.3413755367720321,0.1525251134993218,0.125,0.8857142857142857,1.0,,
STRBP,4,4,0.7306966960432306,0.8673144929574634,-0.13661779691423281,-0.125,0.8857142857142857,1.0,,
STX12,4,4,0.6536036969496022,0.6163347395664315,0.03726895738317071,0.125,0.8857142857142857,1.0,,
SUB1,4,4,0.5684620590173277,0.5121090607729265,0.05635299824440121,0.125,0.8857142857142857,1.0,,
LRRTM4,4,4,0.5993587790910199,0.5902163251882695,0.00914245390275037,-0.125,0.8857142857142857,1.0,,
CALM3,4,4,0.8399584595268146,0.7838638959635755,0.05609456356323905,0.125,0.8857142857142857,1.0,,
CAND1,4,4,0.5518051460080445,0.5199966539100913,0.03180849209795322,0.125,0.8857142857142857,1.0,,
CBX5,4,4,0.9139008229787197,0.9067486266382219,0.007152196340497796,0.125,0.8857142857142857,1.0,,
CCDC7,4,4,0.46384766343677175,0.488406838134728,-0.024559174697956265,-0.125,0.8857142857142857,1.0,,
CCDC88A,4,4,0.5265117198281035,0.6387661840069458,-0.11225446417884233,-0.125,0.8857142857142857,1.0,,
RAB21,4,4,0.5099289123252011,0.5842008202361619,-0.07427190791096083,-0.125,0.8857142857142857,1.0,,
RABGAP1,4,4,0.9208032432988101,0.9473249111935604,-0.0265216678947503,-0.125,0.8857142857142857,1.0,,
VAPA,4,4,0.22975917249257,0.19547735974891128,0.03428181274365871,0.125,0.8857142857142857,1.0,,
PSMG2,4,4,0.784981495188749,0.7695339288988075,0.015447566289941594,0.125,0.8857142857142857,1.0,,
PTPRD,4,4,0.8620567375886525,0.8760678332021279,-0.014011095613475355,-0.125,0.8857142857142857,1.0,,
PURA,4,4,0.3890441176470588,0.3740546984821794,0.014989419164879392,0.125,0.8857142857142857,1.0,,
PWWP3A,4,4,0.7400191241155096,0.7705551595786806,-0.030536035463170963,-0.125,0.8857142857142857,1.0,,
QKI,4,4,0.8923347035619964,0.881053929078458,0.01128077448353837,0.125,0.8857142857142857,1.0,,
CDC42BPA,4,4,0.6863692232055063,0.7118739030233864,-0.02550467981788007,-0.125,0.8857142857142857,1.0,,
PRMT2,4,4,0.7906958659442103,0.8083652312599681,-0.0176693653157578,-0.125,0.8857142857142857,1.0,,
PSIP1,4,4,0.5177744584582742,0.6099844705545143,-0.09221001209624013,-0.125,0.8857142857142857,1.0,,
PSMD12,4,4,0.7511308122380196,0.6335088239428364,0.11762198829518322,0.125,0.8857142857142857,1.0,,
PSME3,4,4,0.6677209415485676,0.7143880811671706,-0.046667139618602915,-0.125,0.8857142857142857,1.0,,
CADM1,4,4,0.8385843579234973,0.8471905032279772,-0.008606145304479895,-0.125,0.8857142857142857,1.0,,
RANBP2,4,4,0.6325646167557932,0.664127039411387,-0.031562422655593725,0.125,0.8857142857142857,1.0,,
SIRT7,4,4,0.3102726242873326,0.31549801202400274,-0.0052253877366701396,0.125,0.8857142857142857,1.0,,
CIAO1,4,4,0.8293278301886793,0.8839439914098637,-0.0546161612211844,-0.125,0.8857142857142857,1.0,,
CISD2,4,4,0.6525867822196321,0.6258786353183146,0.02670814690131751,0.125,0.8857142857142857,1.0,,
SLC39A10,4,4,0.9236756832910679,0.9380986565329292,-0.01442297324186137,-0.125,0.8857142857142857,1.0,,
CNOT7,4,4,0.4565508021390374,0.29247400655177325,0.16407679558726418,0.125,0.8857142857142857,1.0,,
UBE3A,4,4,0.75031328320802,0.744079247831593,0.006234035376427083,0.125,0.8857142857142857,1.0,,
COPS8,4,4,0.9010385637788252,0.907326440015802,-0.006287876236976797,-0.125,0.8857142857142857,1.0,,
PPP4R3B,4,4,0.7165075998586072,0.7370581599124724,-0.02055056005386513,-0.125,0.8857142857142857,1.0,,
CSDE1,4,4,0.9688739553576544,0.9782328552218736,-0.009358899864219228,-0.125,0.8857142857142857,1.0,,
DCUN1D4,4,4,0.8795973808860407,0.88316737790422,-0.003569997018179283,-0.125,0.8857142857142857,1.0,,
DENND6B,4,4,0.26550877446378274,0.25573572997292054,0.009773044490862193,0.125,0.8857142857142857,1.0,,
RPL10A,4,4,0.8011067522847313,0.7995947268133061,0.001512025471425149,-0.125,0.8857142857142857,1.0,,
RPL13A,4,4,0.3926335865718936,0.35937377509945523,0.033259811472438394,0.125,0.8857142857142857,1.0,,
BTBD3,4,4,0.9560300338288954,0.9562873445739821,-0.00025731074508672513,-0.125,0.8857142857142857,1.0,,
BTBD8,4,4,0.7535385408255622,0.8013164781925965,-0.047777937367034395,-0.125,0.8857142857142857,1.0,,
RBM26,4,4,0.6928466289540522,0.42108566739245185,0.2717609615616004,0.125,0.8857142857142857,1.0,,
RDH11,4,4,0.5499070588721937,0.5696189329825782,-0.019711874110384442,-0.125,0.8857142857142857,1.0,,
RGS5,4,4,0.4720429558962324,0.46965827917688546,0.0023846767193469454,0.125,0.8857142857142857,1.0,,
DLG3,4,4,0.7495755517826825,0.7198344743534737,0.02974107742920884,0.125,0.8857142857142857,1.0,,
DNAJA1,4,4,0.8773294274273341,0.8866775354088782,-0.009348107981544063,-0.125,0.8857142857142857,1.0,,
UBAP2L,4,4,0.6653649154493626,0.7505258962853486,-0.085160980835986,-0.125,0.8857142857142857,1.0,,
DNAJC15,4,4,0.40801033591731267,0.461628812576976,-0.05361847665966335,-0.125,0.8857142857142857,1.0,,
PHB1,4,4,0.22546442341395023,0.18408876576682778,0.04137565764712245,0.125,0.8857142857142857,1.0,,
PIK3R1,4,4,0.4992913033221781,0.6798834400641276,-0.18059213674194952,-0.125,0.8857142857142857,1.0,,
PJA2,4,4,0.9417079680070135,0.9405433028509952,0.0011646651560183185,-0.125,0.8857142857142857,1.0,,
DTNA,4,4,0.72408918588961,0.7335789462090976,-0.009489760319487561,0.125,0.8857142857142857,1.0,,
ECPAS,4,4,0.5900640236394976,0.6284029599346447,-0.038338936295147064,-0.125,0.8857142857142857,1.0,,
EEF1A1,4,4,0.83324445033732,0.8588493712851917,-0.0256049209478717,-0.125,0.8857142857142857,1.0,,
PDE4DIP,4,4,0.8393145495514855,0.845048831368821,-0.005734281817335485,-0.125,0.8857142857142857,1.0,,
PEX5L,4,4,0.9401714285714287,0.9455046859274576,-0.005333257356028964,0.125,0.8857142857142857,1.0,,
EIF5,4,4,0.6946592514124295,0.679171222590522,0.015488028821907474,0.125,0.8857142857142857,1.0,,
SNHG14,4,4,0.5757172250351819,0.44013826002454826,0.1355789650106336,0.125,0.8857142857142857,1.0,,
BAG5,4,4,0.2642132665340504,0.2526140749459393,0.011599191588111124,0.125,0.8857142857142857,1.0,,
RNF130,4,4,0.9109495630364071,0.8915613488895396,0.019388214146867422,0.125,0.8857142857142857,1.0,,
SNN,4,4,0.7985704750250306,0.7314841273109647,0.06708634771406596,0.125,0.8857142857142857,1.0,,
PDE4D,4,4,0.6567852437417654,0.7727988783774473,-0.11601363463568193,-0.125,0.8857142857142857,1.0,,
TSC22D2,4,4,0.8336111111111111,0.7163850515781272,0.11722605953298393,-0.125,0.8857142857142857,1.0,,
PAK2,4,4,0.77732135216089,0.7705462941818274,0.0067750579790626375,-0.125,0.8857142857142857,1.0,,
PAM16,4,4,0.7096549460413583,0.6234309934265303,0.08622395261482796,0.125,0.8857142857142857,1.0,,
PAPOLA,4,4,0.6971743155022898,0.7004858299595141,-0.0033115144572243294,0.125,0.8857142857142857,1.0,,
PCDH9,4,4,0.6072141285753603,0.6148881279852978,-0.007673999409937515,-0.125,0.8857142857142857,1.0,,
TPM1,4,4,0.8652712350055849,0.8830311704834606,-0.017759935477875688,-0.125,0.8857142857142857,1.0,,
OPCML,4,4,0.7999226006191951,0.7499608371944153,0.04996176342477976,-0.125,0.8857142857142857,1.0,,
OSBPL1A,4,4,0.8222475211164157,0.8414837729097395,-0.019236251793323778,-0.125,0.8857142857142857,1.0,,
PACS2,4,4,0.2907843358113689,0.31350105091579805,-0.02271671510442913,-0.125,0.8857142857142857,1.0,,
TRIL,4,4,0.35026663280853226,0.3512330403911604,-0.0009664075826281149,0.125,0.8857142857142857,1.0,,
RPS29,4,4,0.11624506037071176,0.17173214203731482,-0.05548708166660306,-0.125,0.8857142857142857,1.0,,
RSF1,4,4,0.3314755838641189,0.32956824411290564,0.0019073397512132662,-0.125,0.8857142857142857,1.0,,
ATP1A2,4,4,0.9034590505563603,0.9763175627307537,-0.07285851217439332,-0.125,0.8857142857142857,1.0,,
ATPAF1,4,4,0.42297236690953155,0.44097077396609374,-0.017998407056562193,-0.125,0.8857142857142857,1.0,,
ATXN2,4,4,0.9118507429029591,0.9023520117273984,0.00949873117556066,0.125,0.8857142857142857,1.0,,
RPL34,4,4,0.316558856739395,0.22846259227350266,0.08809626446589233,0.125,0.8857142857142857,1.0,,
ERC2,4,4,0.4789247014635911,0.5705115492778188,-0.09158684781422766,-0.125,0.8857142857142857,1.0,,
ERMN,4,4,0.6565018425058079,0.680446864030081,-0.023945021524273136,-0.125,0.8857142857142857,1.0,,
NSG1,4,4,0.7406565466122238,0.698324345146379,0.04233220146584482,0.125,0.8857142857142857,1.0,,
NTRK2,4,4,0.4579841146020346,0.5063702953433411,-0.04838618074130652,-0.125,0.8857142857142857,1.0,,
NUCKS1,4,4,0.5364398692042484,0.5484995555279113,-0.012059686323662944,-0.125,0.8857142857142857,1.0,,
FAM81A,4,4,0.7412502449539486,0.4744436680852866,0.26680657686866205,0.125,0.8857142857142857,1.0,,
FBXL5,4,4,0.17753767436373824,0.17675076315629873,0.0007869112074395113,0.125,0.8857142857142857,1.0,,
SNRPD3,4,4,0.5356717379054978,0.5261067928354174,0.009564945070080433,-0.125,0.8857142857142857,1.0,,
SNX19,4,4,0.7679089026915114,0.7650822703743283,0.002826632317183053,0.125,0.8857142857142857,1.0,,
NRXN3,4,4,0.8962332779079435,0.8750377922329013,0.021195485675042147,-0.125,0.8857142857142857,1.0,,
FMNL2,4,4,0.9293766649827943,0.92673093443527,0.002645730547524261,0.125,0.8857142857142857,1.0,,
RPS24,4,4,0.14981231046415247,0.14568201799063368,0.004130292473518787,0.125,0.8857142857142857,1.0,,
FOXP1,4,4,0.8275478915722818,0.7796862334677461,0.04786165810453569,0.125,0.8857142857142857,1.0,,
FRMPD4,4,4,0.8048911872441284,0.7557317359642941,0.04915945127983434,0.125,0.8857142857142857,1.0,,
FXR1,4,4,0.670011479238412,0.639294578083238,0.030716901155174003,-0.125,0.8857142857142857,1.0,,
NFIC,4,4,0.6124242652473724,0.6319231470294402,-0.019498881782067823,-0.125,0.8857142857142857,1.0,,
GDE1,4,4,0.67240978496328,0.6721263464108813,0.00028343855239865157,0.125,0.8857142857142857,1.0,,
GLUL,4,4,0.9576528855454299,0.948012734857236,0.009640150688193905,0.125,0.8857142857142857,1.0,,
GNAO1,4,4,0.928462852094062,0.9194776319814254,0.008985220112636583,0.125,0.8857142857142857,1.0,,
TMEM8B,4,4,0.5018454724409449,0.6538654328128013,-0.1520199603718564,-0.125,0.8857142857142857,1.0,,
SRSF3,4,4,0.5929783570364272,0.5747848899831655,0.018193467053261747,0.125,0.8857142857142857,1.0,,
GPRC5B,4,4,0.4795884847910431,0.4760332079227353,0.0035552768683078106,-0.125,0.8857142857142857,1.0,,
NDUFAF4,4,4,0.5835113736332789,0.6305608639750657,-0.04704949034178685,-0.125,0.8857142857142857,1.0,,
NDUFS1,4,4,0.7205882352941176,0.7522798271365722,-0.031691591842454514,-0.125,0.8857142857142857,1.0,,
GTF2I,4,4,0.8551613196397068,0.8993034757010598,-0.04414215606135308,0.125,0.8857142857142857,1.0,,
H3-3B,4,4,0.5354462661840707,0.5459025001404392,-0.010456233956368521,-0.125,0.8857142857142857,1.0,,
YPEL5,4,4,0.8037468508147101,0.7897194272344539,0.014027423580256215,-0.125,0.8857142857142857,1.0,,
YY1,4,4,0.6610884364651073,0.6206218399388804,0.04046659652622686,0.125,0.8857142857142857,1.0,,
HIPK2,4,4,0.871134333291872,0.8927487263313212,-0.02161439303944923,-0.125,0.8857142857142857,1.0,,
TLN1,4,4,0.4458718326625475,0.4713644771856948,-0.025492644523147312,0.125,0.8857142857142857,1.0,,
MTURN,4,4,0.8277559331858283,0.9083222250645921,-0.08056629187876385,-0.125,0.8857142857142857,1.0,,
MXD4,4,4,0.7465137301975429,0.8233522324592488,-0.07683850226170597,-0.125,0.8857142857142857,1.0,,
NACA,4,4,0.8271428014858886,0.7940686318519343,0.033074169633954265,0.125,0.8857142857142857,1.0,,
HNRNPUL2,4,4,0.7483445225916454,0.948651914556254,-0.20030739196460856,-0.125,0.8857142857142857,1.0,,
HP1BP3,4,4,0.889554168774948,0.8449096158125258,0.0446445529624222,0.125,0.8857142857142857,1.0,,
HSP90AB1,4,4,0.6908422069736758,0.7927599717479109,-0.10191776477423509,-0.125,0.8857142857142857,1.0,,
MSRA,4,4,0.8418604651162791,0.8416024449913488,0.0002580201249302583,-0.125,0.8857142857142857,1.0,,
SYT1,4,4,0.8819222485107905,0.8338583840195047,0.048063864491285746,0.125,0.8857142857142857,1.0,,
SYT11,4,4,0.96127145747022,0.9473011522914359,0.01397030517878417,0.125,0.8857142857142857,1.0,,
SZRD1,4,4,0.8787104000779214,0.8418799507844992,0.036830449293422274,0.125,0.8857142857142857,1.0,,
TAFA5,4,4,0.7415094914067376,0.722028025451755,0.01948146595498257,0.125,0.8857142857142857,1.0,,
TAX1BP1,4,4,0.5857996141724238,0.613302465456746,-0.027502851284322283,-0.125,0.8857142857142857,1.0,,
TCF4,4,4,0.9005613796673785,0.8824012702717662,0.0181601093956123,0.125,0.8857142857142857,1.0,,
STMN1,4,4,0.8761072603725397,0.8586975751694017,0.017409685203138014,0.125,0.8857142857142857,1.0,,
SEC63,4,4,0.4994823655313605,0.5410785176871998,-0.04159615215583934,-0.125,0.8857142857142857,1.0,,
SECISBP2L,4,4,0.8877089665653495,0.8898816419038026,-0.0021726753384531117,-0.125,0.8857142857142857,1.0,,
ANKRD17,4,4,0.3792816309175092,0.3971516389772734,-0.017870008059764186,-0.125,0.8857142857142857,1.0,,
MEG3,4,4,0.868654854631228,0.8266335626750247,0.0420212919562033,0.125,0.8857142857142857,1.0,,
MFSD12,4,4,0.3126209833526907,0.34198408158912663,-0.02936309823643596,-0.125,0.8857142857142857,1.0,,
MIA3,4,4,0.421111283885347,0.5250306114890039,-0.10391932760365685,-0.125,0.8857142857142857,1.0,,
MAPRE2,4,4,0.944095931433292,0.9298287968896874,0.01426713454360451,0.125,0.8857142857142857,1.0,,
AK5,4,4,0.9499751192607502,0.9437027313238777,0.006272387936872459,0.125,0.8857142857142857,1.0,,
AKAP9,4,4,0.9163556754360036,0.8010227049660821,0.11533297046992153,0.125,0.8857142857142857,1.0,,
AKT3,4,4,0.4384928563705003,0.42333983895281313,0.015153017417687153,0.125,0.8857142857142857,1.0,,
ALDH7A1,4,4,0.4151695715415827,0.37154746448220144,0.04362210705938124,0.125,0.8857142857142857,1.0,,
ANK2,4,4,0.9387403356207928,0.9575273752484235,-0.01878703962763062,-0.125,0.8857142857142857,1.0,,
ANK3,4,4,0.9035018576162265,0.926424059835522,-0.02292220221929553,-0.125,0.8857142857142857,1.0,,
MBD2,4,4,0.5714430031923061,0.5179107879089233,0.05353221528338281,-0.125,0.8857142857142857,1.0,,
KLC1,4,4,0.9440460328297289,0.9476879944987348,-0.0036419616690058776,-0.125,0.8857142857142857,1.0,,
KPNB1,4,4,0.5571553019854651,0.5460737953237509,0.011081506661714258,0.125,0.8857142857142857,1.0,,
KTN1,4,4,0.7655351154194512,0.7556719067282663,0.009863208691184844,-0.125,0.8857142857142857,1.0,,
LYRM4,4,4,0.2818301121450728,0.2820070246178621,-0.00017691247278928124,0.125,0.8857142857142857,1.0,,
MAP4,4,4,0.43895768741990987,0.3905457295124465,0.04841195790746339,0.125,0.8857142857142857,1.0,,
MAP4K4,4,4,0.7038127825980691,0.7576498113297678,-0.05383702873169871,-0.125,0.8857142857142857,1.0,,
LINC-PINT,4,4,0.6556719594041578,0.48784996993593244,0.16782198946822535,0.125,0.8857142857142857,1.0,,
AGPAT3,4,4,0.7125066904549509,0.7870929247581483,-0.07458623430319744,0.125,0.8857142857142857,1.0,,
ZNF706,3,3,0.2564102564102564,0.3206634416033172,-0.06425318519306084,-0.1111111111111111,1.0,1.0,,
ZMYM4,3,3,0.746031746031746,0.6691560866318148,0.07687565939993124,-0.1111111111111111,1.0,1.0,,
ZMAT2,3,3,0.6121726822363766,0.8125135310673306,-0.20034084883095404,-0.1111111111111111,1.0,1.0,,
ADGRL3,4,4,0.8244902972242693,0.8236556860042934,0.000834611219975856,0.0,1.0,1.0,,
SERINC1,3,3,0.9820724273933309,0.9841200783119426,-0.0020476509186116987,-0.1111111111111111,1.0,1.0,,
SERF1A,3,3,0.48490945674044267,0.48739164696611503,-0.002482190225672365,-0.1111111111111111,1.0,1.0,,
SEC11C,3,3,0.9548872180451128,0.9458492975734355,0.009037920471677285,0.1111111111111111,1.0,1.0,,
SCP2,3,3,0.8282387190684134,0.8938714499252616,-0.06563273085684818,-0.1111111111111111,1.0,1.0,,
SCLT1,3,3,0.59375,0.5867346938775511,0.007015306122448939,-0.1111111111111111,1.0,1.0,,
SCAF11,3,3,0.6384615384615384,0.5305466237942122,0.10791491466732617,0.1111111111111111,1.0,1.0,,
SBF1,3,3,0.1391304347826087,0.14025974025974025,-0.0011293054771315536,-0.1111111111111111,1.0,1.0,,
SAP18,3,3,0.2991150442477876,0.2368498817966903,0.06226516245109731,-0.1111111111111111,1.0,1.0,,
RUFY3,4,4,0.771393143609984,0.5341822522881019,0.2372108913218821,0.0,1.0,1.0,,
SH3KBP1,3,3,0.33264033264033266,0.3375796178343949,-0.004939285194062226,-0.1111111111111111,1.0,1.0,,
SF3A1,3,3,0.6511627906976745,0.6317460317460317,0.019416758951642743,0.1111111111111111,1.0,1.0,,
SETD2,4,4,0.877464434092912,0.8775643640377186,-9.992994480667594e-05,0.0,1.0,1.0,,
RTN4,3,3,0.8556709882373144,0.8437878787878788,0.011883109449435603,0.1111111111111111,1.0,1.0,,
RPS8,4,4,0.5897529210810497,0.5792160476581787,0.010536873422871018,0.0,1.0,1.0,,
RPS3A,4,4,0.7009398058835452,0.7056170440818819,-0.004677238198336653,0.0,1.0,1.0,,
RPS20,4,4,0.05420607301984792,0.07262097268854123,-0.018414899668693308,0.0,1.0,1.0,,
RPRD1A,4,4,0.7954741784037558,0.8772193197001106,-0.0817451412963548,0.0625,1.0,1.0,,
RPL30,3,3,0.3745173745173745,0.41257557436517533,-0.038058199847800844,-0.1111111111111111,1.0,1.0,,
RPL23A,3,3,0.3009072580645161,0.2664753794890781,0.034431878575438,0.1111111111111111,1.0,1.0,,
RHOBTB3,3,3,0.8351177730192719,0.9027624309392265,-0.06764465791995455,0.1111111111111111,1.0,1.0,,
RHEB,3,3,0.06003873466752744,0.06038908403134288,-0.00035034936381544285,-0.1111111111111111,1.0,1.0,,
RGS12,3,3,0.39862542955326463,0.44979508196721313,-0.051169652413948497,-0.1111111111111111,1.0,1.0,,
RFK,3,3,0.8365384615384616,0.8434782608695652,-0.006939799331103669,-0.1111111111111111,1.0,1.0,,
RBMX,3,3,0.29891304347826086,0.26639892904953144,0.032514114428729424,-0.1111111111111111,1.0,1.0,,
RBFOX2,3,3,0.8521825396825397,0.6903457719958919,0.1618367676866478,0.1111111111111111,1.0,1.0,,
SLC25A23,3,3,0.097581317764804,0.11638591117917305,-0.018804593414369047,-0.1111111111111111,1.0,1.0,,
SLC24A2,4,4,0.9311016493759516,0.913888336477851,0.017213312898100686,0.0,1.0,1.0,,
SIK2,4,4,0.9144658042879387,0.8882807980672164,0.026185006220722284,0.0,1.0,1.0,,
RAPGEF4,3,3,0.9836956521739131,0.980615981046737,0.003079671127176109,0.1111111111111111,1.0,1.0,,
RAE1,3,3,0.3952380952380952,0.41367437284800784,-0.01843627760991262,-0.1111111111111111,1.0,1.0,,
RAB5B,4,4,0.9296635788914649,0.9269096086416919,0.0027539702497729746,0.0,1.0,1.0,,
RAB40B,4,4,0.899022531174731,0.879469488489997,0.019553042684734012,0.0,1.0,1.0,,
R3HDM2,3,3,0.9251824817518248,0.8911062906724512,0.03407619107937365,0.1111111111111111,1.0,1.0,,
QSOX1,3,3,0.24024024024024024,0.2,0.04024024024024023,0.1111111111111111,1.0,1.0,,
PTPRN2,3,3,0.9096234309623431,0.9142156862745098,-0.004592255312166671,-0.1111111111111111,1.0,1.0,,
PTPRK,3,3,0.8769470404984424,0.8583525789068515,0.01859446159159095,-0.1111111111111111,1.0,1.0,,
PTN,3,3,0.8693994280266921,0.8920741989881956,-0.0226747709615035,0.1111111111111111,1.0,1.0,,
PTMA,3,3,0.655361596009975,0.6896682824826538,-0.03430668647267876,0.1111111111111111,1.0,1.0,,
PRELID3B,4,4,0.7372751124437781,0.7491785323110625,-0.011903419867284382,0.0,1.0,1.0,,
SLC35E1,3,3,0.7040816326530612,0.6068965517241379,0.0971850809289233,-0.1111111111111111,1.0,1.0,,
SLC2A13,3,3,0.9671361502347418,0.9694458829621958,-0.0023097327274540502,-0.1111111111111111,1.0,1.0,,
PPP6C,4,4,0.6927435144395497,0.6679853047990989,0.024758209640450834,0.0,1.0,1.0,,
PPP2R5E,3,3,0.5882352941176471,0.5346534653465347,0.053581828771112394,0.1111111111111111,1.0,1.0,,
PPP2R2D,3,3,0.2644230769230769,0.25929456625357483,0.0051285106695020954,-0.1111111111111111,1.0,1.0,,
PPP2R2A,3,3,0.28709055876685935,0.2789317507418398,0.00815880802501956,-0.1111111111111111,1.0,1.0,,
PPM1A,4,4,0.7350183634377623,0.7996830736237699,-0.06466471018600761,0.0,1.0,1.0,,
POLR1D,4,4,0.5199204473544872,0.5030762752478288,0.01684417210665834,0.0,1.0,1.0,,
PNPT1,3,3,0.5612244897959183,0.39002932551319647,0.17119516428272186,0.1111111111111111,1.0,1.0,,
PLXDC2,3,3,0.47058823529411764,0.577639751552795,-0.10705151625867737,-0.1111111111111111,1.0,1.0,,
PLP1,3,3,0.9399779182977015,0.947386588425846,-0.007408670128144501,0.1111111111111111,1.0,1.0,,
PLA2G12A,3,3,0.5211267605633803,0.6029411764705882,-0.08181441590720795,-0.1111111111111111,1.0,1.0,,
PITPNA,4,4,0.6845743758668517,0.7539837569613832,-0.06940938109453154,0.0,1.0,1.0,,
PIN4,3,3,0.16,0.15960374243258119,0.00039625756741881735,0.1111111111111111,1.0,1.0,,
SNHG16,3,3,0.5135135135135135,0.5118733509234829,0.001640162590030636,0.1111111111111111,1.0,1.0,,
SMARCE1,3,3,0.7262569832402235,0.7296248382923674,-0.0033678550521438755,0.1111111111111111,1.0,1.0,,
SMAP1,3,3,0.9525691699604744,0.957166392092257,-0.004597222131782597,0.1111111111111111,1.0,1.0,,
SMAD2,3,3,0.25142857142857145,0.30060120240480964,-0.049172630976238196,-0.1111111111111111,1.0,1.0,,
PCSK2,4,4,0.7281811085089773,0.743525995150668,-0.015344886641690647,0.0,1.0,1.0,,
PCLO,4,4,0.6119534618536864,0.5678743882016819,0.044079073652004475,0.0,1.0,1.0,,
PCDHAC2,4,4,0.6029411764705883,0.6189297818070039,-0.01598860533641555,0.0,1.0,1.0,,
PCDH7,4,4,0.9052613610981379,0.9076033675954842,-0.002342006497346283,0.0,1.0,1.0,,
PARVA,3,3,0.4631578947368421,0.4303030303030303,0.0328548644338118,0.1111111111111111,1.0,1.0,,
PABPN1,3,3,0.7314285714285714,0.6225820962663068,0.10884647516226464,-0.1111111111111111,1.0,1.0,,
OTUD6B-AS1,3,3,0.19718309859154928,0.25480622520598106,-0.05762312661443178,0.1111111111111111,1.0,1.0,,
OSBPL8,3,3,0.8521739130434782,0.8885448916408669,-0.03637097859738869,-0.1111111111111111,1.0,1.0,,
OGT,3,3,0.9237668161434978,0.9071908434934063,0.016575972650091475,0.1111111111111111,1.0,1.0,,
OGFRL1,3,3,0.8439821693907875,0.8097886540600667,0.03419351533072079,-0.1111111111111111,1.0,1.0,,
NUFIP2,4,4,0.8430418923400023,0.8642123563078179,-0.021170463967815634,0.0,1.0,1.0,,
NUB1,3,3,0.8043478260869565,0.7626359564939219,0.041711869593034634,0.1111111111111111,1.0,1.0,,
NTM,3,3,0.9653333333333334,0.924726831242412,0.040606502090921426,0.1111111111111111,1.0,1.0,,
SPATA7,3,3,0.6556016597510373,0.6991269308260577,-0.043525271075020355,0.1111111111111111,1.0,1.0,,
SPARCL1,4,4,0.6383685800928688,0.6023334086035161,0.036035171489352646,0.0,1.0,1.0,,
SORBS1,3,3,0.962874251497006,0.958041958041958,0.004832293455047987,0.1111111111111111,1.0,1.0,,
NRG3,4,4,0.785289452815226,0.7881051611484016,-0.0028157083331755706,0.0,1.0,1.0,,
NPM1,4,4,0.6780604262144292,0.6826649419230961,-0.004604515708666934,0.0,1.0,1.0,,
NPEPPS,3,3,0.514745308310992,0.032017075773746,0.48272823253724595,0.1111111111111111,1.0,1.0,,
NLK,4,4,0.9455949147342507,0.9462219316972953,-0.0006270169630445688,0.0,1.0,1.0,,
NLGN1,3,3,0.5769230769230769,0.35443037974683544,0.22249269717624143,0.1111111111111111,1.0,1.0,,
NKAIN3,3,3,0.8181818181818182,0.7672955974842768,0.05088622069754145,0.1111111111111111,1.0,1.0,,
NGRN,3,3,0.9266553480475382,0.9340280626897514,-0.0073727146422131185,-0.1111111111111111,1.0,1.0,,
NFYB,3,3,0.5029585798816568,0.4492753623188406,0.05368321756281624,-0.1111111111111111,1.0,1.0,,
NFIX,3,3,0.758576874205845,0.7925816023738872,-0.03400472816804223,0.1111111111111111,1.0,1.0,,
NFIB,3,3,0.9310344827586207,0.9621934604904632,-0.031158977731842508,-0.1111111111111111,1.0,1.0,,
NFASC,3,3,0.9614643545279383,0.963265306122449,-0.001800951594510658,-0.1111111111111111,1.0,1.0,,
NF1,4,4,0.9031590447467225,0.9208155140306942,-0.017656469283971687,0.0,1.0,1.0,,
NEMF,3,3,0.2638146167557932,0.4015567765567766,-0.13774215980098337,-0.1111111111111111,1.0,1.0,,
SRSF11,4,4,0.8068209808219349,0.8008156752429778,0.006005305578957065,0.0,1.0,1.0,,
SPTSSA,3,3,0.3659574468085106,0.36612789880534086,-0.00017045199683024537,-0.1111111111111111,1.0,1.0,,
SPRED1,3,3,0.6682027649769585,0.6727009413468501,-0.004498176369891582,0.1111111111111111,1.0,1.0,,
SPOCK1,3,3,0.9769563130100816,0.9790949759119064,-0.0021386629018248504,-0.1111111111111111,1.0,1.0,,
NEDD4L,3,3,0.896969696969697,0.885577734045544,0.01139196292415301,0.1111111111111111,1.0,1.0,,
NDUFV3,3,3,0.8801652892561983,0.1492769744160178,0.7308883148401805,0.1111111111111111,1.0,1.0,,
NDUFB5,3,3,0.19538572458543618,0.2229965156794425,-0.027610791094006326,-0.1111111111111111,1.0,1.0,,
NCOA7,3,3,0.7885425442291492,0.829051906779661,-0.04050936255051185,0.1111111111111111,1.0,1.0,,
MRPS17,3,3,0.4036144578313253,0.367170626349892,0.03644383148143332,0.1111111111111111,1.0,1.0,,
MRPL50,3,3,0.4152542372881356,0.48470588235294115,-0.06945164506480556,-0.1111111111111111,1.0,1.0,,
MRPL35,3,3,0.7594594594594595,0.752185089974293,0.007274369485166465,-0.1111111111111111,1.0,1.0,,
MRAS,3,3,0.8241206030150754,0.8224066390041493,0.00171396401092605,0.1111111111111111,1.0,1.0,,
MPRIP,4,4,0.3594187798733253,0.5657519008321171,-0.2063331209587918,0.0,1.0,1.0,,
MOB4,3,3,0.7218430034129693,0.726063829787234,-0.004220826374264797,-0.1111111111111111,1.0,1.0,,
MNAT1,4,4,0.4907291814441765,0.4815152836436799,0.009213897800496584,0.0,1.0,1.0,,
STK39,3,3,0.8861386138613861,0.8116100766703176,0.07452853719106856,0.1111111111111111,1.0,1.0,,
STAU2,4,4,0.5745832507853847,0.5473493850581601,0.027233865727224638,0.0,1.0,1.0,,
ST8SIA1,3,3,0.5963302752293578,0.565377532228361,0.03095274300099682,-0.1111111111111111,1.0,1.0,,
SSX2IP,3,3,0.8022727272727272,0.8092672413793104,-0.0069945141065831384,0.1111111111111111,1.0,1.0,,
SRSF7,3,3,0.5,0.5492679066086268,-0.04926790660862679,-0.1111111111111111,1.0,1.0,,
MINDY2,4,4,0.8673332520424338,0.8683143295185394,-0.0009810774761055407,0.0,1.0,1.0,,
MGLL,3,3,0.6952054794520548,0.714419695193435,-0.01921421574138016,-0.1111111111111111,1.0,1.0,,
MEIS3,3,3,0.912621359223301,0.9084821428571429,0.004139216366158105,0.1111111111111111,1.0,1.0,,
MDGA2,3,3,0.6779661016949152,0.6713286713286714,0.006637430366243868,-0.1111111111111111,1.0,1.0,,
MBOAT2,3,3,0.6741935483870968,0.7248520710059172,-0.05065852261882042,-0.1111111111111111,1.0,1.0,,
MATR3,4,4,0.7757676104013098,0.7531993697083981,0.022568240692911745,0.0,1.0,1.0,,
MAPT,4,4,0.749229342086485,0.6240376446879916,0.12519169739849334,0.0,1.0,1.0,,
MAP3K13,3,3,0.1806020066889632,0.22509225092250923,-0.04449024423354603,-0.1111111111111111,1.0,1.0,,
MAP2,4,4,0.8011446389111567,0.750924590883453,0.050220048027703745,0.0,1.0,1.0,,
MAN1A2,4,4,0.409836634317348,0.38780375650926036,0.02203287780808766,0.0,1.0,1.0,,
LRRFIP1,3,3,0.7866666666666666,0.6993006993006993,0.08736596736596736,-0.1111111111111111,1.0,1.0,,
LRRC14,3,3,0.3053097345132743,0.3589990375360924,-0.0536893030228181,-0.1111111111111111,1.0,1.0,,
LNPK,3,3,0.8983050847457628,0.7869565217391304,0.11134856300663232,-0.1111111111111111,1.0,1.0,,
SVOP,3,3,0.3037974683544304,0.30976,-0.005962531645569591,0.1111111111111111,1.0,1.0,,
SVIP,3,3,0.3684992570579495,0.37589376915219613,-0.00739451209424663,0.1111111111111111,1.0,1.0,,
SURF4,3,3,0.8213256484149856,0.8415335463258786,-0.020207897910893058,-0.1111111111111111,1.0,1.0,,
LINGO1,4,4,0.5997725392886684,0.5759076279553329,0.02386491133333546,0.0,1.0,1.0,,
LINC00632,4,4,0.61303768569557,0.3954463067620334,0.21759137893353664,0.0,1.0,1.0,,
LGI4,4,4,0.8272174519771598,0.7758420063905266,0.051375445586633206,0.0,1.0,1.0,,
LARS1,4,4,0.48065986542218364,0.5476216279040547,-0.06696176248187102,0.0,1.0,1.0,,
KMT5B,3,3,0.8392857142857143,0.859504132231405,-0.02021841794569068,-0.1111111111111111,1.0,1.0,,
KLHL5,3,3,0.3956043956043956,0.413751507840772,-0.01814711223637644,0.1111111111111111,1.0,1.0,,
KIF5B,3,3,0.648854961832061,0.5912657290895633,0.05758923274249772,0.1111111111111111,1.0,1.0,,
KIAA1549L,4,4,0.8920057877426946,0.8894200259334479,0.002585761809246634,0.0,1.0,1.0,,
KHDRBS3,3,3,0.9452380952380952,0.21938936103242052,0.7258487342056748,0.1111111111111111,1.0,1.0,,
KDSR,3,3,0.30952380952380953,0.2855093256814921,0.024014483842317413,0.1111111111111111,1.0,1.0,,
KCNJ3,3,3,0.8783694937541091,0.8689717925386715,0.009397701215437593,0.1111111111111111,1.0,1.0,,
KCNJ10,4,4,0.3465717961426116,0.3639268448050424,-0.017355048662430816,0.0,1.0,1.0,,
KCMF1,4,4,0.43794776163442584,0.4336019855354808,0.004345776098945042,0.0,1.0,1.0,,
JMJD1C,3,3,0.8300653594771242,0.788546255506608,0.04151910397051628,0.1111111111111111,1.0,1.0,,
ITSN2,3,3,0.5067024128686327,0.3163841807909605,0.19031823207767223,-0.1111111111111111,1.0,1.0,,
ITPRID2,3,3,0.8980716253443526,0.8703703703703703,0.027701254973982237,0.1111111111111111,1.0,1.0,,
IPO5,3,3,0.5542427497314716,0.5878003696857671,-0.033557619954295514,0.1111111111111111,1.0,1.0,,
TAPT1,3,3,0.7974683544303798,0.7279151943462897,0.06955316008409007,0.1111111111111111,1.0,1.0,,
HUWE1,3,3,0.7710280373831776,0.2960777507809788,0.4749502866021988,0.1111111111111111,1.0,1.0,,
HTT,3,3,0.7409470752089137,0.7280240420736288,0.012923033135284867,0.1111111111111111,1.0,1.0,,
HTATSF1,3,3,0.8460905349794239,0.7971044467425026,0.0489860882369213,-0.1111111111111111,1.0,1.0,,
HSPD1,3,3,0.91328125,0.9358839604792937,-0.02260271047929363,0.1111111111111111,1.0,1.0,,
HSPA8,4,4,0.9565132219201986,0.9638474057911398,-0.007334183870941202,0.0,1.0,1.0,,
HOOK3,3,3,0.6866059817945384,0.7063516416078551,-0.019745659813316774,-0.1111111111111111,1.0,1.0,,
HNRNPK,4,4,0.6542961722538136,0.6163894384513647,0.03790673380244891,0.0,1.0,1.0,,
HNRNPH3,3,3,0.7395048439181916,0.7164821648216482,0.02302267909654343,0.1111111111111111,1.0,1.0,,
HMOX2,3,3,0.372,0.7810945273631841,-0.4090945273631841,-0.1111111111111111,1.0,1.0,,
TLE1,3,3,0.6483516483516484,0.5870178739416745,0.061333774409973896,-0.1111111111111111,1.0,1.0,,
TIMM10B,3,3,0.7040816326530612,0.6596931659693166,0.04438846668374463,0.1111111111111111,1.0,1.0,,
TIA1,3,3,0.7117903930131004,0.7299771167048055,-0.018186723691705042,0.1111111111111111,1.0,1.0,,
THRB,4,4,0.9039245507855374,0.9176943972104032,-0.013769846424865895,0.0,1.0,1.0,,
THOC2,3,3,0.8677685950413223,0.8737997256515775,-0.006031130610255175,-0.1111111111111111,1.0,1.0,,
HIGD1A,3,3,0.8493852459016393,0.9118879689256875,-0.06250272302404813,-0.1111111111111111,1.0,1.0,,
HIF3A,3,3,0.7428571428571429,0.6431273644388399,0.099729778418303,0.1111111111111111,1.0,1.0,,
HECW2,3,3,0.6336633663366337,0.5842105263157895,0.04945284002084416,0.1111111111111111,1.0,1.0,,
HDLBP,4,4,0.611180051964168,0.6557561199895567,-0.044576068025388715,0.0,1.0,1.0,,
HDAC4,3,3,0.49696969696969695,0.5224171539961013,-0.025447457026404385,-0.1111111111111111,1.0,1.0,,
HCN1,3,3,0.7167630057803468,0.7348956426217502,-0.018132636841403427,-0.1111111111111111,1.0,1.0,,
GUCY1B1,3,3,0.9743164871582436,0.9696746650964227,0.004641822061820844,0.1111111111111111,1.0,1.0,,
GPRASP3,3,3,0.5208333333333334,0.5411298315163529,-0.020296498183019485,0.1111111111111111,1.0,1.0,,
GPR85,3,3,0.275,0.23267326732673269,0.04232673267326734,0.1111111111111111,1.0,1.0,,
GPHN,3,3,0.9253731343283582,0.9255813953488372,-0.00020826102047899475,0.1111111111111111,1.0,1.0,,
GPATCH2L,3,3,0.8518518518518519,0.8419512195121951,0.009900632339656767,0.1111111111111111,1.0,1.0,,
GNL1,4,4,0.5206352699530516,0.5970622159901462,-0.07642694603709455,0.0,1.0,1.0,,
TMEM14B,4,4,0.11433182181915177,0.10345848061049362,0.010873341208658155,0.0,1.0,1.0,,
TMEM132B,3,3,0.7952898550724637,0.5387155963302752,0.25657425874218853,0.1111111111111111,1.0,1.0,,
TMEM127,4,4,0.6207503715705047,0.5166325981119426,0.1041177734585621,0.0,1.0,1.0,,
TMEM108,3,3,0.82,0.8571428571428571,-0.037142857142857144,-0.1111111111111111,1.0,1.0,,
GNAQ,4,4,0.5829241816554322,0.5944242884660706,-0.0115001068106384,0.0,1.0,1.0,,
GABRG2,3,3,0.7843843843843844,0.8016126789934659,-0.017228294609081485,0.1111111111111111,1.0,1.0,,
GABRG1,3,3,0.8095238095238095,0.9045801526717557,-0.0950563431479462,-0.1111111111111111,1.0,1.0,,
GABARAPL1,3,3,0.9351585014409222,0.9390708301599391,-0.003912328719016922,0.1111111111111111,1.0,1.0,,
FTX,3,3,0.5880149812734082,0.5875370919881305,0.00047788928527769947,0.1111111111111111,1.0,1.0,,
FTL,3,3,0.8852092503318661,0.9194258616309594,-0.03421661129909326,-0.1111111111111111,1.0,1.0,,
FRMD4A,3,3,0.6268221574344023,0.60828025477707,0.018541902657332243,0.1111111111111111,1.0,1.0,,
FRA10AC1,3,3,0.5741758241758241,0.6166726042037762,-0.0424967800279521,0.1111111111111111,1.0,1.0,,
FOXK2,3,3,0.6370967741935484,0.4864864864864865,0.15061028770706186,0.1111111111111111,1.0,1.0,,
FDFT1,4,4,0.9227809122655866,0.9524869216461288,-0.029706009380542242,0.0,1.0,1.0,,
FBXO9,3,3,0.8145695364238411,0.7461024498886414,0.06846708653519973,0.1111111111111111,1.0,1.0,,
FBXO44,3,3,0.10352941176470588,0.10869565217391304,-0.005166240409207157,-0.1111111111111111,1.0,1.0,,
FAR1,4,4,0.8125380501851089,0.7537889385256381,0.05874911165947083,0.0,1.0,1.0,,
FAM217B,3,3,0.8337182448036952,0.7451772095109914,0.08854103529270374,-0.1111111111111111,1.0,1.0,,
FAHD1,3,3,0.5864978902953587,0.5936395759717314,-0.007141685676372744,0.1111111111111111,1.0,1.0,,
FAAP20,3,3,0.2483221476510067,0.2433405327573794,0.004981614893627306,-0.1111111111111111,1.0,1.0,,
TRAPPC10,3,3,0.502262443438914,0.5234899328859061,-0.021227489446992043,-0.1111111111111111,1.0,1.0,,
EPS15,4,4,0.9009837954304012,0.9058320807920202,-0.004848285361618965,0.0,1.0,1.0,,
EPG5,3,3,0.6607142857142857,0.6632503660322109,-0.0025360803179251823,0.1111111111111111,1.0,1.0,,
EPB41L3,4,4,0.9553679840194274,0.9504256048116164,0.004942379207810932,0.0,1.0,1.0,,
EPB41L1,4,4,0.7743255263978446,0.7833741353531702,-0.009048608955325665,0.0,1.0,1.0,,
ENSG00000284707,3,3,0.5411764705882353,0.5969387755102041,-0.055762304921968875,0.1111111111111111,1.0,1.0,,
ENSG00000250135,3,3,0.8775510204081632,0.8599195710455764,0.01763144936258687,0.1111111111111111,1.0,1.0,,
TTC33,4,4,0.7278058228736141,0.611127744510978,0.1166780783626361,0.0,1.0,1.0,,
TTBK1,3,3,0.6060606060606061,0.6382978723404256,-0.03223726627981949,-0.1111111111111111,1.0,1.0,,
TSPAN5,3,3,0.9656488549618321,0.961369461735628,0.004279393226204076,0.1111111111111111,1.0,1.0,,
TRIO,4,4,0.7620475470660987,0.7861927019950585,-0.024145154928959855,0.0,1.0,1.0,,
TRIM69,3,3,0.6065573770491803,0.6149691358024691,-0.008411758753288812,-0.1111111111111111,1.0,1.0,,
ELP2,3,3,0.5299145299145299,0.6295103092783505,-0.09959577936382058,0.1111111111111111,1.0,1.0,,
ELOC,3,3,0.14030384271671134,0.13113229481515926,0.009171547901552085,0.1111111111111111,1.0,1.0,,
ELAVL4,3,3,0.4721283783783784,0.41814780168381666,0.053980576694561744,0.1111111111111111,1.0,1.0,,
EIF4EBP2,3,3,0.7161125319693095,0.7270294380017841,-0.010916906032474638,0.1111111111111111,1.0,1.0,,
EIF4E,3,3,0.9090909090909091,0.4868469803630974,0.42224392872781163,-0.1111111111111111,1.0,1.0,,
EIF4A2,3,3,0.9593357740585774,0.9325216792051916,0.026814094853385817,0.1111111111111111,1.0,1.0,,
EIF3M,3,3,0.23679727427597955,0.22691846522781775,0.009878809048161796,0.1111111111111111,1.0,1.0,,
EIF3A,4,4,0.7934825507528451,0.7471795421334633,0.04630300861938186,0.0,1.0,1.0,,
EIF2B5,3,3,0.8939393939393939,0.9118942731277533,-0.017954879188359363,0.1111111111111111,1.0,1.0,,
EEF1B2,3,3,0.6936752136752137,0.7389465590157631,-0.04527134534054944,-0.1111111111111111,1.0,1.0,,
DZIP1,3,3,0.7848101265822784,0.7723926380368098,0.012417488545468647,-0.1111111111111111,1.0,1.0,,
DYNC1I2,3,3,0.6373429084380611,0.7376497005988024,-0.10030679216074134,-0.1111111111111111,1.0,1.0,,
DOK6,4,4,0.8031726964386658,0.8006548206646923,0.0025178757739735547,0.0,1.0,1.0,,
DNM1L,4,4,0.864566893964208,0.840142829275563,0.024424064688644997,0.0,1.0,1.0,,
UBE2I,3,3,0.3964968152866242,0.3654654654654655,0.031031349821158738,0.1111111111111111,1.0,1.0,,
UBE2G1,3,3,0.6181818181818182,0.6424517593643587,-0.024269941182540555,0.1111111111111111,1.0,1.0,,
UBE2D4,3,3,0.66,0.5297029702970297,0.1302970297029703,-0.1111111111111111,1.0,1.0,,
UBE2D2,4,4,0.804486036838978,0.5414803119495141,0.26300572488946394,0.0,1.0,1.0,,
UBC,4,4,0.7537125314150246,0.7357743438177056,0.017938187597319022,0.0,1.0,1.0,,
UBA5,3,3,0.4230769230769231,0.4189189189189189,0.004158004158004158,0.1111111111111111,1.0,1.0,,
TUSC2,3,3,0.7357723577235772,0.6322271638727335,0.10354519385084371,-0.1111111111111111,1.0,1.0,,
DLGAP1,3,3,0.9477699530516432,0.9616204690831557,-0.013850516031512439,0.1111111111111111,1.0,1.0,,
DHX30,3,3,0.9081967213114754,0.8761186999528968,0.03207802135857862,0.1111111111111111,1.0,1.0,,
DGKG,3,3,0.7753623188405797,0.8312820512820512,-0.055919732441471526,0.1111111111111111,1.0,1.0,,
DFFA,3,3,0.8333333333333334,0.83115338882283,0.0021799445105034065,0.1111111111111111,1.0,1.0,,
DEF8,3,3,0.655367231638418,0.6500553709856035,0.005311860652814526,0.1111111111111111,1.0,1.0,,
CWC15,3,3,0.3311546840958606,0.5540039275583679,-0.22284924346250734,0.1111111111111111,1.0,1.0,,
CSNK1E,3,3,0.9074446680080482,0.9440327114745719,-0.03658804346652367,-0.1111111111111111,1.0,1.0,,
CRTC1,3,3,0.7288135593220338,0.7028571428571428,0.025956416464890997,-0.1111111111111111,1.0,1.0,,
CREBBP,3,3,0.3055555555555556,0.34069400630914826,-0.035138450753592676,0.1111111111111111,1.0,1.0,,
CPEB1,3,3,0.6086956521739131,0.6319444444444444,-0.023248792270531338,0.1111111111111111,1.0,1.0,,
COX5A,3,3,0.09720176730486009,0.09316403366307396,0.004037733641786126,0.1111111111111111,1.0,1.0,,
UBXN4,4,4,0.6109338159994284,0.6681231973468089,-0.0571893813473805,0.0,1.0,1.0,,
UBE2K,4,4,0.7904804840540441,0.8118766106192203,-0.0213961265651762,0.0,1.0,1.0,,
COPB2,4,4,0.44268926733513714,0.4296928543729275,0.012996412962209658,0.0,1.0,1.0,,
COA5,3,3,0.38349514563106796,0.36245954692556637,0.02103559870550159,0.1111111111111111,1.0,1.0,,
CNTN1,4,4,0.9096820019180267,0.8888679983177676,0.02081400360025909,0.0,1.0,1.0,,
CNN3,3,3,0.942998760842627,0.9634655532359081,-0.020466792393281086,-0.1111111111111111,1.0,1.0,,
CNKSR2,4,4,0.780541802428236,0.7890521214834605,-0.00851031905522448,0.0,1.0,1.0,,
CMPK1,3,3,0.9764453961456103,0.9724321012865019,0.004013294859108396,-0.1111111111111111,1.0,1.0,,
CLCN4,3,3,0.84,0.8831683168316832,-0.04316831683168321,-0.1111111111111111,1.0,1.0,,
CHRNA4,3,3,0.40594059405940597,0.3194444444444444,0.08649614961496155,-0.1111111111111111,1.0,1.0,,
CHMP2B,3,3,0.7303370786516854,0.6605839416058394,0.06975313704584596,0.1111111111111111,1.0,1.0,,
CHD2,4,4,0.7190326731129133,0.7112151167876826,0.007817556325230735,0.0,1.0,1.0,,
CFAP36,3,3,0.8908296943231441,0.9129965457685665,-0.02216685144542241,0.1111111111111111,1.0,1.0,,
CELF4,4,4,0.6106572269652095,0.6528865633540892,-0.04222933638887971,0.0,1.0,1.0,,
CDK13,3,3,0.6426799007444168,0.6011097410604193,0.041570159683997576,0.1111111111111111,1.0,1.0,,
CD47,4,4,0.8256935127590086,0.813594491366552,0.012099021392456555,0.0,1.0,1.0,,
USP9X,3,3,0.24731182795698925,0.44082654978083907,-0.19351472182384982,-0.1111111111111111,1.0,1.0,,
USP7,4,4,0.7380756930549142,0.7162517780938833,0.021823914961030866,0.0,1.0,1.0,,
USP34,3,3,0.8302752293577982,0.7915420760358821,0.03873315332191607,0.1111111111111111,1.0,1.0,,
USP14,3,3,0.6122448979591837,0.6237138657520823,-0.011468967792898632,-0.1111111111111111,1.0,1.0,,
CCDC91,4,4,0.6879816745287597,0.6436537238120612,0.04432795071669848,0.0,1.0,1.0,,
CCDC34,3,3,0.48286604361370716,0.5004233700254022,-0.017557326411694996,0.1111111111111111,1.0,1.0,,
CAPRIN1,3,3,0.3965714285714286,0.459954233409611,-0.06338280483818243,0.1111111111111111,1.0,1.0,,
CAMTA1,4,4,0.8404552576423154,0.8250787686423429,0.01537648899997257,0.0,1.0,1.0,,
CALY,3,3,0.09447983014861996,0.8693189480782199,-0.7748391179295999,-0.1111111111111111,1.0,1.0,,
CACNA1E,3,3,0.6545064377682404,0.6927029804727647,-0.03819654270452433,0.1111111111111111,1.0,1.0,,
C6orf89,3,3,0.8721461187214612,0.872093023255814,5.309546564724599e-05,0.1111111111111111,1.0,1.0,,
C2orf49,3,3,0.640625,0.6352941176470588,0.005330882352941213,0.1111111111111111,1.0,1.0,,
WLS,3,3,0.07932011331444759,0.07705363204344874,0.002266481270998849,0.1111111111111111,1.0,1.0,,
WIPI2,3,3,0.21480582524271843,0.22095238095238096,-0.006146555709662521,-0.1111111111111111,1.0,1.0,,
WDR48,3,3,0.8807339449541285,0.861764705882353,0.0189692390717755,0.1111111111111111,1.0,1.0,,
WDR37,3,3,0.5213675213675214,0.7691197691197691,-0.2477522477522477,-0.1111111111111111,1.0,1.0,,
WBP4,3,3,0.5793650793650794,0.5872340425531914,-0.007868963188112033,-0.1111111111111111,1.0,1.0,,
VXN,3,3,0.9108910891089109,0.9042494481236203,0.006641640985290631,-0.1111111111111111,1.0,1.0,,
VTI1B,3,3,0.6211312700106724,0.34861766689143625,0.2725136031192361,-0.1111111111111111,1.0,1.0,,
VPS35,3,3,0.1056701030927835,0.08662435354960038,0.019045749543183124,0.1111111111111111,1.0,1.0,,
BRSK2,3,3,0.5118483412322274,0.5285714285714286,-0.016723087339201137,-0.1111111111111111,1.0,1.0,,
BNIP3,3,3,0.9419889502762431,0.9560732704961764,-0.014084320219933333,-0.1111111111111111,1.0,1.0,,
BCAS1,4,4,0.6596449390567037,0.6463143189923761,0.013330620064327614,0.0,1.0,1.0,,
BAALC,4,4,0.5801836513069578,0.5857208616783445,-0.005537210371386658,0.0,1.0,1.0,,
ATXN7L3B,3,3,0.9327485380116959,0.9179986101459346,0.014749927865761236,0.1111111111111111,1.0,1.0,,
ATRNL1,4,4,0.7005006305652157,0.7905183605938321,-0.09001773002861635,0.0,1.0,1.0,,
ATP8A1,3,3,0.9605839416058394,0.9509727626459143,0.009611178959925026,0.1111111111111111,1.0,1.0,,
ASAP1,3,3,0.8571428571428571,0.8507795100222717,0.006363347120585394,-0.1111111111111111,1.0,1.0,,
ARNT2,3,3,0.9780730897009967,0.9717314487632509,0.006341640937745807,-0.1111111111111111,1.0,1.0,,
ARMC8,3,3,0.41263940520446096,0.45566257057455994,-0.04302316537009898,-0.1111111111111111,1.0,1.0,,
ARL1,3,3,0.8076225045372051,0.8054298642533937,0.0021926402838113868,-0.1111111111111111,1.0,1.0,,
ARID1B,3,3,0.2388888888888889,0.34100274725274726,-0.10211385836385836,-0.1111111111111111,1.0,1.0,,
YWHAE,4,4,0.8009093432611694,0.8128978427811503,-0.011988499519980933,0.0,1.0,1.0,,
YIPF5,3,3,0.5833333333333334,0.5920138888888888,-0.00868055555555547,-0.1111111111111111,1.0,1.0,,
ARHGEF12,4,4,0.9306568667070789,0.8223139551996493,0.10834291150742958,0.0,1.0,1.0,,
ARHGAP5,4,4,0.37267142472323855,0.408171523703612,-0.03550009898037343,0.0,1.0,1.0,,
ARGLU1,4,4,0.65411719074923,0.8472158978983027,-0.19309870714907262,0.0,1.0,1.0,,
ARFGEF3,3,3,0.8652173913043478,0.9211781206171108,-0.05596072931276297,0.1111111111111111,1.0,1.0,,
ARF3,3,3,0.6551081282624907,0.6579531691562374,-0.0028450408937467087,-0.1111111111111111,1.0,1.0,,
AQP4,3,3,0.8154527559055118,0.4489051094890511,0.3665476464164607,0.1111111111111111,1.0,1.0,,
APP,4,4,0.9663464235493859,0.9748069045884928,-0.008460481039106904,0.0,1.0,1.0,,
API5,3,3,0.9097978227060654,0.8946395563770795,0.01515826632898587,0.1111111111111111,1.0,1.0,,
APC,4,4,0.7614011701103458,0.8177945093106789,-0.05639333920033307,0.0,1.0,1.0,,
APBA2,3,3,0.670152855993564,0.6404230317273796,0.029729824266184424,0.1111111111111111,1.0,1.0,,
AP5M1,3,3,0.7424242424242424,0.5075921908893709,0.23483205153487152,0.1111111111111111,1.0,1.0,,
AP1G1,3,3,0.875,0.8571428571428571,0.017857142857142905,-0.1111111111111111,1.0,1.0,,
ANKRD11,4,4,0.8642999006951341,0.7925060891758344,0.07179381151929964,0.0,1.0,1.0,,
ANKRD10,4,4,0.7498980008159934,0.7591098265895954,-0.009211825773601912,0.0,1.0,1.0,,
ANKLE2,3,3,0.6428571428571429,0.6886134779240899,-0.045756335066946985,-0.1111111111111111,1.0,1.0,,
ALG9,3,3,0.6,0.5904255319148937,0.009574468085106314,-0.1111111111111111,1.0,1.0,,
ALDH6A1,3,3,0.8071216617210683,0.8795238095238095,-0.07240214780274123,-0.1111111111111111,1.0,1.0,,
ZDHHC9,4,4,0.8602352352352352,0.701472130997993,0.15876310423724216,0.0,1.0,1.0,,
ZCRB1,3,3,0.5520169851380042,0.6099378881987577,-0.05792090306075348,-0.1111111111111111,1.0,1.0,,
AFDN,3,3,0.8533333333333334,0.7569444444444444,0.09638888888888897,-0.1111111111111111,1.0,1.0,,
ADNP,3,3,0.9094076655052264,0.4523875241512559,0.45702014135397057,-0.1111111111111111,1.0,1.0,,
AAK1,4,4,0.621826505276226,0.6811411294388456,-0.05931462416261968,0.0,1.0,1.0,,
