gene,SRR24710558,SRR24710556,SRR24710554,SRR24710705,SRR24710703,SRR24710564,SRR24710562,SRR24710560
A2M,,,0.6994350282485876,,0.7874544945393447,,,
AAGAB,0.1653363740022805,,,0.13513513513513514,0.977725674091442,0.18505338078291814,,
AAK1,0.6743153219837158,0.7615894039735099,0.5166112956810631,0.6908752327746741,0.6879669368939755,0.4664310954063604,0.6936308693630869,0.5527777777777778
AAMDC,,0.8316831683168316,,,,0.5795454545454546,,
AARS2,,,,,,,0.27608346709470305,
AARSD1,,,,,0.9796296296296296,,,
AASDH,,,,,,,0.8487394957983193,
AASDHPPT,0.6973732889382168,,,,0.7900363049616781,0.9368029739776952,,0.8212996389891697
AASS,,,,,0.9021406727828746,,,
AATK,,0.03296703296703297,0.205607476635514,0.04264705882352941,0.1459322033898305,0.05122950819672131,0.03579209461562403,
ABAT,,,0.9665071770334929,0.971063829787234,0.9715680033948653,0.9743119266055046,0.9646877069079673,
ABCA10,0.4649122807017544,,,,,,,
ABCA5,,,,0.3670886075949367,0.22299168975069253,0.6270270270270271,0.8455790784557908,
ABCA8,,0.8444084278768234,0.8537735849056604,,0.8880031885213232,0.8802816901408451,0.8680947012401353,
ABCB7,0.453781512605042,,,,,0.4117647058823529,0.3722466960352423,0.3275862068965517
ABCB8,0.9368932038834952,0.3137254901960784,0.2892561983471074,0.265,0.3797814207650273,0.7719298245614035,0.38166047087980176,
ABCB9,,,,,,,0.8626292466765141,
ABCC5,0.5922779922779923,0.627906976744186,,0.6596774193548387,0.9892387405340773,0.7634408602150538,0.5964426877470356,0.7695035460992907
ABCC9,,,,,0.6435643564356436,,,
ABCD3,,,,0.9511494252873564,,,0.9409956976029502,
ABCE1,,0.6183206106870229,0.25793650793650796,,0.9373259052924791,,,
ABCF1,0.8890030832476875,,,,0.9215547703180212,,,
ABCF2,,0.39285714285714285,,0.45972495088408644,0.4338417878680383,0.382089552238806,,0.40609137055837563
ABCG1,,0.6590909090909091,,,0.8802816901408451,,,
ABCG2,,,,0.391304347826087,,0.4368932038834951,0.3716577540106952,
ABHD10,0.7975391498881432,,,0.9314420803782506,0.8881431767337807,0.9427710843373494,,
ABHD12,0.10369141435089174,0.1791044776119403,0.12863070539419086,0.09467455621301775,0.0813441483198146,0.10850801479654747,0.05032292787944026,
ABHD13,0.905940594059406,,,,0.8353982300884956,,0.6187433439829606,
ABHD14A,0.96499176276771,,,,0.9593717992488904,,0.9524880517289851,
ABHD14B,,,,0.7325581395348837,,,,
ABHD17A,0.9800995024875622,,,0.9846301633045149,,0.9697275479313825,,
ABHD18,,,,,,,0.913946587537092,
ABHD2,0.95246717971933,,,0.9599528857479388,,0.9781931464174455,0.9241549876339654,
ABHD5,,,,,0.8711538461538462,,0.9045092838196287,
ABHD6,,,,,0.016968011126564674,,,
ABI1,0.49231613611416025,,0.5415896487985212,0.44878706199460916,0.9583489681050656,0.4423631123919308,0.4943214082907439,
ABI2,0.985014717687985,0.8471502590673575,0.9596602972399151,0.9485488126649076,0.934375,0.9498044328552803,,
ABITRAM,0.35943775100401604,,,,0.1027190332326284,0.15841584158415842,0.0818639798488665,
ABL2,,0.7166666666666667,,0.944078947368421,0.9400521285838401,,,0.4671280276816609
ABLIM1,0.9666080843585237,0.788135593220339,,0.8985330073349633,0.9449891067538126,0.9818481848184818,0.9056492162082225,0.8846815834767642
ABLIM2,,,,0.958498023715415,0.9821944177093359,0.9662921348314607,0.98338081671415,
ABR,0.9918793503480279,,0.978397212543554,0.9786363636363636,0.9729916897506925,0.9787812840043526,0.9857631607990288,0.978405315614618
ABRAXAS2,,,,0.9071428571428571,,,,
ACAA1,,,,,0.9892071398920714,,,
ACACA,,,,,0.9198207171314741,,,
ACAD11,0.8392282958199357,,,,,,,
ACAD8,,,,0.9468085106382979,0.9573560767590619,,,
ACADSB,0.8675034867503487,,0.9043062200956937,0.8941176470588236,0.8760456273764259,,0.9135446685878963,
ACADVL,,0.9698375870069605,,,,0.9770833333333333,0.991504854368932,
ACAP2,0.9282051282051282,0.7244897959183674,0.7715736040609137,0.883495145631068,0.8891076115485564,,0.8593327321911632,
ACAP3,,0.590443686006826,0.947069943289225,0.4323962516733601,0.498385676548283,0.9595959595959596,0.3445635528330781,0.9407407407407408
ACAT1,0.9356164383561644,,0.9748062015503876,,0.9669781931464174,0.9378980891719745,0.9618282270215972,
ACBD3,0.8722358722358723,0.42857142857142855,,0.875,,,,
ACBD5,,0.9437229437229437,0.949438202247191,,0.9452798663324979,,,
ACBD6,0.08485856905158069,,,,,0.8097560975609757,,
ACBD7,0.8309137489325363,,0.6428571428571429,,0.7900709219858156,,0.7972560975609756,
ACER3,0.682261208576998,0.8075471698113208,0.8216216216216217,0.5432098765432098,0.9042759961127308,0.6363636363636364,0.719017094017094,0.48148148148148145
ACIN1,,0.6319702602230484,,0.925207756232687,,0.6875,,
ACO2,,0.9622356495468278,0.9831670822942643,0.9755476311767702,0.9950933624097043,0.9695398574206092,0.9950550327005903,
ACOT13,0.8606811145510835,,,,0.08268330733229329,,,
ACOT7,,,,,,,,0.955078125
ACOT8,,0.8615384615384616,,,,,,
ACOT9,,,,,0.6732142857142858,0.6372549019607843,,
ACOX1,0.9354275741710296,,0.8248847926267281,0.7313432835820896,0.6768867924528302,0.7847682119205298,0.8531157270029673,0.7531914893617021
ACP1,0.796794208893485,0.6597222222222222,,0.9408983451536643,0.7557069846678024,0.8313659359190556,0.8569540799471423,
ACP6,,,0.5,,,,,
ACSBG1,0.19488817891373802,,0.16412213740458015,0.07364341085271318,0.18927973199329984,,0.255,
ACSL3,0.6930083043128851,0.6206896551724138,0.9193121693121693,0.7052860246198407,0.7116778871051269,0.9200376293508937,0.9385924207269914,0.8350515463917526
ACSL4,,,,,,0.9703557312252964,0.9807549962990377,
ACSL6,0.8457273320287019,0.7966101694915254,0.8154506437768241,0.8688327316486161,0.7239819004524887,0.9714285714285714,0.9860093271152565,
ACSS2,0.891588785046729,,,,,,,
ACTB,,,,,,0.9789323939845549,,
ACTG1,0.9843682153712549,,,,,,0.9900879992263805,
ACTN1,,,,,,,,0.9678714859437751
ACTN2,0.1391634980988593,0.576,,0.14838709677419354,0.14042995839112343,,0.1768813033359193,
ACTR10,0.9719719719719719,,,,0.0542849962302086,0.02454780361757106,,
ACTR1A,0.7166136724960255,0.9197860962566845,0.8477951635846372,0.892925430210325,0.7961529957992483,0.7117486338797814,,0.8666666666666667
ACTR2,0.9804670912951168,,,0.9653361344537815,,0.7954779033915724,0.7275397796817625,0.8469387755102041
ACTR3,0.12128043282236249,0.07981220657276995,0.5331905781584583,0.4357476635514019,0.11747713047664901,0.08756345177664974,0.4480177432769615,
ACTR6,0.8989569752281616,,,,,0.8708010335917312,0.9368663594470046,
ACTR8,,,,,0.3324175824175824,0.25925925925925924,,
ACVR1B,,,,,,0.9195402298850575,,
ACVR1C,,,,0.8636363636363636,,0.8571428571428571,,
ACVR2A,0.5863636363636363,,0.8142857142857143,0.6694915254237288,0.6996753246753247,0.7252747252747253,0.7824019024970273,
ACVRL1,,,0.6956521739130435,,,,0.6928104575163399,
ACYP2,,0.9694835680751174,,,,,,
ADAL,0.539568345323741,0.6521739130434783,,0.3944954128440367,0.23255813953488372,,,
ADAM10,,0.24468085106382978,,0.09020618556701031,0.09339019189765459,0.953307392996109,0.9612289685442575,0.39308176100628933
ADAM11,,,,0.9692832764505119,0.897053726169844,0.9427083333333334,,
ADAM17,0.6733333333333333,0.52,0.5841121495327103,,0.6800382043935053,0.4697674418604651,0.7122719734660033,0.4970414201183432
ADAM22,0.953307392996109,,,,0.9370777027027027,0.9324577861163227,0.9788833214030065,
ADAM23,0.86735807860262,,0.8936170212765957,0.739454094292804,0.904093567251462,0.5662650602409639,0.9522554188635032,0.8848920863309353
ADAM9,,,,,,,0.9589770911028237,
ADAMTS1,,,,,0.971650917176209,0.75,,
ADAMTS10,0.7694369973190348,,,,,,0.8711111111111111,
ADAMTS19,,,,,0.366412213740458,,,
ADAMTS4,,0.2200557103064067,,,0.11134278565471226,,0.10364145658263306,
ADAR,,,,0.9511661807580175,,0.9783677482792527,,0.9698412698412698
ADARB2,,0.6703601108033241,0.6851851851851852,0.6333333333333333,0.6763412489006156,,0.927699530516432,0.6923076923076923
ADAT1,0.7131782945736435,,,,,0.7916666666666666,,
ADCY1,0.9673242909987669,0.7619047619047619,0.989492119089317,0.9849833147942157,0.9762282091917591,0.7622663551401869,0.9550301344459898,0.9760869565217392
ADCY2,0.02851182197496523,0.8851674641148325,,,,,,
ADCY5,,0.5958549222797928,0.6282894736842105,0.6583333333333333,0.45352743561030234,,0.9310710498409331,
ADCY9,,,0.7961165048543689,,0.9272863568215892,,,
ADCYAP1,0.3980952380952381,,,0.2912621359223301,,0.6521739130434783,0.4179523141654979,
ADCYAP1R1,,,,0.9662921348314607,,,,
ADD1,0.9832477708727371,0.9847009735744089,0.9596443228454172,,0.988756048961002,,,
ADD2,0.923469387755102,0.8488888888888889,0.9632107023411371,0.903976721629486,0.5246826516220028,0.861557478368356,,
ADD3,0.74886630179828,0.943754565376187,0.9045401629802096,0.8479087452471483,0.8510028653295129,0.9703274215552524,,
ADGRB3,0.9717894736842105,0.67828418230563,0.7866894197952219,0.8325123152709359,0.8424845573095402,0.8357843137254902,0.7994173016584492,0.7168
ADGRB3-DT,0.16881594372801875,,0.1391941391941392,0.9147058823529411,0.21314102564102563,0.9291338582677166,0.05224564619615032,0.3181818181818182
ADGRF5,,,,,,,0.75,
ADGRL1,0.4369703389830508,0.8978102189781022,,,0.3574193548387097,0.49096385542168675,0.5535199670646357,0.953125
ADGRL2,0.10051736881005174,,0.6783625730994152,0.1152073732718894,0.2595419847328244,0.1423076923076923,0.7191211401425178,
ADGRL3,0.7631785995279308,0.8043478260869565,0.8431876606683805,0.7437037037037038,0.8041237113402062,0.8886894075403949,0.9357970560601315,0.844632768361582
ADGRL4,,,,,0.12254901960784313,,,
ADGRV1,,,0.9261744966442953,,0.7210365853658537,0.8456375838926175,0.8343465045592705,
ADH5,0.639039039039039,,0.6946107784431138,0.7112462006079028,0.5358353510895884,0.6982591876208898,0.7858006042296073,0.7601626016260162
ADI1,,,0.18478260869565216,,0.18592528236316247,0.2376237623762376,0.246311010215664,
ADIPOR2,,0.9773095623987034,,,0.992546213476446,,0.9444444444444444,
ADNP,0.41008018327605955,0.3133514986376022,,0.3811764705882353,0.9895860453007029,0.9706896551724138,0.4523875241512559,0.9094076655052264
ADNP2,0.8351893095768375,,,,0.9072916666666667,0.7142857142857143,0.928644240570846,
ADO,0.6685934489402697,0.7052023121387283,,0.6605504587155964,0.6490670901151251,,,0.556390977443609
ADORA1,,,,,,,0.9842105263157894,
ADPRHL1,,,,,0.14555256064690028,,,
ADSS2,,,,,0.32873563218390806,,,
AEBP2,,,,0.912621359223301,0.8795620437956204,0.16666666666666666,0.2241555783009212,0.16666666666666666
AFAP1L2,0.41952506596306066,,0.49382716049382713,,,,,
AFDN,0.927891156462585,0.5333333333333333,0.7569444444444444,0.8533333333333334,0.6876859012492564,0.8830645161290323,,0.49846153846153846
AFF1,0.5846774193548387,,,,0.8437217705510388,,,
AFF3,,,,0.9516616314199395,,0.05803571428571429,,
AFF4,,0.784375,,0.6722689075630253,0.9756203744013932,,,
AFG3L2,,,,0.9634831460674157,,0.9308641975308642,,
AFMID,,0.8937007874015748,,,0.9541284403669725,,,
AFTPH,,,,0.956989247311828,0.9874749498997996,0.9134396355353075,,0.6914893617021277
AGA,,,,,0.8933649289099526,,,
AGAP1,0.9622195985832349,0.7426751592356687,0.9490084985835694,0.9513677811550152,0.9521646987587042,0.9226190476190477,0.6754511601260383,0.8425720620842572
AGAP2,0.18104184457728437,,0.31561461794019935,0.9542961608775137,0.8951156812339331,0.24553571428571427,0.9608677158655891,0.2621951219512195
AGAP3,0.29304029304029305,0.2540453074433657,0.15598885793871867,0.19803370786516855,0.20867526377491208,0.20406091370558377,0.19996048211815848,0.13087248322147652
AGBL4,,,,,,0.7241379310344828,,
AGBL5,0.5423728813559322,,,,0.12138728323699421,,0.621301775147929,
AGFG1,0.7366906474820144,0.4666666666666667,,0.6936542669584245,0.7066942719116632,0.5615615615615616,0.6550647032574743,0.6107784431137725
AGFG2,0.7664670658682635,,,,0.16972477064220184,,0.23076923076923078,
AGGF1,0.8244274809160306,0.38571428571428573,0.6697247706422018,0.4880952380952381,0.6841163310961969,0.6765578635014837,0.9475806451612904,
AGK,,,,,,,0.04439890710382514,
AGL,0.8485401459854015,,,,,,,0.8598130841121495
AGMAT,,,,,,,0.410958904109589,
AGO1,,,0.5031055900621118,0.48484848484848486,0.4830590513068732,0.453125,,0.35833333333333334
AGO2,,0.8355263157894737,,,0.924645390070922,,,
AGO3,0.8698224852071006,0.5,,,0.7195945945945946,,0.8740458015267175,
AGPAT3,0.7958452722063037,0.28415300546448086,0.5578947368421052,0.8469217970049917,0.7951874650251819,0.7978947368421052,0.7789983844911147,0.6271186440677966
AGPAT4,,0.8048780487804879,0.7083333333333334,0.9304635761589404,0.5663322185061316,,0.5082467929138669,0.5660377358490566
AGPAT5,0.9212962962962963,0.888235294117647,0.21176470588235294,,0.9769198489299202,0.20648967551622419,0.17788657690738474,
AGPS,0.7257683215130024,,,0.6147540983606558,0.720666161998486,,0.7496318114874816,0.5833333333333334
AGTPBP1,0.9029029029029029,0.736,0.7612359550561798,0.8164705882352942,0.9474650991917708,0.8848920863309353,0.7332567929582855,0.7023809523809523
AHCTF1,,0.3617021276595745,,,0.6105769230769231,0.6405228758169934,0.9804832713754646,0.7071428571428572
AHCYL1,0.9969348659003832,0.6301369863013698,0.7188558524651864,0.8954468802698144,0.9948502994011976,0.9882825577502511,0.9941385806991836,0.6721153846153847
AHCYL2,,0.81,,,,,,
AHDC1,,,,,,,,0.9473684210526315
AHI1,0.9681668496158068,0.734375,0.8127490039840638,0.8,0.9828532235939643,0.4567669172932331,0.7732737890759189,
AHNAK,,0.9685990338164251,0.9721669980119284,,,0.8987341772151899,,
AHSA1,,0.9333333333333333,,,0.9773746432939258,,,
AIDA,0.905395935529082,,,,,,,
AIF1L,0.8901408450704226,0.9357798165137615,0.9367945823927766,0.9294605809128631,0.959221501390176,0.8947368421052632,,0.8735177865612648
AIFM2,,,,,0.7965367965367965,,,
AIG1,0.8594507269789984,0.892018779342723,,0.900398406374502,0.7876510944135904,0.06043956043956044,0.9351316634553629,
AIMP1,0.7572692793931732,0.2968036529680365,0.4576923076923077,0.6594827586206896,0.5648614609571788,0.6798029556650246,0.7412742382271468,0.49411764705882355
AJAP1,,0.803921568627451,,,0.8140495867768595,0.6793893129770993,0.729368029739777,0.5454545454545454
AK1,0.11024345429490125,0.1432225063938619,0.040169133192389,0.18795888399412627,0.17748478701825557,0.9630177514792899,0.2594190394017831,0.21621621621621623
AK2,0.31039136302294196,0.15920398009950248,0.8962962962962963,0.2468354430379747,0.37630448127685695,0.20496894409937888,0.1928374655647383,0.23648648648648649
AK3,,,0.9642058165548099,,0.9246843709185895,0.7571428571428571,,
AK4,,,,0.9221105527638191,0.7102473498233216,0.8198757763975155,,0.8817891373801917
AK5,0.8304067570571239,0.9277504105090312,0.9679319371727748,0.9617117117117117,0.9555529216546166,0.9575123152709359,0.9318525409931387,0.9424379232505643
AK9,,0.7272727272727273,,0.7239583333333334,0.15240641711229946,0.125,,
AKAP1,0.9075425790754258,0.8235294117647058,,,0.8937135450421257,0.803921568627451,,
AKAP10,,0.6727272727272727,,,,,,
AKAP11,0.9723907766990292,0.8563829787234043,,0.9784876140808344,0.9113812802109272,0.8093907210732253,0.9848114300424765,
AKAP12,0.7478991596638656,0.4779874213836478,0.85,0.9790794979079498,0.9242902208201893,0.7357065803667745,0.9632914510963292,0.6845528455284553
AKAP13,0.6851851851851852,,0.9122807017543859,0.7391304347826086,0.7798013245033113,0.5984251968503937,,
AKAP5,0.7319932998324958,,,0.7701863354037267,0.9015706806282723,0.7133333333333334,0.822429906542056,0.7989130434782609
AKAP6,0.13927427961579508,0.6265822784810127,0.8163992869875223,0.8994818652849741,0.25835797134409827,0.8919597989949749,0.9001744524132583,0.43209876543209874
AKAP7,0.3953997809419496,0.32620320855614976,0.5952380952380952,,0.6637992831541218,,0.7168037602820212,0.5103926096997691
AKAP8,0.75,,,,0.6380417335473515,0.7633136094674556,,
AKAP8L,,,,,,0.9440389294403893,,
AKAP9,0.9150657229524772,0.4714285714285714,0.9478672985781991,0.9246231155778895,0.6391827800072966,0.9080882352941176,0.686979686979687,0.9537815126050421
AKIP1,,,,0.8449197860962567,0.8240556660039762,0.8775510204081632,,
AKIRIN1,,,0.8369565217391305,,0.8853658536585366,0.8409425625920471,0.892398090341535,
AKIRIN2,,,,0.9285714285714286,0.9426656738644825,0.9401544401544402,0.8933791917454859,
AKT1S1,,,,,0.9068852459016393,,,
AKT2,0.21393034825870647,,0.20555555555555555,,0.07633053221288516,0.11258278145695365,,
AKT3,0.42166025288620124,0.3561643835616438,0.425019425019425,0.43219076005961254,0.3836338190499712,0.444794952681388,0.600522911793037,0.5199645075421473
AKTIP,,,,0.1704745166959578,,,,
ALAD,0.9010356731875719,,,,,,,
ALCAM,0.7342406876790831,0.9641532756489494,0.9489795918367347,0.7372611464968153,0.964115933139089,,0.7966101694915254,
ALDH16A1,,,,,0.42670157068062825,0.3023255813953488,,
ALDH1B1,,,,,0.905587668593449,,,
ALDH2,,,,,0.02490726020137785,,,0.016935483870967744
ALDH3A2,,0.8347107438016529,0.8602941176470589,0.8788598574821853,0.8706240487062404,,,
ALDH5A1,0.9626497533474278,,,,0.9576968272620446,0.951063829787234,,
ALDH6A1,0.5626398210290827,0.8071216617210683,,0.9360655737704918,0.9506641366223909,0.5786314525810324,0.8795238095238095,0.8886986301369864
ALDH7A1,0.31412103746397696,0.3840304182509506,0.3509933774834437,0.14814814814814814,0.3921015514809591,0.5590778097982709,0.5553719008264463,0.4463087248322148
ALDOA,0.9863874345549738,,,0.991630030436253,0.9697199091597275,0.9891731424081027,0.9759536304535129,
ALDOC,0.9920954865228045,,,0.9955017837753994,,,,
ALG1,,,,,,0.8736842105263158,0.1111111111111111,
ALG12,,,,,0.14414414414414414,,,
ALG13,0.5758064516129032,0.6235294117647059,,0.6898148148148148,0.5868580060422961,0.7076023391812866,,
ALG14,,,,,0.08794788273615635,,0.11652542372881355,
ALG2,0.43315508021390375,,,,0.32061068702290074,,,
ALG5,,,,,,0.8051948051948052,,
ALG9,0.5904255319148937,0.38461538461538464,0.6323529411764706,0.6203208556149733,0.5582417582417583,0.6,,
ALKBH4,0.2577639751552795,0.4594594594594595,,,,,,
ALKBH5,,,,0.987012987012987,0.9928973793779085,,,
ALMS1,,,0.5,,,,,
ALOX12-AS1,,,,,0.40129449838187703,,,
AMACR,0.35294117647058826,,,0.5873015873015873,,,,
AMBRA1,0.19269102990033224,,,,,,,
AMD1,0.9607268464243846,0.09180790960451977,0.6985815602836879,0.5182432432432432,0.5821342925659473,0.5916666666666667,0.17120253164556962,0.6328502415458938
AMDHD2,,,,,0.740072202166065,0.7295081967213115,,
AMER2,0.6757469244288224,0.7239520958083833,0.624770079705702,0.7486744432661718,0.5916039796165979,0.5933014354066986,0.6161838790931989,0.6531440162271805
AMER3,0.7401812688821753,,,,0.7120921305182342,0.8591549295774648,0.5938864628820961,
AMFR,0.6957328385899815,,,,0.9670984988690109,0.610512129380054,0.9765402843601896,0.797752808988764
AMIGO1,,,0.8614718614718615,,0.7863247863247863,0.7125984251968503,0.8227692307692308,
AMN1,0.4741666666666667,,,0.56,0.7272407732864675,,,
AMOT,,,0.8952879581151832,,,,,
AMOTL1,,,,,,0.8727272727272727,0.9262295081967213,
AMOTL2,,0.028761061946902654,0.04573170731707317,,0.04003234937323089,,,
AMPH,,,0.9896157840083074,,0.9949910554561717,,,
AMY2B,0.44601769911504424,0.2903225806451613,0.5056179775280899,0.4566929133858268,0.4642857142857143,0.4657534246575342,,
AMZ2,,,,,0.986046511627907,,,
AMZ2P1,,,,,0.8206835330670218,,,
ANAPC1,,,0.4514285714285714,,0.511605415860735,0.5914634146341463,0.5893675527039414,
ANAPC10,0.307909604519774,,,0.19791666666666666,0.3613013698630137,0.25217391304347825,,
ANAPC13,,,,,0.920623671155209,,0.9228782287822879,
ANAPC15,,,,0.03089887640449438,,,,
ANAPC16,0.6407114624505929,0.6722338204592901,0.7705223880597015,0.1509090909090909,0.8764186633039092,0.7736220472440944,0.8173474070674621,0.837573385518591
ANAPC5,,0.9133858267716536,,,0.9367830741779251,,0.9524827750059397,0.8673469387755102
ANAPC7,0.669576059850374,,0.7424892703862661,0.7393767705382436,0.7208778840742825,,0.7829131652661064,
ANGEL2,,,,,0.9359243697478992,,0.9778571428571429,
ANGPTL2,,,,,0.7484143763213531,,,
ANK2,0.9177590897848132,0.9611752360965372,0.9562959757680658,0.873015873015873,0.9713432835820895,0.9163054351450484,0.9587587747287811,0.9886506935687264
ANK3,0.9479638009049773,0.8543478260869565,0.9048843187660668,0.9526558891454965,0.9597343295973433,0.7587412587412588,0.8927233814874265,0.9598108747044918
ANKDD1A,,,,,,,0.9074380165289256,
ANKFY1,0.9154411764705882,,0.9009009009009009,0.8942307692307693,0.9415353329944077,,,
ANKH,0.8084388185654009,0.8807692307692307,0.30228136882129275,0.8992731048805815,0.9215969215969216,0.8767334360554699,0.8191446842525979,0.9588688946015425
ANKHD1,0.8702702702702703,,,,,,0.9071661237785016,
ANKIB1,0.35365853658536583,0.23849765258215963,0.4417293233082707,0.33049403747870526,0.48759894459102904,0.29172932330827067,0.5391257420399352,
ANKLE2,0.5817923186344239,0.6195652173913043,0.8321678321678322,0.7132867132867133,0.6886134779240899,0.6428571428571429,0.6820851688693098,
ANKMY1,,,,0.5277777777777778,0.38,,,
ANKMY2,,,,,0.8845541401273885,,,
ANKRA2,,,,,0.889751552795031,0.9152542372881356,,
ANKRD10,0.724,0.7649122807017544,0.7016949152542373,0.7952380952380952,0.9852579852579852,0.708,0.7942196531791907,0.7348837209302326
ANKRD11,0.9559099437148217,0.4413919413919414,0.4971751412429379,0.9235668789808917,0.7694052419354839,0.9210526315789473,0.815606936416185,0.8075471698113208
ANKRD12,0.32349896480331264,0.3521181500194326,0.8232758620689655,0.37437088656600853,0.3429570652578317,0.15401459854014599,0.38841940532081376,0.2577464788732394
ANKRD13C,0.7684210526315789,,,0.54421768707483,0.7169517884914464,0.47509578544061304,0.5632530120481928,0.38461538461538464
ANKRD16,0.45454545454545453,,,,0.8745644599303136,,,
ANKRD17,0.39665354330708663,0.4407894736842105,0.7914110429447853,0.3177737881508079,0.32642884541618716,0.9019607843137255,0.3976497346474602,0.21739130434782608
ANKRD18A,,0.5911602209944752,,,0.9619220308250227,,,
ANKRD26,0.5187165775401069,,,0.5,0.1554160125588697,0.4067796610169492,,
ANKRD28,0.6196660482374768,0.8469387755102041,0.6328502415458938,,,,,
ANKRD29,0.5379310344827586,,0.673469387755102,,0.8584070796460177,,,
ANKRD30BL,,,0.18729096989966554,,0.240625,0.12087912087912088,,
ANKRD34C-AS1,,,,,,,0.4873096446700508,
ANKRD35,0.8210116731517509,,,,,,,
ANKRD36,,0.6454326923076923,,0.9304511278195489,0.8281786941580757,,,
ANKRD36B,,0.2390499691548427,0.24915254237288137,0.48375451263537905,0.2127371273712737,,,
ANKRD36BP2,0.16842105263157894,,,,,,,
ANKRD36C,,0.7398692810457517,,,0.41949303820064265,0.7380952380952381,0.330188679245283,
ANKRD37,,0.8975903614457831,,,,0.7046979865771812,,0.625
ANKRD39,,,,,0.07484076433121019,,,
ANKRD40,0.9090909090909091,,,,0.9518047152096808,,,
ANKRD42,0.4181360201511335,,,0.4772727272727273,0.30988593155893535,0.4066666666666667,0.2532808398950131,
ANKRD46,0.9440961337513062,,0.95,,,,,
ANKRD49,,,,,,0.3333333333333333,,
ANKRD50,0.5166163141993958,,,,0.31015452538631344,0.8461538461538461,0.29435483870967744,
ANKRD52,,0.5116279069767442,0.697841726618705,0.5365853658536586,,0.6758620689655173,0.5771144278606966,
ANKRD54,,,,,,0.8776978417266187,,
ANKRD6,0.5558252427184466,,0.68,0.6068376068376068,0.74609375,,,0.5416666666666666
ANKRD9,0.149812734082397,,,0.1774193548387097,0.1983695652173913,0.12935323383084577,,0.19434628975265017
ANKS1B,0.8768894192521878,0.8303287380699894,0.8620218579234973,0.9037235826903723,0.9484429065743945,0.946058091286307,0.8630504833512352,0.7318900915903414
ANKZF1,0.9102296450939458,,,,,,,
ANLN,0.9327956989247311,0.847769028871391,0.9430485762144054,0.904639175257732,0.9376585719463574,,0.9535603715170279,
ANO10,,,,,0.653558052434457,,,
ANO3,,,,,0.9704472843450479,,,
ANO4,,0.776,,,,,,
ANO5,,,,0.7957317073170732,0.9811701412239409,0.7250755287009063,0.9194977843426884,
ANP32A,0.6349843819723338,0.7422096317280453,0.8244897959183674,0.21206225680933852,0.7374715261958997,0.7142857142857143,0.8091373609858732,
ANP32B,0.5109353187529083,0.8126888217522659,0.5828220858895705,0.7171806167400882,0.6369439457410732,0.7384615384615385,,0.8717632552404438
ANP32E,,,,,0.88,0.6805293005671077,0.8908325234855847,0.8537414965986394
ANXA11,0.13183730715287517,0.1794871794871795,0.07444168734491315,0.7207207207207207,0.17506631299734748,0.11594202898550725,,0.12239583333333333
ANXA4,,,,,0.6829545454545455,0.6483516483516484,0.5775862068965517,
ANXA5,,0.9610894941634242,,,,0.9529411764705882,,
ANXA6,,0.040293040293040296,,0.9783144406111385,0.9084084084084084,0.9835234474017744,0.9771565975353171,
ANXA7,,0.027777777777777776,,0.030211480362537766,,,,
AOPEP,0.8610315186246418,0.8225806451612904,0.8265895953757225,0.15425531914893617,0.9407894736842105,0.83,0.8778135048231511,
AP1AR,0.9389880952380952,,,,0.9714673913043478,,,
AP1G1,0.7932432432432432,0.875,0.8571428571428571,0.7771084337349398,0.9501807955002008,0.9448529411764706,0.9598373157092018,
AP1M1,,,,,0.03777949113338473,,0.07060681254229641,
AP1S2,0.9193976970770593,0.780564263322884,0.7956989247311828,0.9320695102685624,0.8947368421052632,0.928030303030303,0.9548100914887718,0.7945205479452054
AP2A2,,0.6086956521739131,0.4247104247104247,0.8123725356900068,,,,0.9572446555819477
AP2B1,0.814931650893796,0.8503253796095445,0.8311874105865522,0.9645293315143247,0.8580906745300405,0.8689320388349514,0.9905259087393659,
AP2M1,,,0.9937864077669903,0.978462933575153,0.9959897094430993,0.9896670493685419,0.996612368458988,0.9817174515235457
AP2S1,,,,,0.9849929873772791,,,
AP3B1,0.6195652173913043,0.8316831683168316,,,0.906047516198704,,,
AP3D1,,,,,0.9614810391161541,0.9289099526066351,0.9826685006877579,
AP3M1,,0.45901639344262296,0.4380165289256198,,0.9271781534460338,,0.5442359249329759,0.41975308641975306
AP3M2,0.9138888888888889,,0.9321608040201005,,0.9310253699788583,0.9056261343012704,0.8959622752726201,
AP3S1,0.9190453907346747,,,,0.9834269662921349,,,
AP3S2,0.5205761316872428,,0.3125,0.49214659685863876,0.47359307359307357,0.45507246376811594,0.42518518518518517,0.36538461538461536
AP4S1,0.2746693794506612,,,0.39732142857142855,0.475396163469558,0.5040322580645161,0.4924953095684803,
AP5B1,,,,,0.35542168674698793,,,
AP5M1,,0.42342342342342343,0.3212669683257919,0.7853107344632768,0.5075921908893709,0.7424242424242424,0.8428792569659442,0.47297297297297297
AP5S1,,,,0.2261904761904762,,,,
AP5Z1,,,0.15841584158415842,0.14666666666666667,0.18838028169014084,0.13392857142857142,,0.21739130434782608
APBA1,0.9688667496886675,,,,,0.9121338912133892,,
APBA2,0.6365395245992261,0.5638888888888889,0.6404230317273796,0.670152855993564,0.6904109589041096,0.710727969348659,0.7583143507972665,
APBB1,,,,,0.9966737503464843,,,
APBB2,0.8098802395209581,0.8502824858757062,0.8421052631578947,0.46153846153846156,0.43137886597938147,0.8526315789473684,0.4579863739591219,0.5869565217391305
APC,0.6151951496779083,0.6469534050179212,0.8188202247191011,0.9379310344827586,0.8167687939022568,0.7047619047619048,0.8287560581583199,0.8180404354587869
APEH,,,0.078125,,0.055930568948891035,,,
APEX1,,,,,,,0.9880313660751135,
APEX2,,,,,0.16477272727272727,,,
APH1B,,,0.8203592814371258,,0.8481283422459893,,,
API5,0.7889273356401384,0.947136563876652,0.8946395563770795,0.9097978227060654,0.9609869253479545,0.8591836734693877,0.8789261744966443,
APIP,0.9197080291970803,,,,0.027005559968228753,,,
APLN,0.5822784810126582,,,,,0.41304347826086957,,
APLP1,,,0.9970641373080398,0.9978448275862069,,0.9970760233918129,,
APLP2,0.9263981454650826,0.8624113475177305,0.9314641744548287,0.9329173166926678,0.9274323022583753,0.8950542822677925,0.9886821408018416,
APMAP,0.9800601956358164,,,,,,,
APOD,0.9581218274111675,0.9637635092180546,,0.9818108326596605,0.96753471023002,,0.9782635697428891,
APOL2,0.5319148936170213,,,,,0.9448398576512456,,
APOLD1,,,,0.8384615384615385,,,,0.9467213114754098
APOO,0.16606609698342428,,0.1982313927781872,,0.9596928982725528,0.9545454545454546,,
APOOL,,,0.8918918918918919,,,,,
APP,0.9727010062767759,0.9500968992248062,0.9797118494560424,0.9828616978876046,0.9613456156716418,0.9526285384170999,0.9769128029002099,0.980064308681672
APPAT,,,,,0.6190476190476191,,,
APPBP2,0.8849502487562189,0.6463414634146342,,0.8576576576576577,0.8336095459065297,0.8105022831050228,0.8152,
APPL1,0.8419170243204578,0.5986842105263158,,0.7597087378640777,0.6006600660066007,0.4798206278026906,0.8977217644207465,
APPL2,,,,,,0.9117647058823529,,
APTR,,,,,0.24691358024691357,,,
APTX,,0.8108108108108109,,0.84375,0.8200654307524536,,,
AQP11,0.8198198198198198,,,,,,,
AQP4,0.4489051094890511,0.8154527559055118,0.8646895273401297,0.9748475609756098,0.33613445378151263,0.2677106636838181,,0.350109409190372
AQR,0.6053921568627451,0.5471698113207547,0.5506329113924051,0.22666666666666666,0.830110497237569,,0.7587939698492462,
ARAF,0.06606606606606606,,0.6835443037974683,0.6133333333333333,0.6519916142557652,0.6875,0.7455621301775148,
ARAP2,,0.7615894039735099,0.8833333333333333,0.08092485549132948,0.7047050561797753,0.919732441471572,0.9672767609539656,
ARCN1,0.9502032520325203,0.9392265193370166,,,,,0.9750838524197413,
ARF1,,,,0.9742589703588144,,0.9659751037344398,,
ARF3,0.612478171138276,0.7110438729198184,0.7272727272727273,0.6495437647854004,0.6579531691562374,0.6551081282624907,0.7106305711455926,
ARF4,,,,0.9352617079889807,,,,
ARF5,,,,0.9917822290703646,,,,
ARF6,,0.5794392523364486,0.7258064516129032,0.9395604395604396,0.5997536945812808,0.6509433962264151,0.6834030683403068,
ARFGAP2,,,,,,,0.9927366447985004,
ARFGAP3,,,,,0.9304029304029304,0.8979591836734694,,
ARFGEF1,0.7774687065368567,,,,,,0.9382113821138212,
ARFGEF2,,,,,,0.953416149068323,,
ARFGEF3,,0.6345177664974619,0.8063157894736842,0.8211508553654744,0.9211781206171108,0.96875,0.9259159482758621,0.8652173913043478
ARG2,,,,0.10071942446043165,0.15689981096408318,,,
ARGLU1,0.8271652041205647,0.4670433145009416,0.8770806658130602,0.9136178861788617,0.22766122766122765,0.8411910669975186,0.8672665916760405,0.4
ARHGAP1,,0.9363295880149812,,,,,,
ARHGAP10,0.8076923076923077,,0.8055555555555556,0.7966101694915254,0.7684797768479776,0.3917525773195876,,0.17567567567567569
ARHGAP12,0.5507745266781411,0.4148936170212766,0.5280373831775701,0.569672131147541,0.5292498279421886,0.5433070866141733,0.5672853828306265,0.37142857142857144
ARHGAP21,0.9848833388103845,0.9187675070028011,0.9870242214532872,0.9835796387520526,0.9467054263565892,0.8911439114391144,0.9836947386115313,0.9370816599732262
ARHGAP22,,,,,0.9671111111111111,,,
ARHGAP23,,,,,0.9861728395061728,,,
ARHGAP26,0.9428934010152284,0.7181208053691275,,0.8395303326810176,0.9127962085308057,0.9368029739776952,0.9547872340425532,0.9510869565217391
ARHGAP32,0.6139534883720931,0.7666666666666667,0.9466192170818505,0.8045685279187818,0.7462222222222222,0.7770992366412214,0.626779530588688,0.9047619047619048
ARHGAP35,0.9329702555509007,0.9318734793187348,,,,0.8751238850346879,0.9425022999080037,
ARHGAP44,,,,,0.989223337049424,,,
ARHGAP5,0.2562358276643991,0.6785714285714286,0.39745075318655854,0.34443168771526983,0.4188922942206655,0.29490196078431374,0.6603841321127266,0.4009111617312073
ARHGDIA,0.9773003648155655,,,,,,,
ARHGEF10,,0.6712962962962963,0.884393063583815,,0.8625954198473282,0.8117647058823529,,
ARHGEF12,0.6931690929451287,0.07981220657276995,0.9604989604989606,0.9443069306930693,0.14058008884243534,0.9170068027210885,0.9514588174541699,0.9775784753363229
ARHGEF2,,0.900990099009901,,,,0.9695121951219512,,
ARHGEF26,,,0.6013071895424836,0.6441717791411042,0.6456400742115028,0.5254237288135594,0.7223557692307693,0.656084656084656
ARHGEF26-AS1,,,,0.5084745762711864,,0.7848101265822784,,
ARHGEF28,,,,0.4533333333333333,0.714859437751004,,0.5217391304347826,
ARHGEF3,,,0.9093959731543624,,0.9387576552930884,0.952112676056338,,
ARHGEF37,,,0.8879310344827587,,,,,
ARHGEF40,,,,,0.23408624229979466,,,
ARHGEF7,0.9495335029686175,0.9139784946236559,0.36022253129346316,0.9545810493343775,0.8874183280281455,0.9312227074235808,0.3299189073836961,0.27566539923954375
ARHGEF9,0.9090098126672613,,0.9338959212376934,,0.8826777087646653,0.8798076923076923,0.9526123936816525,
ARID1A,0.703771849126035,,,,,,,0.7651006711409396
ARID1B,0.23756218905472637,0.9383886255924171,0.9099099099099099,0.2087912087912088,0.34100274725274726,0.2388888888888889,,0.14893617021276595
ARID2,,,,,0.4708029197080292,0.5522388059701493,0.6297786720321932,
ARID4A,,0.8849557522123894,,0.9155405405405406,0.8783382789317508,0.6297640653357531,0.40555555555555556,
ARID4B,0.8088050314465409,0.4700460829493088,0.711340206185567,0.43133462282398455,0.782051282051282,0.5312046444121916,0.9740909090909091,0.36
ARID5B,,0.7885714285714286,,,0.9402714932126697,,0.9418848167539267,
ARIH1,0.5021413276231264,0.3867924528301887,,0.40773809523809523,0.6359411309062742,0.2994011976047904,0.6382265275707899,
ARIH2,0.8811674774148714,0.7718631178707225,0.7989690721649485,0.8258575197889182,0.752280189711784,,0.8424971363115693,
ARL1,0.7701941139636819,0.736,0.8054298642533937,0.8468606431852986,0.8477141992128369,0.8076225045372051,0.8245891276864729,
ARL10,,,,,0.12807377049180327,0.3148148148148148,0.3408450704225352,
ARL14EP,0.8518518518518519,,0.8653846153846154,,0.6870026525198939,0.4830508474576271,,
ARL15,,,0.7865168539325843,,0.9601328903654485,0.719626168224299,0.8835705045278137,
ARL17A,,,,,,0.75,,
ARL17B,,0.4025974025974026,,,,,,
ARL2BP,0.9093264248704663,,,,,,0.9433962264150944,
ARL3,,0.2265193370165746,,,,0.5573770491803278,,
ARL4A,0.39572192513368987,,0.3312883435582822,0.37557603686635943,0.26334519572953735,0.26591760299625467,0.20691382765531063,0.22535211267605634
ARL4C,0.8771836950767602,,,,,0.8460388639760837,,
ARL5A,0.5846585594013096,0.8623188405797102,,0.7617021276595745,0.4097938144329897,,0.40842105263157896,
ARL6,0.9373368146214099,,0.9,,0.7180487804878048,,0.9070422535211268,0.620253164556962
ARL6IP1,0.8702830188679245,0.9167280766396463,0.9426448736998514,0.9442742244350824,0.9174274143729837,0.8324035332403533,0.8849191425347875,0.962536023054755
ARL6IP4,,0.9320987654320988,,0.9179039301310044,0.8300575523943968,0.9065420560747663,0.8086002438213454,0.963220675944334
ARL6IP5,0.8071098358042404,0.7254138266796495,,0.8161375661375662,0.8665105386416861,0.748792270531401,0.43958691910499137,0.48045397225725095
ARL6IP6,,,,,0.9140350877192982,,0.12285714285714286,
ARL8A,,0.9803921568627451,,,0.9700753071739993,0.958904109589041,,
ARL8B,,,,0.9591836734693877,0.9707180694526192,,,
ARMC1,,,0.9448275862068966,0.5714285714285714,0.7470699432892249,0.6694915254237288,0.8140254382949467,
ARMC10,0.3790960451977401,0.5765765765765766,,,0.472406818838486,0.5089820359281437,0.4669016842929886,0.2911392405063291
ARMC2,,,,,0.1702127659574468,0.22972972972972974,0.1575178997613365,
ARMC8,,0.35443037974683544,0.40782122905027934,0.41263940520446096,0.45566257057455994,0.6339285714285714,0.481651376146789,0.3082191780821918
ARMC9,,,,,0.39173553719008264,,0.6709558823529411,
ARMCX3,0.8506163886874547,0.9260700389105059,0.6951219512195121,,0.9868916926101917,0.7865853658536586,0.7868291639940133,0.8316151202749141
ARMCX4,,,0.5769230769230769,,0.8909825033647375,,,
ARMCX5,,,,,,,0.93359375,
ARMCX5-GPRASP2,,,,0.5735294117647058,0.12895927601809956,0.8648648648648649,0.619140625,
ARMH3,,0.7857142857142857,,0.7628205128205128,0.9142857142857143,,0.87248322147651,
ARMH4,,,,,0.33125,0.38235294117647056,,
ARNT,0.16,0.1780821917808219,,,0.8966836734693877,,0.9302325581395349,
ARNT2,,0.9663865546218487,0.9717314487632509,0.9879310344827587,0.9904617385649253,0.9780730897009967,0.9659600804579916,0.9339622641509434
ARPC2,0.9388655925844185,,,0.8436781609195402,,,,
ARPC3,,,,,0.9499007178860547,,,
ARPC4,,,0.9764705882352941,,0.9606076664900194,,,
ARPC5,0.8706865237922267,0.8937677053824362,0.9282700421940928,0.9042663891779397,0.8785342261904762,0.8960612691466083,,
ARPIN,,,,,,,0.9088319088319088,
ARPP19,0.3347217702570778,0.3799908214777421,0.3121277747698971,0.2849205124247569,0.4827807381093349,0.29124487004103966,0.34248186630072536,0.2581742087365943
ARPP21,0.39855653568564553,0.9147286821705426,0.44510978043912175,0.48608534322820035,0.8836919239164328,0.9768076398362893,0.5471745711402624,0.4222222222222222
ARRB1,0.8151093439363817,0.94,0.810379241516966,0.9775967413441955,0.7992518703241895,0.8422273781902552,0.841025641025641,0.771889400921659
ARSA,0.42758620689655175,,,0.4427083333333333,0.43498817966903075,0.6554621848739496,,0.34408602150537637
AS3MT,,,,,0.8433333333333334,,,
ASAH1,0.5631419939577039,0.8337950138504155,0.7883663366336634,0.7139507620164126,0.7304374614910659,0.6676470588235294,0.9093675287980874,0.7274826789838337
ASAH2B,,,,,0.7256637168141593,0.8297872340425532,,
ASAP1,0.7794994040524433,0.5882352941176471,0.8507795100222717,0.8665594855305466,,0.8108552631578947,0.9812173913043478,0.8571428571428571
ASB1,,,,,0.8915779283639884,,,
ASB3,0.5132275132275133,0.7327935222672065,0.2627986348122867,0.6640211640211641,0.6716981132075471,0.5385996409335727,0.6293457432247468,0.577639751552795
ASB6,,,0.4497354497354497,0.38380281690140844,0.3180616740088106,0.4068965517241379,0.2589792060491493,0.5887096774193549
ASB8,0.7036059806508356,0.6059113300492611,0.5358024691358024,,0.9871428571428571,0.5205223880597015,0.941725812476653,0.522077922077922
ASCC1,,,,,0.9695528068506185,,,
ASCC3,,,,0.5619834710743802,0.8183520599250936,0.7033898305084746,,0.6764705882352942
ASCL1,,0.7310924369747899,0.74,,,0.7758620689655172,,
ASF1A,0.7311139564660691,,,0.7311178247734139,0.7801535087719298,0.9112627986348123,,0.7350427350427351
ASH1L,0.9259353525069992,0.3606340819022457,0.46316851664984865,0.9007177033492823,0.5311879784519422,0.3634344929681717,0.9351763584366063,0.4573712255772647
ASH2L,,,,,0.10086872586872588,0.11146496815286625,0.07132530120481928,
ASIC1,,,,,0.863302752293578,,0.910126582278481,0.875
ASIC2,,,,0.8976744186046511,,0.8461538461538461,0.9526129317980514,
ASMTL,0.9808959156785244,,,,0.9512051734273956,,,
ASNS,,0.8720379146919431,,,,0.9869215291750503,,
ASNSD1,0.9702797202797203,,,,,,,
ASPA,,0.8781163434903048,,0.5471698113207547,0.6145454545454545,,,
ASPDH,0.47073170731707314,,,,,,,
ASPH,0.6308771929824561,0.7136150234741784,0.15079365079365079,0.1685508735868448,0.5156319785618579,0.5310344827586206,0.1264524948735475,0.21233859397417504
ASPHD1,,0.1592920353982301,,,0.049717057396928055,0.7074401008827238,0.97789566755084,0.7380410022779044
ASPHD2,,,,,,,0.8226190476190476,
ASRGL1,0.9025974025974026,,,0.8783382789317508,,0.7906137184115524,0.6521145975443383,
ASTN1,,,0.06739130434782609,0.05053598774885146,0.20206766917293234,0.039755351681957186,,
ASTN2,,,0.9333333333333333,,,,,
ASXL1,,0.8448275862068966,0.8932038834951457,,0.9430222956234517,0.7703703703703704,,
ASXL2,,0.7012987012987013,0.6375,,0.7469244288224957,,,
ASXL3,,,,0.6888888888888889,,,,
ATAD1,0.39106145251396646,0.1347517730496454,,0.8707865168539326,0.28612612612612615,0.3591331269349845,,
ATAD2,,,,0.56,0.7616279069767442,,,
ATAD2B,,0.7105263157894737,,,,0.5,,
ATAT1,,,,,,,0.07342430149447693,
ATCAY,0.9886649874055415,,0.9530386740331491,0.8737704918032787,0.9804211304026598,,0.985233798195242,
ATE1,0.9469026548672567,0.7897435897435897,,0.5797373358348968,,,0.983445421624418,
ATF1,0.5739644970414202,,,,0.659400544959128,,,
ATF2,,,,,,0.9580246913580247,,
ATF6,,0.44594594594594594,,0.5625,0.9728971962616823,0.6959459459459459,0.6117850953206239,0.7096774193548387
ATF6B,,0.6825396825396826,,,0.8539518900343642,,,
ATF7,0.8778625954198473,,0.6696428571428571,,0.7873900293255132,0.6417910447761194,0.7167487684729064,
ATF7IP,,0.8839285714285714,,0.7272727272727273,0.5539811066126855,,,
ATF7IP2,0.6557142857142857,,0.6052631578947368,,0.44970414201183434,0.49137931034482757,,
ATG10,0.20930232558139536,,,0.3111111111111111,0.45742092457420924,0.2682926829268293,0.5216637781629117,0.4339622641509434
ATG12,0.6,0.6464646464646465,0.6343283582089553,0.4453125,0.3326582278481013,0.6266094420600858,0.5553686571348472,0.6090909090909091
ATG13,,0.6916167664670658,0.7060085836909872,,,,,
ATG16L1,,,,,,,0.9361344537815126,
ATG2B,,0.696551724137931,,0.8214285714285714,0.8454258675078864,0.8669354838709677,0.9806110458284372,
ATG4A,0.6405228758169934,,,,,,,
ATG4B,0.4430856067732832,,,0.47619047619047616,0.4738247863247863,0.5373563218390804,0.9652532391048292,0.507177033492823
ATG4C,,0.828125,0.5561797752808989,0.8654708520179372,0.5802644003777149,,,
ATG5,0.3631484794275492,,,,0.4619332763045338,,,
ATG7,0.3843537414965986,,0.8243243243243243,0.3388888888888889,0.35235235235235235,0.9119496855345912,0.9522714203565268,0.391304347826087
ATL1,,,0.9873417721518988,0.9791946308724833,0.96122018497485,0.7027027027027027,0.9916971105944868,
ATL2,,,,,0.45695364238410596,0.5933609958506224,0.6797583081570997,
ATM,,0.8811188811188811,,0.907103825136612,0.8610086100861009,,0.7815126050420168,
ATMIN,,0.751412429378531,0.7047817047817048,0.735202492211838,0.743581616481775,0.6333973128598849,,0.7026239067055393
ATN1,,,0.9745222929936306,,,0.9793388429752066,,
ATOSA,,0.6666666666666666,,0.8137254901960784,,0.75,0.835214446952596,
ATOX1,,,,,0.9677525501809806,,,
ATP11A,,0.852589641434263,,,,,,
ATP11B,0.774869109947644,0.5238095238095238,,0.7708333333333334,0.8134991119005328,0.625,,
ATP13A3-DT,,,,,0.7816901408450704,,,
ATP13A4,,,0.9032258064516129,,0.7290552584670231,0.9121621621621622,,
ATP1A1,0.9964936203370021,0.8602150537634409,0.972972972972973,,0.9872600645490063,0.9811537577568376,0.9838472834067548,
ATP1A2,0.833832709113608,0.7368421052631579,0.9887869520897044,0.986562150055991,0.9757611940298507,0.8203559510567296,0.9768739314316566,0.9931529181610694
ATP1A3,0.8992519497055547,,,0.993993993993994,0.9925477410340009,,,
ATP1B1,0.9753823013286538,0.9731222385861561,,0.9941373534338358,0.9685140858037193,0.9915934275888422,0.9936219796393966,0.8378849506101104
ATP1B2,,0.9543269230769231,0.9588944011339475,,0.9567956795679567,0.9847374847374848,0.987638611161607,
ATP2A2,,0.6077669902912621,,0.86124911284599,,0.9876068376068377,0.8755682255951922,
ATP2B1,0.6758513494418539,0.5384615384615384,0.737380627557981,0.6762088974854932,0.8027547370824138,0.8139178418148375,0.8897439389812041,0.6588590857574613
ATP2B1-AS1,0.5672514619883041,,,,,,,
ATP2B2,0.9904732636754764,0.2560553633217993,0.9456445993031359,0.9735819735819736,0.9931300470049416,0.9751861042183623,0.9858378481132972,0.309009009009009
ATP2B3,0.7751343054489639,,0.803030303030303,0.8639308855291576,0.7725274725274726,0.8085106382978723,0.8369062631357713,
ATP2B4,,0.9120879120879121,,0.9530346820809249,0.9843266253869969,,,
ATP2C1,0.6179422835633626,0.9104477611940298,0.672209026128266,0.5308953341740227,0.6734473057779702,0.6114982578397212,0.5434828832660005,0.4289940828402367
ATP5F1A,,0.7747641509433962,,,0.9920709352886009,0.9954109303295786,0.5557087831090399,
ATP5F1B,0.9948359153756455,,,0.9975336748245115,0.9938055480743334,0.9906129210381005,,
ATP5F1C,,,0.4355179704016913,0.9587482219061166,,0.6615146831530139,,
ATP5F1D,,,,,0.9680648236415634,,,
ATP5F1E,0.40730610918544197,,,0.41124342287455,0.4643377802228029,,0.43411223903466767,
ATP5MC3,,,,,0.07331743233433578,0.04022795843110962,,
ATP5ME,0.0037289580225868314,0.19729860106126387,0.006364359586316627,,,,,
ATP5MF,,0.6878698224852071,,,,,,
ATP5MG,0.5460917587085812,0.11770244821092278,,0.9037502309255496,0.8363854975952645,,,0.12519006588950837
ATP5MJ,,,,,,,0.630089485458613,
ATP5MK,0.3455023364485981,,0.3016304347826087,,0.39061094789855505,0.7262528959882941,,
ATP5PB,0.936588752603564,,,,,0.9709803921568627,,
ATP5PD,0.7164021819985122,,0.606259097525473,,0.5547783430232558,,0.5422949762115958,
ATP5PF,,,,,,,0.7679160115636253,
ATP5PO,,,0.6290824261275272,0.944781359719119,0.9952339144613069,,0.7647033717456253,0.666907514450867
ATP6AP2,,,,,,,0.9850581751377833,
ATP6V0A1,0.9963870562362551,,,,0.9881696428571428,0.9890274314214463,,
ATP6V0A2,,,,,0.5987654320987654,0.7192982456140351,,
ATP6V0E1,,,,,0.019206680584551147,,,
ATP6V0E2,0.9439269406392694,,0.9304721030042918,0.9428571428571428,0.8510509051148099,0.9402271368798566,,
ATP6V1A,0.901664664492878,0.6845425867507886,,,0.9234610680799021,0.8828202581926514,0.9478647301105572,
ATP6V1B2,0.9604986239274729,,,,0.9864091559370529,,0.9746835443037974,
ATP6V1C1,0.953654552878726,0.9238095238095239,0.7404371584699454,0.9559193954659949,0.6654096228868661,0.8001958863858962,0.7233508082131935,0.6710526315789473
ATP6V1D,0.04104202506758417,,0.05278592375366569,0.05352591333899745,0.08781226343679031,0.030595813204508857,0.049644293226105786,
ATP6V1E1,0.9232984544494576,0.8064876957494407,0.9193277310924369,0.9147727272727273,0.9130925507900677,0.8507547707205925,0.8593058991080129,
ATP6V1G1,0.0303886925795053,,,,,,0.010880515817046141,
ATP6V1G2,0.9318983768525053,,0.9783549783549783,,0.9570015766088577,,0.9533387907847035,
ATP6V1H,,,,0.9910764082543224,,0.9910661107802263,0.9834460247143857,0.9775280898876404
ATP7B,,,,,,,,0.5849056603773585
ATP8A1,0.9863945578231292,0.9281984334203656,0.9509727626459143,0.9918433931484503,0.9754355182353679,,0.9470068694798822,0.9605839416058394
ATP8A2,0.816304347826087,0.4732142857142857,0.7171717171717171,0.7363083164300203,0.8901220865704772,0.636604774535809,0.6972010178117048,0.6284403669724771
ATP8B2,,,,,0.8295081967213115,,,0.675
ATP9A,0.9267055541465888,,0.9041878172588832,0.922654268808115,0.9359133126934984,0.919062832800852,0.923707054652158,0.9031620553359684
ATP9B,,0.5625,,,,,,
ATPAF1,0.40376323010584086,0.22491349480968859,0.45553822152886114,0.5114678899082569,0.4264033264033264,0.972972972972973,0.539287733182589,0.3344768439108062
ATPAF2,,,,0.42424242424242425,,,,
ATPSCKMT,,,,,0.8650927487352446,,,
ATRAID,,0.9285714285714286,,0.94579945799458,,,,
ATRNL1,0.8163416440385091,0.4519230769230769,0.5664845173041895,0.9057750759878419,0.7646950771491551,0.5109489051094891,0.8625550660792951,0.8900523560209425
ATRX,0.5633670350340936,0.39649359406608226,0.6783625730994152,0.5238439306358381,0.3544024289263042,0.5591317365269461,0.5856457333611517,0.6549192364170338
ATXN1,0.9490874159462056,0.7247386759581882,0.7751196172248804,0.8639575971731449,0.9090909090909091,0.9099616858237548,0.8839677891654466,0.8861111111111111
ATXN10,,,,0.1407528641571195,0.8348409687773563,0.1242603550295858,0.27741433021806855,0.12702078521939955
ATXN2,0.9006677796327212,0.8464052287581699,0.8848314606741573,0.9761388286334056,0.9040362438220758,0.9228971962616822,0.9306654257794323,0.900804289544236
ATXN3,,,,,0.8436103663985701,0.8717948717948718,0.910913140311804,
ATXN7,,,,0.717391304347826,,,,
ATXN7L1,,,0.26785714285714285,,,,0.6626506024096386,
ATXN7L3,,,,,0.9825358016067063,,,
ATXN7L3B,0.9179986101459346,0.9327485380116959,0.9612983770287141,0.03884234577303884,0.024564676616915422,0.9549098196392786,0.9721518987341772,
AUH,,,,,0.9717129387113672,,,
AURKAIP1,,,,,,0.5460399227301996,,
AUTS2,,0.8229166666666666,,,0.9786392405063291,,,0.6666666666666666
AVL9,0.8136645962732919,0.8055555555555556,,0.9348370927318296,0.9634295002031694,0.9056603773584906,0.9099455714992578,
AXL,0.9068413391557496,,,,,0.90625,,
AZI2,0.8496932515337423,0.7428571428571429,0.5022421524663677,0.4881720430107527,0.5387541607227769,0.8078602620087336,0.8290322580645161,0.5406360424028268
AZIN1,,0.48826291079812206,0.6729166666666667,0.975800156128025,0.9798053174487868,0.9657320872274143,,0.5920398009950248
AZIN2,,,,,0.04099142040038131,,0.15589887640449437,
B2M,,0.9607705779334501,,,,,,
B3GALNT1,0.6792270531400966,,0.7769516728624535,,,,,0.7338709677419355
B3GALT1,,,,,,,0.9656084656084656,
B3GALT2,,,0.6768867924528302,,0.9015849612974567,0.7835051546391752,0.7899018232819074,0.7931034482758621
B3GALT6,0.7609756097560976,,,0.5824175824175825,0.5120772946859904,0.5842696629213483,,
B3GAT1,,0.956081081081081,0.9790301441677588,,,,,
B3GAT2,,0.6188524590163934,0.7356948228882834,0.9197080291970803,0.4995224450811843,0.5509259259259259,0.5264623955431755,0.7619047619047619
B3GLCT,,,,,0.28328611898017,,,
B3GNT4,,,,0.2077922077922078,,,,
B3GNTL1,,,,,,0.3076923076923077,,
B4GALNT1,0.5261459005810201,,0.47474747474747475,0.6358118361153262,0.5171796707229778,0.5096618357487923,0.514524472741743,0.5598455598455598
B4GALT5,,,,0.8810344827586207,0.966696269982238,,,
B4GALT6,0.9306020066889632,,0.9305555555555556,,0.9105943152454781,0.9732360097323601,0.9119334480780263,
B4GALT7,0.8996282527881041,,,0.9052631578947369,0.9062233589087809,,0.9366336633663367,
B9D1,0.8908108108108108,,0.4339622641509434,,0.8174904942965779,0.8904109589041096,0.9098436062557498,
BAALC,0.5863949943847264,0.5356200527704486,0.5850467289719626,0.8306297709923665,0.5411205530750396,0.54292343387471,0.8170412393628628,0.6174438687392055
BAALC-AS1,,,,,,,,0.4382716049382716
BAAT,,,,,0.47761194029850745,,,
BABAM2,,,,0.942652329749104,,0.900398406374502,,
BACE1,0.5136186770428015,,,0.7553191489361702,0.049522461973823845,0.6923076923076923,0.7570048309178744,0.7898089171974523
BACE2,,0.5714285714285714,,,,,,
BACH1,,,,,,0.3798449612403101,,
BACH2,,,,,0.7582697201017812,,,
BAG1,0.8420031055900621,0.8913043478260869,,0.8600953895071543,,0.832089552238806,0.9175911251980983,
BAG3,,0.9271844660194175,,,,,,
BAG4,,,0.9036144578313253,,,0.9714285714285714,0.9867388868135973,
BAG5,0.25732899022801303,0.272108843537415,0.24789915966386555,0.23979591836734693,0.2401883830455259,0.2563176895306859,0.33349056603773586,0.8421052631578947
BAHCC1,0.6741214057507987,,,0.7327586206896551,0.735494880546075,,,
BAIAP2,0.7503765060240963,0.6121593291404612,0.0932297447280799,0.0819423368740516,0.6489781899364588,0.6594399277326106,0.7278875480705477,0.659903381642512
BAIAP2-DT,0.954369682907966,,,,,0.9305555555555556,,
BANP,,,,,0.9659442724458205,,,
BAP1,,,,0.9770867430441899,0.9667616334283001,,,
BASP1,0.9560626979615041,,,,0.9484621320692316,0.9906877743780763,,0.9556046112337503
BASP1-AS1,,0.5,,,,,,
BAZ1A,,0.717948717948718,,0.44680851063829785,,0.32558139534883723,,
BAZ1B,0.8907216494845361,0.5202492211838006,0.6745098039215687,0.9320987654320988,0.8429752066115702,0.6733333333333333,,
BAZ2A,,0.8850574712643678,0.8995215311004785,0.9319727891156463,,0.8774509803921569,,
BAZ2B,0.45901639344262296,0.7429906542056075,0.8974358974358975,0.42786069651741293,0.929444967074318,0.5425531914893617,0.8688946015424165,
BBIP1,0.3916167664670659,,,,0.489337822671156,,,0.47904191616766467
BBLN,,,,0.9720790378006873,0.96875,,0.9617434075693401,
BBOF1,0.34418604651162793,,,,0.5967213114754099,,,
BBS12,,,,,0.4606741573033708,,,
BBS2,0.13925925925925925,0.23232323232323232,0.13962264150943396,0.11753731343283583,0.16725521669341895,0.129973474801061,0.11308805790108564,0.06722689075630252
BBS7,0.7518463810930576,,0.8707865168539326,,0.8921095008051529,,,
BBX,,0.5512820512820513,,0.7836734693877551,0.965675057208238,0.6875,,0.717948717948718
BCAN,0.7820392890551918,,0.8453738910012675,0.7640807651434643,0.8166708637622765,0.8069381598793364,0.787662503186337,
BCAP29,0.7147746719908727,0.6305732484076433,0.648014440433213,0.3120759837177748,0.7990242071683242,0.5668073136427567,0.3138144329896907,0.292817679558011
BCAP31,0.9619577308120133,0.960546282245827,,,0.9910335063709297,0.9640768588137009,,
BCAR1,,0.9045553145336226,,,,,,
BCAS1,0.40893470790378006,0.826797385620915,0.9227994227994228,0.4924924924924925,0.8519105476316253,0.41995073891625617,0.44071809035312687,0.8649214659685864
BCAS3,,0.7579617834394905,,0.8863636363636364,0.7817919075144508,0.9457013574660633,0.8833138856476079,
BCAT1,0.7584745762711864,,,,0.21262886597938144,0.8769230769230769,0.10536044362292052,0.4794520547945205
BCCIP,0.6666666666666666,0.6833333333333333,,0.38095238095238093,0.5451263537906137,0.2660098522167488,0.24868421052631579,0.6527777777777778
BCKDHB,,0.5360824742268041,,0.912751677852349,,,,
BCL11A,0.9582651391162029,,,0.9197707736389685,,0.907070707070707,,
BCL11B,,,,0.585635359116022,,,,
BCL2L13,,0.3382352941176471,,,,0.11320754716981132,,
BCL6,,0.6557377049180327,,0.8415584415584415,0.8863074641621355,,,0.6909620991253644
BCLAF1,0.8446969696969697,,,0.8073770491803278,0.6426116838487973,0.7336621454993835,0.7204081632653061,
BCLAF3,0.4716981132075472,,,0.3,0.6811224489795918,0.6774193548387096,0.5406976744186046,
BCO2,,,,,0.14035087719298245,,,
BCR,0.34515119916579773,0.40816326530612246,0.3506849315068493,,0.21462450592885376,,,0.29683698296836986
BDH1,0.33966745843230406,,0.20987654320987653,0.2886178861788618,0.24739583333333334,0.9269406392694064,0.274,0.33980582524271846
BDH2,0.2,0.19889502762430938,0.22123893805309736,0.2743362831858407,0.05680317040951123,,,
BDNF,,,,,0.24516129032258063,,,
BDNF-AS,,,,,0.23529411764705882,,,
BDP1,0.4644030668127054,0.5192307692307693,0.6253869969040248,0.24701873935264054,0.5426573426573427,0.1744186046511628,0.774685816876122,0.8552631578947368
BECN1,0.969626168224299,,,,,,,
BEND5,0.5351170568561873,,,,,0.9318181818181818,,
BEND6,0.9053367217280813,0.5869565217391305,,0.6818181818181818,0.8824537354352296,0.7485822306238186,0.6744014732965009,
BEST1,,0.7712418300653595,,,0.7633262260127932,,,0.5254237288135594
BET1,,,,,0.9034175334323923,,,
BET1L,0.8240469208211144,,,0.2206896551724138,0.8972868217054264,0.2289156626506024,0.9077568134171907,
BEX3,0.9158025715470759,0.9193442622950819,,,,,,
BFAR,,,,,0.9445114595898673,0.8482758620689655,,
BHLHE40,,,0.9533333333333334,,,0.9735576923076923,,
BHLHE41,,0.9675456389452333,,,,0.9415204678362573,,
BICD1,0.9359823399558499,0.7010309278350515,,,0.9450809956538917,,0.9064748201438849,
BICRA,,0.7681159420289855,,,,,,
BICRAL,,,,,0.945054945054945,,0.8167420814479638,
BID,,,,0.22857142857142856,,0.1984732824427481,,
BIN1,,,,,,0.9831683168316832,,
BIRC2,,0.7602739726027398,,,,,0.9572225666460012,
BIRC3,,,0.5128205128205128,,,,,
BIRC6,,0.7322834645669292,,0.844106463878327,0.9528508771929824,0.9384615384615385,0.7842003853564548,0.6212121212121212
BIVM,,,,0.8963414634146342,,0.8951048951048951,0.8836833602584814,
BLCAP,,,,,,,0.004368658399098084,
BLOC1S1,,,,,,0.6036866359447005,,
BLOC1S2,0.9365830572645528,,,,,,,
BLOC1S6,0.9382716049382716,,0.8968481375358166,,,0.8103727714748784,0.9446704637917006,
BLTP1,,0.9451476793248945,0.9646739130434783,0.9575221238938053,0.9456752655538695,0.9530685920577617,,0.8883495145631068
BLTP2,,,,,,,0.9811746987951807,
BLTP3B,0.3524504692387904,0.2549019607843137,0.36318407960199006,0.958904109589041,,0.3655913978494624,0.9177718832891246,0.25
BLZF1,,,,0.8959537572254336,,,,
BMAL2,,,,0.7894736842105263,0.6504297994269341,0.6119402985074627,,
BMERB1,,,,,,0.9195849546044098,0.9677976557680444,0.9501216545012166
BMI1,,,,,0.9677022454629345,,,
BMP2K,0.6777251184834123,,0.9026548672566371,,0.7795389048991355,0.6705882352941176,,
BMP7,0.5805860805860806,0.5974025974025974,,0.6398104265402843,0.6909090909090909,0.5875706214689266,,0.6053811659192825
BMP8A,0.7166666666666667,,,,,,,
BMPER,,,,0.7456896551724138,,,,
BMPR1A,,0.2826086956521739,,,0.20169851380042464,,,0.4305555555555556
BMPR2,0.974782209995415,,0.9330985915492958,0.9142857142857143,,0.8051181102362205,,
BMS1,0.9079754601226994,,,0.9239766081871345,,0.8734177215189873,,
BNIP3,0.9560732704961764,0.9419889502762431,0.9043659043659044,0.9625884732052579,0.969923918212078,0.939297124600639,,0.9683406113537117
BNIP3L,0.7560723514211887,0.9250513347022588,0.9781931464174455,0.7346128391793514,0.9890350877192983,0.9830960854092526,0.9823924487202759,
BOD1L1,0.7737430167597765,0.7419354838709677,0.5611510791366906,,0.7833668678739101,0.5290178571428571,0.8903456495828367,0.41284403669724773
BOLA2,,,,,0.21442006269592476,,,
BOLA3-DT,,,,0.48148148148148145,0.7702479338842976,,,
BORCS5,,,0.2597402597402597,0.648936170212766,0.528158295281583,,0.158311345646438,
BORCS7,0.48811787072243346,,0.1417624521072797,0.5330882352941176,0.5616636528028933,,,
BORCS8,0.04334121355397951,0.11578947368421053,,,0.9607013301088271,0.956,,
BPNT1,0.8532608695652174,,,0.6260162601626016,0.7727272727272727,,0.7188081936685289,
BPNT2,0.8876811594202898,0.8086124401913876,0.8396039603960396,0.7904761904761904,0.8134504176483187,0.6806083650190115,,0.746268656716418
BPTF,0.9089974293059125,0.6197183098591549,,0.3991228070175439,0.8989095195991748,0.41338582677165353,0.8837209302325582,0.32781456953642385
BRAF,,,0.9017094017094017,,0.9398148148148148,,0.9535175879396985,0.9216867469879518
BRAP,,,0.757396449704142,,0.5591836734693878,,,
BRD2,,,,0.9525423728813559,,,,0.8592814371257484
BRD3,0.9619047619047619,,0.84375,,0.8740831295843521,,0.9526337280522662,0.7878787878787878
BRD3OS,0.24124809741248096,,0.1141732283464567,0.38,0.2842712842712843,0.1793103448275862,0.0777479892761394,0.32751091703056767
BRD4,0.7928286852589641,0.5888324873096447,0.5587188612099644,0.5938189845474614,0.6253216675244467,0.7018181818181818,0.6524614254224834,0.38235294117647056
BRD7,0.29207920792079206,0.7472527472527473,0.1590909090909091,,0.38910724312184164,0.232,0.10426540284360189,
BRD9,,0.39344262295081966,,,,,,0.5846994535519126
BRI3,,,,,,,0.047906316536550746,
BRI3BP,0.82864038616251,,0.8358585858585859,0.9392446633825944,0.9569288389513109,0.8878281622911695,0.8595848595848596,
BRINP1,0.029647435897435896,0.5813953488372093,,0.912639405204461,0.9625237191650854,0.9690721649484536,0.9643452182605798,
BRINP2,,,,0.9558441558441558,,,0.972828723920427,
BRINP3,,,0.8888888888888888,,,,,
BRMS1L,0.8797202797202798,0.46226415094339623,,0.9416666666666667,0.9340804218852999,0.9543726235741445,0.90360435875943,
BROX,,,,0.953168044077135,0.9699556162512804,,,
BRSK1,,,,,,0.9852034525277436,,
BRSK2,0.6079066753078418,0.5628415300546448,0.5285714285714286,0.5118483412322274,0.519159456118665,,0.4418966187329965,0.5024752475247525
BRWD1,0.22122981793198213,0.33962264150943394,0.17087667161961367,0.2234762979683973,0.17691791545515545,0.14965986394557823,0.16325237592397043,0.23958333333333334
BRWD3,,,,0.8333333333333334,,,,
BSCL2,0.9950965049556599,,,0.9860565593087196,,,,
BSN,,,,0.9929622520793346,,,,
BTAF1,0.34563758389261745,0.2459016393442623,,0.9052132701421801,,0.34513274336283184,0.24167561761546724,
BTBD1,,,,,0.9514955537590946,,0.9616490891658677,
BTBD10,,,,0.9787234042553191,0.9571240105540897,0.9215358931552587,,
BTBD3,0.9902755267423015,0.8393782383419689,0.9055374592833876,0.9715639810426541,0.9454496354307318,0.948626045400239,0.9671250537172325,0.9634340222575517
BTBD7,,,,,0.8359240069084629,0.7319587628865979,,
BTBD8,0.6498570314530803,0.6062176165803109,0.8247787610619469,0.8657799274486094,0.934070796460177,0.6412971542025149,0.7778541953232462,0.9427402862985685
BTBD9,,,,0.8167701863354038,0.7050980392156863,,0.4232519652461729,
BTD,0.40669856459330145,0.7222222222222222,,,0.7363896848137536,0.6774193548387096,,
BTF3,0.6883856122078237,,,0.8279124778237729,0.7329678021465236,0.9478193146417445,,
BTF3L4,,0.6379310344827587,,0.11421319796954314,0.6379310344827587,0.15436241610738255,0.2097669256381798,
BTG1,0.7470238095238095,,,,0.8424283765347885,,,
BTG3,0.8745874587458746,,,,,,,
BTRC,0.9527027027027027,,,,0.9192771084337349,,0.9914503816793893,
BUB3,,,,0.9078212290502793,,,,
BUD31,0.8365276211950394,,,0.889261744966443,,,,
BZW1,0.9412761151891587,,0.8984615384615384,0.96875,0.8035019455252919,0.8836206896551724,0.9815803523758676,
BZW2,,,,0.8480392156862745,,,,
C10orf88,,,,0.32323232323232326,0.1402439024390244,,0.25328330206378985,
C10orf90,,0.43564356435643564,0.7375,,0.7654784240150094,,,
C11orf54,,,,,0.770573566084788,,,
C11orf58,0.6810912511759172,0.9367311072056239,0.19787045252883761,0.7560581583198708,0.8509195055773289,,0.9197674418604651,0.9471947194719472
C11orf71,0.4971751412429379,0.6271186440677966,0.4935064935064935,,0.36936936936936937,0.725,0.5837837837837838,
C11orf87,,0.8205128205128205,0.75,0.7762886597938145,0.9916025192442267,0.7991228070175439,,0.8296296296296296
C12orf29,0.8246527777777778,0.8432835820895522,0.8162544169611308,,0.8028169014084507,0.8976377952755905,0.9458997722095672,
C12orf4,0.8615916955017301,,,0.8043478260869565,,0.8962962962962963,,
C12orf43,0.6212574850299402,,0.6796116504854369,0.512396694214876,0.7117327117327117,0.44776119402985076,,
C12orf75,,,,,,,0.5647668393782384,
C12orf76,0.4600451467268623,0.9731543624161074,0.3194842406876791,,0.23686229382431914,0.38429172510518933,0.03920619554695063,0.11650485436893204
C14orf132,0.9674887892376681,0.6812227074235808,,0.9271899886234357,0.9604302727621975,,0.9163528778913395,0.7065789473684211
C14orf28,,,,,0.6006006006006006,,,
C15orf39,,0.28205128205128205,,,,,,
C15orf40,,,,,0.3300970873786408,,,
C15orf61,0.049586776859504134,,,,0.04426787741203178,0.9692307692307692,,
C16orf87,0.15723270440251572,,,0.8253968253968254,0.3584905660377358,,0.4050802139037433,
C17orf67,,0.38461538461538464,,,0.675531914893617,,,
C17orf75,,,,,0.41482300884955753,0.4810810810810811,,
C18orf25,,,,,0.9179767600820232,0.84375,,
C18orf32,0.712463844333421,0.030542986425339366,,,,,0.029226847918436702,
C19orf12,0.28589108910891087,0.3037037037037037,0.298932384341637,,0.3437100213219616,0.34108527131782945,0.2580071174377224,0.8974358974358975
C19orf25,,0.2807017543859649,0.16666666666666666,0.08139534883720931,,0.09223300970873786,0.08576480990274093,0.09134615384615384
C1D,,,,0.8141447368421053,0.8739628605294351,0.8025078369905956,0.8747826086956522,
C1GALT1,,0.3220338983050847,0.48823529411764705,,0.42924528301886794,0.45454545454545453,,
C1GALT1C1,,0.41935483870967744,,,,,,
C1QBP,0.9795279383429673,0.9534883720930233,0.9765100671140939,0.8992661774516344,0.989136195018548,0.9288990825688074,0.8781273983115886,0.9120310478654593
C1orf115,0.8759159745969711,,,0.9566532258064516,,0.8587570621468926,,
C1orf198,,,,,0.9732441471571907,,,
C1orf21,0.4883148831488315,0.664,0.8435374149659864,0.7438271604938271,0.788936170212766,,0.5677398788651578,
C1orf216,0.9454836985569214,,,0.9610552763819096,,0.9809220985691574,,
C1orf43,0.9714681440443214,0.9722703639514731,,,0.9910681735326285,0.9794117647058823,,
C1orf50,0.0546218487394958,,,,,,,
C1orf52,0.09568627450980392,0.13291139240506328,0.12903225806451613,0.2190721649484536,0.19614147909967847,0.175,0.15912557193695984,
C1orf56,,,,,0.5140449438202247,,,
C21orf91,,0.45614035087719296,,,,,,
C22orf39,0.5881326352530541,0.8012820512820513,0.5138339920948617,,0.6270142180094787,0.6437659033078881,0.6376306620209059,0.6130434782608696
C2orf49,0.5966101694915255,0.640625,0.6352941176470588,0.7964601769911505,0.7782312925170068,0.43283582089552236,0.6081560283687943,
C2orf68,,,,,0.6946564885496184,,,
C2orf69,,0.6861313868613139,0.9597855227882037,0.7076566125290024,0.7567567567567568,0.6286644951140065,,0.6882591093117408
C2orf72,0.3190751445086705,,0.6923076923076923,,0.9111801242236025,0.27884615384615385,,0.30158730158730157
C2orf80,,,,0.8795698924731182,,,,
C2orf88,,,,,,,0.6594594594594595,
C3orf14,0.25151285930408473,0.22727272727272727,0.27089337175792505,0.36683417085427134,0.8181818181818182,0.888,0.29393939393939394,0.3840304182509506
C3orf38,,0.8155339805825242,0.813953488372093,0.3924050632911392,0.4021608643457383,0.6733333333333333,0.5014245014245015,
C3orf62,,,,,0.45627376425855515,,,
C4orf3,0.7011515262292085,0.8336079077429983,0.7640117994100295,0.8204758471521268,0.8379676808851361,,0.8141452584839836,
C4orf33,0.9211822660098522,,,,0.250936329588015,,,
C5orf24,0.847723704866562,,0.8739495798319328,,,0.8961424332344213,,
C6orf120,,,0.4635416666666667,0.47706422018348627,0.9244897959183673,0.5154185022026432,0.6798614547253835,
C6orf62,0.9611133851821531,0.8837837837837837,0.8566610455311973,,0.9642264866145464,0.8461538461538461,0.9414091470951792,0.9649805447470817
C6orf89,,0.8798449612403101,0.872093023255814,0.9022403258655805,0.8352402745995423,0.8591954022988506,0.9136878814298169,0.8721461187214612
C7orf50,,,,0.9824817518248176,,0.9050736497545008,,
C8orf33,0.8099489795918368,0.6335403726708074,,0.8771929824561403,0.8727134146341463,0.8976744186046511,0.8838304552590267,
C8orf34,,,,,0.7360406091370558,,,
C8orf44,0.39473684210526316,,,,0.5658536585365853,,,
C8orf76,,0.7230769230769231,,,,,,
C9orf40,,,,0.415929203539823,0.6619883040935672,,,
C9orf72,0.0762081784386617,,0.8636363636363636,,,,0.9604377104377104,
C9orf78,,,,,,0.8849431818181818,0.9693178433124814,
C9orf85,0.38271604938271603,0.7272727272727273,,,0.33962264150943394,,,
CA10,0.6693877551020408,0.6052631578947368,0.7012448132780082,0.6228571428571429,0.6329639889196675,0.6015180265654649,0.7275400196014374,
CA11,,,,0.3585554600171969,,0.9533941236068896,,
CA2,,0.977116704805492,,,0.9910673732021196,,,
CA8,0.7807017543859649,,,,0.7310924369747899,,,
CAAP1,,,,,,0.6619718309859155,,
CAB39,,,,,,0.96440489432703,,
CAB39L,0.8869665513264129,,,0.9481327800829875,0.9090909090909091,0.9329446064139941,0.958041958041958,
CABLES1,,0.6491228070175439,0.5094339622641509,,0.4229934924078091,0.8466257668711656,0.8700887198986058,0.68
CABLES2,,,,,0.94875,,,
CABP1,,0.8669724770642202,0.8780346820809248,0.9613544350386456,0.9691722418995147,0.9582297364495276,,0.8240040342914775
CACFD1,0.8324324324324325,,,,,0.5522388059701493,,
CACNA1A,,0.5721153846153846,,,,0.977491961414791,0.9866774323778764,0.5719769673704415
CACNA1B,,,0.8432432432432433,0.8698315467075038,0.8940634595701126,0.9173728813559322,0.9420062695924765,0.8072625698324022
CACNA1C,,,,0.9300699300699301,0.9457013574660633,0.9225806451612903,0.5820271682340648,
CACNA1D,0.7055214723926381,,,,0.4745308310991957,,0.691358024691358,
CACNA1E,0.6679841897233202,,0.7132616487455197,0.6545064377682404,0.6927029804727647,0.7158469945355191,0.5131375579598145,0.6386138613861386
CACNA2D1,,,0.9451073985680191,0.9732540861812778,0.955629338967703,0.9175824175824175,0.9260089686098655,0.8769230769230769
CACNA2D3,0.9693877551020408,,,0.8491620111731844,0.9868041237113402,0.9278688524590164,0.8812729498164015,0.7023809523809523
CACNB1,0.9256900212314225,,0.9135514018691588,,0.8511567001309471,0.9148471615720524,,
CACNB2,0.9484046164290564,0.6923076923076923,0.7606837606837606,0.8422818791946308,0.9278273809523809,0.8329896907216495,0.8451574919046217,0.8369230769230769
CACNB4,0.94434250764526,,0.949671772428884,,0.8941818181818182,0.8745247148288974,0.8707986432315757,
CACNG3,,,,,,0.9747675962815405,,
CACNG5,,,,,0.4157303370786517,,,
CACNG8,,,0.9468085106382979,0.9620253164556962,,0.945,,
CACUL1,0.2125237191650854,,0.7959183673469388,0.3268698060941828,0.4315209910529938,0.1638418079096045,0.46787603930461075,
CACYBP,0.8293049091727969,0.8058441558441558,0.875886524822695,0.7979002624671916,0.8326580608687458,0.8619107217355028,0.8987227454521998,
CADM1,0.9238152369526095,0.7835051546391752,0.8663911845730028,0.87422934648582,0.7887806637806638,0.8697916666666666,0.8279898218829517,0.8073770491803278
CADM2,0.9537692628071637,0.8262243285939969,0.8625277161862528,0.8717086834733894,0.8794267144404633,0.8922616502778965,0.8307650958609568,0.645075421472937
CADM3,0.3795955882352941,0.3426294820717131,,0.3291298865069357,0.26177285318559557,0.9016100178890877,0.41815167840862,0.9420062695924765
CADM4,,0.9780380673499268,,,,0.9255150554675119,,
CADPS,0.9815756035578145,0.693950177935943,0.8040313549832027,0.8927125506072875,0.9460986410138953,0.8766184310738766,0.9633961744874089,0.6774809160305344
CADPS2,,0.8105263157894737,0.9559748427672956,0.9648829431438127,0.9618805590851334,,0.9778175313059034,0.7964601769911505
CALB1,,,,,0.5959409594095941,0.568561872909699,0.6043225270157938,0.3614457831325301
CALCOCO1,,,,,,0.07342657342657342,,
CALCOCO2,,0.8050314465408805,,0.9539170506912442,0.8457595526561044,0.1079136690647482,,
CALCRL,,,,,,0.5967741935483871,0.7596899224806202,
CALD1,,0.4225621414913958,0.9436619718309859,,0.9478707782672541,0.43400447427293065,0.952027027027027,
CALM1,0.6559258147369825,0.6614629794826048,0.7266085316992694,0.7508333333333334,0.5325685397627844,0.762873777627042,0.6599002617153422,0.7024387209157645
CALM2,0.8437340675028041,0.9941294608373242,0.9209002750036185,0.7906580859456093,0.680844315460615,0.8352270155266851,0.8899714939950465,0.9459573569769897
CALM3,0.7239849497388667,0.64086859688196,0.8089967868618351,0.8489473097916899,0.9458106551189861,0.9192131147540984,0.7587310050653159,0.8309696092619392
CALR,0.9397260273972603,0.9448924731182796,,,,,,
CALU,0.15296052631578946,0.8227848101265823,0.34177215189873417,0.9306930693069307,0.8440438871473355,0.2706766917293233,0.3055276381909548,0.7463768115942029
CALY,0.9161676646706587,,0.06286836935166994,0.09447983014861996,0.9712041884816754,0.07543859649122807,0.8693189480782199,0.9419642857142857
CAMK1,,,,,0.9472710453283997,,0.9901241534988713,
CAMK1D,0.8410619469026549,0.943127962085308,0.9807956104252401,0.9716117216117216,0.9581263307310149,0.9598583234946871,0.9683875794986906,0.5788005578800558
CAMK2A,0.7432520325203252,0.7320261437908496,0.9600301659125189,0.9524666906733885,0.9512700881285641,,0.7548282828282828,
CAMK2B,0.748909761824891,0.46093064091308167,,0.9950019223375625,,0.9705014749262537,0.5998282189427657,
CAMK2D,0.14697569248162803,,0.9825479930191972,0.0858050847457627,0.9682407020476389,,,
CAMK2G,0.9858156028368794,0.8664596273291926,0.950589970501475,0.9741267787839586,0.9435973552826878,,0.9536604987932421,0.9266943291839558
CAMK2N1,,0.7988587731811697,0.769393698702674,0.876134162503823,0.814813079733908,0.8197375926982317,0.8616145759002902,0.8775202562653099
CAMK4,0.8856502242152466,,,0.9424083769633508,0.7882454624027658,0.5643564356435643,0.9227272727272727,
CAMKK1,,,,0.9930020993701889,0.978137166816412,,,
CAMKK2,0.9395926820849154,,0.9610215053763441,0.9457050243111832,0.9574047954866008,0.8985890652557319,0.9404792579232156,
CAMKV,0.9922791846819025,,,,,,,
CAMLG,0.037449971412235564,,,0.9426644182124789,0.9553679131483716,0.02737226277372263,,
CAMSAP1,0.6054644808743169,,0.7647058823529411,0.8701594533029613,0.8785228377065112,0.5520833333333334,0.5746102449888641,
CAMSAP2,0.8290484140233723,0.7221238938053097,0.9481668773704172,0.9563953488372093,0.8929804372842347,0.7130434782608696,0.9821032625910675,0.8265179677819083
CAMTA1,0.6141955149139996,0.8296213808463252,0.7918088737201365,0.8583779333058872,0.8583486635645493,0.8512891344383057,0.9214382326420198,0.7705139765554554
CAND1,0.2715883668903803,0.3900709219858156,0.3649193548387097,0.43562610229276894,0.6750739529814729,0.6953551912568307,0.7030382228030055,0.6679841897233202
CANX,0.8042125418860699,0.7196029776674938,0.8481449525452976,0.9646697388632872,0.8886926994906621,0.8991135500211059,0.7243243243243244,0.8263058527375708
CAP1,,,,0.7464114832535885,,,,
CAP2,0.8721973094170403,,,,,0.806060606060606,,
CAPN2,,,0.9223946784922394,0.975,0.9586666666666667,0.8859934853420195,,
CAPN5,,,,0.8393782383419689,0.7819148936170213,0.8046875,0.7490729295426453,
CAPN7,,,,,0.9251336898395722,0.10185185185185185,,
CAPRIN1,0.32868757259001163,,0.459954233409611,0.3965714285714286,0.5397665085735133,0.1896551724137931,0.18958950486669487,0.6114942528735632
CAPRIN2,,,,,0.959521094640821,,0.9734762979683973,
CAPS2,0.8530612244897959,,0.8484848484848485,0.8384615384615385,0.7908496732026143,0.7676767676767676,0.8328173374613003,
CAPZA1,,,,,,0.9225941422594143,,
CAPZA2,0.3813538308951153,0.3815789473684211,0.3866513233601841,0.9615631005765535,0.9918316054037072,0.40266469282013323,0.9958292784651744,0.3605898123324397
CARF,,,,,0.6202090592334495,0.5957446808510638,,
CARHSP1,0.6018306636155606,0.930921052631579,,,0.4854368932038835,,,0.5384615384615384
CARMIL1,,,,,,0.8956521739130435,,
CARMIL2,,,,,,,,0.47674418604651164
CARNMT1,,,,,0.8074626865671641,0.8415841584158416,,
CARS1,,,,0.8736842105263158,,,,
CARS2,,,,0.9015544041450777,,,,
CASC15,,,,0.6829268292682927,0.39344262295081966,0.6296296296296297,0.7137931034482758,
CASC3,0.881638846737481,0.882179675994109,0.9250457038391224,,,0.911062906724512,,0.9247311827956989
CASD1,,,,,0.9877282250823107,,,
CASK,0.6934156378600823,,,,0.586880669923238,0.5287958115183246,,0.46875
CASKIN1,0.8473597359735974,,,,0.8069039913700108,,0.8532326569136385,
CASP8AP2,0.6705882352941176,,0.8142857142857143,,,,,0.5285714285714286
CAST,,,,0.6303630363036303,0.8449334698055271,,,
CASTOR2,,,,,0.916267942583732,,0.9753863766456783,
CASTOR3P,0.8784388995521433,0.9361702127659575,0.5590551181102362,0.9766990291262136,0.9273262395290921,0.9260700389105059,0.6759776536312849,
CAV2,,,,0.625,0.6075156576200418,,0.7779310344827586,
CAVIN2,,,,,0.5396578538102644,,,
CBFA2T2,,0.4700854700854701,,,0.9620578778135048,0.7611111111111111,,0.5217391304347826
CBFA2T3,,,,,0.8124076809453471,,,
CBFB,,,,,0.9034690799396682,,,
CBLB,,0.3953488372093023,,,,,,
CBLL1,,0.6842105263157895,,0.7515527950310559,0.8172690763052208,,,
CBLN2,0.9641491395793499,,,0.97054698457223,,0.97,0.9701535786728485,
CBR4,0.13105413105413105,0.5862068965517241,,,0.9666666666666667,,,
CBX1,,0.6744791666666666,0.8430962343096234,0.9076704545454546,,,,0.8594594594594595
CBX3,0.57996632996633,,,0.9712389380530974,0.8722563652326603,0.7355769230769231,,
CBX5,0.7532905838677016,0.9707602339181286,0.9150521609538003,0.803921568627451,0.8984450923226434,0.893296853625171,0.945157780195865,0.9345047923322684
CBX6,,0.512720156555773,0.6002252252252253,0.9734620024125452,,0.9633251833740831,0.9673693329483107,
CC2D1A,,0.8295454545454546,,,,0.8518518518518519,,
CC2D2A,,,0.6666666666666666,,0.7570621468926554,,,
CCAR1,0.8298397040690506,0.37343358395989973,0.7428571428571429,,0.15973254086181277,0.5576470588235294,0.32926829268292684,
CCAR2,,,,,0.9821717990275527,,,
CCDC102B,,0.34615384615384615,,,,,,
CCDC112,,,,0.736,,,,
CCDC12,,,0.8917910447761194,,,,,
CCDC127,,0.3466666666666667,0.38461538461538464,0.125,0.48126064735945484,,0.6508127633955448,
CCDC136,,,,,,,0.9488291413703382,
CCDC138,0.375,,,,,,,
CCDC14,,,,,,,0.875219683655536,
CCDC144A,,,,,,,,0.7466666666666667
CCDC146,,0.44,0.7625,,,,,0.44
CCDC149,0.7702407002188184,0.5416666666666666,0.7377049180327869,,0.6447902571041949,0.8159509202453987,0.6380368098159509,
CCDC152,0.46808510638297873,,,,,,,
CCDC160,,,,0.5714285714285714,,,,
CCDC171,,,,,0.546875,0.7301587301587301,,
CCDC174,0.5135135135135135,0.5671641791044776,,,,,,
CCDC18-AS1,,,,,0.591715976331361,,0.4148936170212766,
CCDC180,,,,,0.28688524590163933,,,
CCDC181,,,0.5982905982905983,,0.8524590163934426,,,0.3888888888888889
CCDC183,,,,,0.3125,0.32608695652173914,,
CCDC184,0.8729037952338923,,,0.8885017421602788,0.9137562366357804,,,
CCDC186,,,,,0.9124356144223694,,0.8800350262697023,
CCDC25,0.6715517241379311,0.3291139240506329,0.5740740740740741,0.6862745098039216,0.658971243418388,0.791497975708502,0.7166859791425261,
CCDC30,0.1183206106870229,,,,0.3173734610123119,0.6944444444444444,,
CCDC32,0.24,,,,0.03669724770642202,,,
CCDC34,0.5004233700254022,0.16049382716049382,0.5681818181818182,0.7678571428571429,0.1347517730496454,0.48286604361370716,,
CCDC47,,0.6160337552742616,,0.8254901960784313,0.8594534300055773,0.9398230088495575,0.8429926238145417,0.8327526132404182
CCDC50,0.6158415841584158,,0.7636363636363637,,0.8467933491686461,0.8355263157894737,,
CCDC59,,0.5454545454545454,,,0.6661087866108787,,,
CCDC6,0.8639455782312925,0.8333333333333334,,,0.8506052553882492,0.9742063492063492,0.8965415311853384,
CCDC66,0.627906976744186,0.296137339055794,,,0.40806353084911423,0.7155963302752294,0.8964346349745331,
CCDC7,0.910467706013363,0.2845100105374078,0.39267886855241263,0.6771589991928975,0.5170355902777778,0.39543726235741444,0.45977808599167824,0.532258064516129
CCDC71L,,,,0.5818181818181818,0.6359223300970874,,,
CCDC82,0.42607610729881473,,0.9051724137931034,0.7567567567567568,0.8594229588704727,0.5136363636363637,0.8300679728108756,
CCDC88A,0.43364429732169724,0.501338688085676,0.8438880706921944,0.8469387755102041,0.4032977201985362,0.26846846846846845,0.9680429864253394,0.5516847515705311
CCDC9,,,,,0.8890814558058926,,,
CCDC90B,0.7234273318872018,0.6089108910891089,,,,,,
CCDC91,0.6117743927542199,0.5030084235860409,0.6284779050736498,0.7416851441241685,0.8433734939759037,0.645021645021645,0.6588295425504728,0.7309417040358744
CCDC92,0.014853857211308098,0.9454545454545454,0.9580272822665268,0.014492753623188406,0.9869949713889371,0.9830845771144279,0.982642689601251,0.9156521739130434
CCDC92B,0.5370786516853933,,,,,,,0.6495726495726496
CCK,,,0.9533812949640288,,,,,
CCN3,,,,0.9277566539923955,,,,
CCNA1,,,,,0.8015122873345936,,,
CCNB1,0.16417910447761194,,,,,,,
CCNC,,,,0.9584905660377359,0.9229618548990277,,0.9392049883086516,
CCND2,,,,,,,0.9638667292351009,
CCNDBP1,0.9559585492227979,,0.8184931506849316,0.8919803600654664,0.9362562189054726,0.9037735849056604,0.8999073215940686,0.7897435897435897
CCNG2,,0.3185840707964602,0.1712962962962963,,0.1534154535274356,0.15568862275449102,,0.29004329004329005
CCNH,0.07420494699646643,0.44144144144144143,0.09722222222222222,0.18994413407821228,0.1893939393939394,0.631578947368421,0.13761467889908258,
CCNI,0.9204872272035188,0.4259020618556701,0.9572649572649573,0.9701492537313433,0.9510741138560688,0.9785504238021103,0.5686485120363935,
CCNL1,,,,0.9017341040462428,,,,
CCNL2,0.6082352941176471,0.9409282700421941,0.8547008547008547,0.7881508078994613,0.7990255785627284,0.7368421052631579,0.7410256410256411,0.8384279475982532
CCNT2,0.1943231441048035,,0.11428571428571428,0.22,0.9774826789838337,0.13068181818181818,,
CCNY,0.5928571428571429,0.4008438818565401,0.4567901234567901,0.4865293185419968,0.5625711035267349,0.5,0.6536822884966524,0.3125
CCP110,0.7991913746630728,0.8344549125168237,0.7829457364341085,0.9770833333333333,,0.8118811881188119,0.8821016659547202,0.8270676691729323
CCPG1,0.7727923627684964,0.3106267029972752,0.6724738675958188,0.713302752293578,0.8262541193701941,0.9633507853403142,0.9346165597311336,0.7404580152671756
CCSAP,0.8826923076923077,0.8866396761133604,0.9581497797356828,0.8716049382716049,0.914349901713002,0.7975270479134466,,
CCSER1,,,,,0.7182539682539683,,,
CCSER2,0.9570917759237187,0.8417721518987342,0.8763440860215054,0.8407643312101911,0.8685069008782936,0.7847222222222222,0.990909090909091,
CCT2,0.8836206896551724,,0.9616519174041298,0.9009193054136875,0.9763676148796498,0.948118006103764,,
CCT3,0.9429460580912863,0.9032786885245901,0.9463243873978997,,0.9472262247838616,0.9643605870020965,,
CCT4,0.9598811292719168,0.8701517706576728,,0.9524632670700086,0.9556903600158249,0.9708502024291498,0.9637898686679175,
CCT5,0.7865535248041775,,0.9571428571428572,0.09564164648910412,0.09394442140190792,0.9560975609756097,,
CCT6A,,0.7982456140350878,0.937007874015748,0.9424686192468619,,0.8446014127144299,,
CCZ1,,,,,0.9076265614727154,,,
CCZ1B,,,,0.43478260869565216,,,,
CD164,,0.95,,0.9379699248120301,0.9514950166112957,,0.9632258064516129,
CD22,,0.8502024291497976,,,0.5142083897158322,,,
CD27-AS1,0.34030837004405284,0.5170454545454546,0.6444444444444445,,0.733456561922366,0.321875,0.5426980198019802,
CD2BP2,0.41728624535315983,0.8132530120481928,0.5032894736842105,0.6036866359447005,0.5806320907617504,0.4781144781144781,0.3564412012349144,0.7612612612612613
CD302,,,,,0.8670886075949367,,,
CD44,,0.9104477611940298,,,0.6386623164763459,,,
CD46,,,0.9135802469135802,0.9492957746478873,0.9720357941834452,,0.9199246349505417,
CD47,0.8503721112416764,0.8969072164948454,0.9323915237134208,0.845679012345679,0.7768168714914278,0.8057080131723381,0.5595026642984015,0.7391304347826086
CD55,,0.5401459854014599,0.7344632768361582,,0.5749510763209393,,,
CD59,0.6302887234428909,0.7846534653465347,0.7884203002144389,0.7770382695507487,0.7268164435946463,0.7771156138259833,0.7061640346408559,0.7650557620817844
CD63,0.9458369098712446,0.8396805896805897,,,,,,
CD82,0.581081081081081,,,,0.5159952606635071,0.5798319327731093,0.4536213468869123,
CD83,0.6307692307692307,,,,0.855146124523507,0.9434782608695652,,0.8229166666666666
CD99,0.9415841584158415,,,,,,,
CDADC1,,,,,0.5039893617021277,,,
CDC14B,,0.7515151515151515,,,0.4097504352872896,,,
CDC23,0.6034858387799564,,0.6382978723404256,0.6686046511627907,0.6850393700787402,0.5286624203821656,0.711395101171459,
CDC25B,,,,,0.865979381443299,,,
CDC26,0.11891279728199321,,,0.07818930041152264,0.036454610436025735,0.875,0.15022091310751104,
CDC27,,0.275,0.839541547277937,,0.8201581027667985,0.7679738562091504,0.14893617021276595,
CDC34,0.9314641744548287,0.9310344827586207,,0.9589285714285715,0.9342969776609724,,,
CDC37,,,0.9756795422031473,0.976401179941003,,0.9727272727272728,,
CDC37L1,0.24302325581395348,,0.1878453038674033,0.42151162790697677,0.5743052758759565,0.896,,
CDC40,0.7909516380655226,0.5390625,,0.9284064665127021,0.825735992402659,0.6921348314606741,0.9596707818930041,0.8905472636815921
CDC42,0.6771756122980719,0.9327296248382924,0.945468509984639,0.9186535764375876,0.6755413560525382,0.7090663058186739,0.6775404530744337,0.8539877300613496
CDC42BPA,0.5328596802841918,0.6755162241887905,0.679160419790105,0.6127508854781583,0.8772044415414761,0.8170426065162907,0.7445873862566678,0.6972222222222222
CDC42BPB,,,,,0.9773478055686645,,,
CDC42EP2,,,,0.19047619047619047,,,,
CDC42EP3,0.7239709443099274,,,0.8449612403100775,0.7409523809523809,0.8849557522123894,0.9021922428330523,
CDC42SE1,0.544137022397892,,0.5454545454545454,0.5551020408163265,0.41792168674698793,0.6666666666666666,0.508235294117647,
CDC42SE2,0.9104033970276009,0.9328859060402684,,0.937447168216399,0.9416046319272126,0.9237029501525941,0.9605637813211845,0.9390243902439024
CDC5L,0.5875,,,,0.03955788248981966,0.8516483516483516,,
CDC73,0.9078341013824884,,,,0.5311004784688995,0.8192771084337349,0.5814696485623003,0.6181818181818182
CDH10,,,0.8718861209964412,0.9148936170212766,0.981952799629801,,0.9843456480901691,0.8314606741573034
CDH11,,,,,0.40507436570428695,0.375,0.3397129186602871,
CDH12,,,,0.5142857142857142,,,0.32450331125827814,
CDH18,,0.3137254901960784,,0.4128686327077748,0.4981238273921201,0.37658227848101267,0.5571696344892221,0.4878048780487805
CDH19,,0.75,0.4411764705882353,,0.71875,,0.7086956521739131,
CDH2,,,0.7793296089385475,0.9712092130518234,0.9454056132256824,0.9680232558139535,0.9792865362485615,
CDH20,,0.8976744186046511,0.9272727272727272,,0.9416261292564281,,,
CDH22,,,,,,0.9672131147540983,,
CDH4,0.7774294670846394,,0.6730769230769231,,0.5970961887477314,0.6533333333333333,,
CDH6,,,,,0.7386541471048513,,0.5379746835443038,
CDH8,0.8649921507064364,,0.5818181818181818,0.5783783783783784,0.5534743202416919,0.6705202312138728,0.9663278271918678,
CDH9,0.8443396226415094,,,,,0.8723404255319149,,
CDHR1,,,,,0.16583333333333333,0.5739130434782609,0.6750380517503806,
CDHR3,,,,,0.574468085106383,,0.45098039215686275,
CDIP1,0.060916304069618635,0.09643605870020965,0.051628276409849086,0.05900430239704978,0.06625122991144637,0.06549520766773163,0.06179351921627732,0.081377151799687
CDK11A,,,,,,0.9476923076923077,,
CDK11B,0.8794212218649518,0.5793650793650794,,0.6823529411764706,0.831924882629108,0.6717557251908397,,
CDK12,0.4166666666666667,,,0.41935483870967744,0.9131652661064426,0.38181818181818183,0.7128463476070529,
CDK13,0.71280276816609,0.8970588235294118,,0.4576271186440678,0.6011097410604193,0.6426799007444168,0.4611909650924025,0.23232323232323232
CDK14,,,0.9777365491651205,0.9813829787234043,0.9074259909683894,,,0.9568527918781726
CDK16,0.585385226370135,0.4583333333333333,0.5893333333333334,0.6092843326885881,0.9908523908523909,0.5589123867069486,0.6146694214876033,0.5555555555555556
CDK17,,,,,,,0.956,
CDK18,,0.7950819672131147,,,0.9291851851851852,,,
CDK19,,0.709051724137931,,,0.8501216545012166,0.8901098901098901,0.8400315208825847,
CDK4,0.14502529510961215,,,,,,,
CDK5R1,,0.9502762430939227,,,0.9159375536112541,0.8999328408327737,0.995494880546075,
CDK5RAP2,,0.6490066225165563,,,0.9420935412026726,,0.6370808678500987,
CDK5RAP3,,,,,,,0.8363228699551569,
CDKL1,,0.46987951807228917,,,,,,
CDKL2,0.8043087971274686,,0.8,0.8576642335766423,0.896505376344086,,0.8170155300472653,0.8089887640449438
CDKL3,0.4900398406374502,,,,0.5123318385650224,,0.6416382252559727,
CDKL5,0.2536057692307692,0.6637931034482759,,0.8677494199535963,0.4326171875,0.32926829268292684,0.3578606158833063,0.4469026548672566
CDKN1B,0.9834437086092715,0.9720534629404617,0.9793510324483776,,0.9698510715583001,,,
CDKN1C,0.5257352941176471,,,,,,,
CDKN2AIPNL,0.9533644237175216,,,,,0.8758389261744967,,
CDO1,,,0.94921875,,,,,
CDS1,0.8744,,,0.7482993197278912,0.6275964391691394,,0.9312362838332114,
CDS2,0.930672268907563,0.6995305164319249,0.9313893653516295,0.8994845360824743,0.7466460268317854,0.9210526315789473,,
CDV3,,,0.9703264094955489,,0.9752535496957404,,,
CDYL,0.16950306330837303,,0.1649048625792812,0.15016501650165018,0.23157894736842105,,0.29725274725274725,
CDYL2,,0.5172413793103449,,0.9324324324324325,,,0.9762237762237762,
CEACAM19,0.373015873015873,,,0.4152046783625731,,0.39805825242718446,,0.48717948717948717
CEBPG,,,,0.8803418803418803,0.8623188405797102,0.9025974025974026,,
CEBPZ,0.7883895131086143,0.5721153846153846,,,,,,
CEBPZOS,0.859577922077922,0.4967741935483871,0.6310679611650486,0.6521739130434783,0.7074497009244154,0.5252293577981652,0.8682101513802315,0.44621513944223107
CEDORA,,0.6674259681093394,,,0.7902033271719039,,0.5707547169811321,
CELF1,0.945385035499727,0.8252148997134671,,0.8760890609874153,,0.8205445544554455,0.9334346504559271,0.947069943289225
CELF2,0.677645788336933,0.7871148459383753,0.8351893095768375,0.8737463126843658,0.8721655328798186,0.7662337662337663,0.9057357780912083,0.7893004115226337
CELF2-DT,,,,,,0.367816091954023,,
CELF4,0.6554323725055432,0.45740365111561865,0.5675381263616558,0.7730246602918973,0.6959555106167846,0.7072957623416339,0.6503407542026352,0.514018691588785
CELF5,0.8529993408042189,0.615,0.6551181102362205,0.7511210762331838,,0.7589041095890411,0.9841460485226999,0.5464895635673624
CELF6,,,,,,0.9315068493150684,,
CELSR2,0.9558762886597938,,,,0.9171986481411941,,,0.8797595190380761
CEMIP2,,0.6,,,,,,
CEND1,0.8895474137931034,0.9289340101522843,,0.9045871559633027,0.7851061536803535,0.9110225763612217,0.828909212580861,0.9001396648044693
CENPB,,,,,0.9629783693843594,,,
CENPC,0.6502242152466368,0.8034934497816594,0.8627450980392157,0.6104417670682731,0.9144542772861357,,0.43452958292919497,
CENPJ,,0.5806451612903226,,,,,,
CENPP,,,,,0.8715596330275229,,,
CENPQ,,,,,0.8389423076923077,,,
CENPV,0.5513819985825655,,0.828,0.7673611111111112,0.8077922077922078,0.7803030303030303,0.8197879858657244,
CEP104,,,,,0.962707182320442,,,
CEP112,,,0.3125,,0.37628865979381443,0.29906542056074764,,
CEP120,,,,,,,0.8942307692307693,
CEP126,,0.2753623188405797,,0.3977272727272727,0.8876117496807152,,,
CEP128,,,,,0.6455696202531646,,,
CEP135,,,,,0.6419753086419753,,,
CEP170,,0.881578947368421,0.9701492537313433,0.8687002652519894,0.9884067572043723,,0.9040735873850198,
CEP19,,,,0.75,,,,
CEP192,,,,,0.9180672268907563,0.8395061728395061,,
CEP20,0.9516908212560387,,,,0.9090909090909091,,0.8546762589928057,0.8819875776397516
CEP250,,,,0.28421052631578947,0.2289156626506024,,,
CEP290,0.5363984674329502,0.36231884057971014,0.8235294117647058,0.7346938775510204,0.724812030075188,,,0.6886792452830188
CEP295,,,,,0.92534174553102,,,
CEP350,0.8465011286681715,0.8226950354609929,,0.8490566037735849,0.9509071504802561,0.6569767441860465,,
CEP41,,,0.55,0.5442477876106194,0.5820348304307974,0.48249027237354086,,
CEP57,0.9255079006772009,,0.7560975609756098,0.5421686746987951,0.7552356020942408,0.7123287671232876,0.7066541705716963,0.4264705882352941
CEP63,0.6263345195729537,0.6944444444444444,,0.7068965517241379,0.8639705882352942,0.7426900584795322,,
CEP68,0.9253968253968254,,,0.9169675090252708,,0.9381818181818182,,0.8544303797468354
CEP70,,0.6712328767123288,,0.8,0.5197657393850659,,,
CEP78,,,,,0.8314917127071824,,,
CEP83,,,,0.46153846153846156,,0.7555555555555555,,
CEP85L,,0.6382978723404256,0.7088607594936709,,0.9056016597510373,0.7534246575342466,,
CEP89,,,,,0.3935860058309038,0.48,,
CEP95,,0.6145833333333334,,,,,,
CEP97,0.9367396593673966,,,,0.91129883843717,,,
CEPT1,,0.826530612244898,,,,,,
CERK,,,,,,,0.9711009174311926,
CERS4,,0.9325,,,,,,
CERS5,,,0.9408866995073891,,0.7111952406706328,,0.9532208588957055,
CERS6,0.9167321288295365,,0.9608938547486033,,0.9451724137931035,,,
CERT1,0.8326810176125244,0.8771929824561403,,0.8497409326424871,0.7886014551333872,0.8341708542713567,0.048330404217926184,
CES2,0.3210059171597633,,0.5041322314049587,,,0.3598130841121495,,
CETN2,,0.8,0.9433962264150944,,,,0.9524008350730689,
CETN3,0.09717868338557993,,,,,,,
CFAP119,0.6419437340153452,,,,,0.6129032258064516,,
CFAP210,,0.4541984732824427,0.546583850931677,,,0.6962616822429907,,0.6051660516605166
CFAP221,,,,,0.3299492385786802,,,
CFAP298,0.03356481481481482,,,,0.9036251105216623,,,
CFAP36,0.6124389277697082,0.7751322751322751,,0.8923303834808259,0.9129965457685665,0.9540863177226814,0.914536157779401,0.8908296943231441
CFAP44,,,,0.8235294117647058,0.8348214285714286,0.8648648648648649,,
CFAP90,,,,0.1171875,,,,
CFAP97,0.5717017208413002,,,,0.08888888888888889,,,
CFDP1,0.7198675496688741,0.515426497277677,,,,0.7039473684210527,0.957688338493292,
CFH,0.717391304347826,,,0.775,,,,
CFL1,,,,,,0.9885704537700444,0.9367015434418174,0.9658776513987088
CFL2,0.2929061784897025,,0.3255172413793103,0.3696763202725724,0.40549482163406214,0.29541595925297115,0.3618700667880996,0.3178294573643411
CFLAR,,,,,0.8175438596491228,,,
CGGBP1,0.8673883626522327,0.9134328358208955,0.9317180616740088,0.8981937602627258,0.8713379643612201,0.9126819126819127,0.9483235927406952,
CGREF1,0.6627565982404692,0.3181818181818182,,0.5171102661596958,0.944153577661431,0.654434250764526,,0.45977011494252873
CGRRF1,,,,,0.10984848484848485,0.9217877094972067,,
CHASERR,,,,,0.10417234796836651,0.10124610591900311,0.9710070337965345,0.11458333333333333
CHCHD10,,,,,0.9884113411341134,,,
CHCHD3,,,,0.91875,0.9336585365853659,,,
CHCHD4,,,,,0.9130666666666667,,,
CHCHD6,0.8357021034678794,,,,,,,
CHCHD7,,0.6071428571428571,,,0.9035639412997903,,0.8255119453924915,
CHD1,,0.7538461538461538,,,0.8314606741573034,0.8227848101265823,,
CHD1L,,0.7831325301204819,,0.7572815533980582,,0.888235294117647,,
CHD2,0.6819875776397516,0.6746724890829694,0.7404426559356136,0.7786624203821656,0.6247591522157996,0.7633928571428571,0.7735478806907379,0.47699757869249393
CHD3,0.9626666666666667,,0.8709677419354839,0.8311475409836065,0.8240703718512595,0.8443271767810027,,0.8086124401913876
CHD4,0.9243055555555556,0.7754677754677755,,,0.930953182889862,0.9787234042553191,,
CHD5,,,,0.9289303661162958,0.9335427742870952,0.9139297848244621,0.9932756964457252,0.9552549427679501
CHD6,,0.6193181818181818,0.36281859070464767,,0.6593279258400927,0.8699186991869918,,
CHD7,0.3254437869822485,,,,,,,
CHD8,,,,,0.9891167852658016,0.9191616766467066,,
CHD9,0.8916323731138546,0.45348837209302323,0.9166666666666666,0.9182389937106918,0.814707305273343,0.6681034482758621,0.9685147159479809,0.8888888888888888
CHDH,0.6932270916334662,,,0.3885350318471338,0.48367346938775513,0.7299270072992701,,
CHGA,,,,,0.9861818181818182,,,
CHGB,,,,,,0.856140350877193,0.8494920356202182,
CHID1,,0.10638297872340426,0.05536332179930796,0.05707762557077625,,,,0.09722222222222222
CHKA,0.9580973952434881,,,0.9551122194513716,0.9411764705882353,,,
CHL1,0.9398354876615747,,,0.65,0.979073482428115,0.9635135135135136,0.9811879912382425,0.9357945425361156
CHL1-AS2,,,0.525,0.5766423357664233,0.4228723404255319,,,
CHM,,,,,,0.698170731707317,0.9683972911963883,
CHML,0.8805513016845329,,,,,0.6740506329113924,,
CHMP1B,0.5634696755994358,0.3470319634703196,0.9404255319148936,0.5123456790123457,0.55665598601806,0.5375,0.5808538163001293,0.7206896551724138
CHMP2B,0.6440528634361233,0.8723404255319149,0.7713004484304933,0.6253298153034301,0.6605839416058394,0.7303370786516854,0.6257372654155496,
CHMP3,0.7814207650273224,0.6574074074074074,0.8798283261802575,0.7333333333333333,0.6761963952765693,0.5182849936948297,0.6875549692172384,0.4718498659517426
CHMP4A,,0.9787985865724381,,0.6324237560192616,0.6451926189705406,,0.8124645892351274,
CHMP4B,,,,,,0.9582577132486388,0.9195804195804196,
CHMP5,,,,,0.9452777319927477,0.013197969543147208,0.9649568308786186,
CHMP6,,,,,0.08876560332871013,,,
CHN1,0.6710105729038603,0.8612929623567921,0.8857914640734738,0.8666345690900337,0.7759296975182922,0.7857897731891716,0.7959138632279219,0.8851818063338981
CHN2,,0.9309090909090909,0.9245810055865922,,0.9741484184914841,,0.9397233201581028,
CHORDC1,0.8580097087378641,0.8456591639871383,,,0.8453510436432637,,,
CHP1,,,0.9612068965517241,,,0.9852941176470589,,
CHPF,0.9543596730245232,,,,0.9510978043912176,,,
CHPF2,,,,,0.9735516372795969,,,
CHPT1,0.9105211406096362,0.8300653594771242,0.8468468468468469,0.8962472406181016,0.05128205128205128,0.9329073482428115,0.9446984541693882,
CHRAC1,,,,,0.0638169777242625,,,
CHRDL1,,,,,,0.9024390243902439,,
CHRFAM7A,,,,,,0.36633663366336633,0.5100401606425703,
CHRM3,,,,0.9682151589242054,0.8674089068825911,,0.7566953006568974,0.5810055865921788
CHRM5,,,,,0.547244094488189,,,
CHRNA4,0.3194444444444444,0.23684210526315788,0.6141732283464567,,0.2606060606060606,0.6333333333333333,0.7267950963222417,0.40594059405940597
CHRNA7,,,,,0.24528301886792453,0.5357142857142857,0.3989071038251366,
CHST1,,,,,,,0.017794970986460348,
CHST11,,,0.883495145631068,0.7941176470588235,,,,
CHST12,,,,0.4811320754716981,0.6403162055335968,,0.3801452784503632,
CHST15,,,,,,0.8232558139534883,,
CHSY3,,,,,0.9298597194388778,0.8405797101449275,0.9146341463414634,0.6944444444444444
CHTOP,,,,0.6126629422718808,0.6079320113314448,,0.6867469879518072,0.5376712328767124
CHURC1,0.2553796183516037,,,,0.2914046121593291,,,
CIAO1,0.7205542725173211,0.9157894736842105,0.8770949720670391,0.82375,0.894074301504452,0.8349056603773585,0.8907930107526881,0.8068965517241379
CIAPIN1,,,0.27586206896551724,,,,,
CIBAR1,,,,0.3927392739273927,0.3583950136345929,0.26253687315634217,,0.4931506849315068
CILK1,,,,0.8034188034188035,,,,
CINP,0.6282287822878229,,0.5222551928783383,0.5040322580645161,0.465,,0.38922155688622756,0.18055555555555555
CIPC,,,,0.9735849056603774,,,0.9830237027546445,
CIR1,0.7170846394984326,0.48464163822525597,0.6983240223463687,,,,0.8807570977917981,0.7336956521739131
CIRBP,0.28258904357259085,0.8531976744186046,0.31915957978989495,0.2857900318133616,0.45629413196980767,0.9631357909472702,0.308840906649479,0.4247787610619469
CISD1,0.1882770870337478,,,,0.10190815684629902,0.016775396085740912,,0.078125
CISD2,0.5286389910667367,0.58,0.7231182795698925,0.585278276481149,0.5204517704517705,0.7198952879581152,0.7667881311816762,0.7644444444444445
CISD3,0.032567049808429116,,,,,,,
CIT,,,0.9616788321167883,0.991283676703645,,,,
CITED2,,,,,0.9720670391061452,,,
CIZ1,0.16321243523316062,,,0.9556962025316456,0.11645813282001925,0.10480349344978165,0.9470468431771895,
CKAP5,0.9867424242424242,0.9484536082474226,,0.9279411764705883,,,,
CKB,0.9930440390639396,0.9941747572815534,,0.9959742974374854,0.9919005725457338,,0.9877308481532148,
CKLF,,0.8152173913043478,,,,,0.8571428571428571,
CKMT1A,,,,,0.9212730318257957,,,
CKMT1B,0.0187207488299532,,,,,,,
CLASP1,,,0.9090909090909091,0.9454770755885997,0.9575487846627867,0.9367088607594937,0.9804893155775782,
CLASP2,0.9410676532769556,0.8065661047027507,0.9062893081761006,0.9746835443037974,0.9574845823210615,0.8912901113294041,0.9201163354338342,0.8627450980392157
CLASRP,,0.8470588235294118,,,,,,
CLCA4-AS1,,,,,0.44508670520231214,,,
CLCC1,0.5248091603053435,0.7596153846153846,,0.3208955223880597,0.6622137404580153,0.8026315789473685,0.779707495429616,
CLCN3,,0.8035087719298246,0.8075601374570447,,,0.9244755244755245,0.757080887981628,
CLCN4,0.9156769596199525,0.7146892655367232,0.8831683168316832,0.9297297297297298,0.7795945062132112,0.84,,
CLCN7,0.29186281102891726,,0.14705882352941177,0.20408163265306123,0.13128957014328557,0.21739130434782608,,0.16417910447761194
CLDN10,0.1331877729257642,,,0.9331742243436754,,,0.14384085692425402,
CLDN11,,0.021110601193207894,0.9506920415224913,,0.986569455103607,,,0.8727272727272727
CLDND1,0.9228677379480841,0.9621116043119848,0.960042339243186,0.9594835262689225,0.9151853203357139,,0.9755260962269399,
CLEC3B,0.656556645851918,0.631578947368421,0.7075718015665796,,0.5408299866131191,0.6647398843930635,0.519690576652602,0.7601476014760148
CLEC9A,0.7142857142857143,,,,,,,
CLHC1,,,,,0.51875,,0.5944700460829493,
CLIC4,,0.9559471365638766,,,0.9890345012035303,0.9125874125874126,,
CLINT1,0.8326639892904953,,0.9121338912133892,,,,0.9518754423213022,
CLIP1,,0.5287769784172662,0.7114228456913828,,0.9163888176455501,0.832967032967033,0.9734739533397252,
CLIP2,,0.9437751004016064,,,0.980791618160652,,0.9897128161165881,
CLIP3,,0.8466819221967964,,,0.7702265372168284,,,
CLIP4,,0.8947368421052632,0.9110320284697508,,,,,
CLK1,,0.9540412044374009,,,0.9859535386277688,,,
CLK4,0.48307692307692307,0.9227272727272727,,,0.5198269646719539,0.45454545454545453,,
CLMN,,0.5618556701030928,0.7597402597402597,0.65,0.7644006227296316,,0.7532467532467533,
CLN5,,,0.6666666666666666,,0.8351063829787234,0.6027397260273972,,
CLN6,,0.8461538461538461,,,,,,
CLN8,,0.723404255319149,,0.8222222222222222,,,0.9139297848244621,
CLN8-AS1,,,0.10550458715596331,0.12777777777777777,0.2236024844720497,,,0.16666666666666666
CLNS1A,,,0.9662447257383966,,,0.9608247422680413,0.972163644032054,
CLOCK,0.7941176470588235,,,0.6923076923076923,0.9691235059760956,,0.674573055028463,0.7184466019417476
CLPB,0.6198830409356725,,0.4772727272727273,0.8368794326241135,0.483402489626556,0.6631944444444444,0.1284246575342466,
CLPX,0.5636856368563685,0.55,0.8461538461538461,,0.6294027565084227,0.6128048780487805,0.6336070751737208,0.6144578313253012
CLSTN1,0.9720512068797029,,0.9640415295011395,0.9864455429756019,0.9369460257980832,0.9645608628659477,,0.9779911964785915
CLSTN2,0.8548185231539425,,0.8995695839311334,0.9252450980392157,0.9911631730374024,,,
CLSTN3,0.9738697635835752,0.7762237762237763,0.8931451612903226,0.922509225092251,0.9637357178340785,0.9251968503937008,0.9562390994133503,0.25806451612903225
CLTA,0.8721639011175076,0.8721590909090909,0.9492039423805914,0.9332472006890612,0.9411268962196003,0.9403254972875226,0.9268458659407962,
CLTB,0.9519105796724721,,,,,,,0.9710280373831776
CLTC,0.9952481520591341,0.9823434991974318,0.9916492693110647,0.9789799072642967,0.9685863874345549,0.990318550905684,0.99026518966096,
CLU,0.8915113153559352,0.8469058006139926,0.9550348106639497,0.934876810697041,0.8756724073224637,0.9953606442577031,0.9264871122612278,0.9494328097731239
CLUAP1,,,0.427536231884058,,0.46147110332749564,0.842391304347826,0.26011560693641617,
CLVS1,,,,,0.8817891373801917,,,
CLVS2,0.9252988047808764,0.7325581395348837,0.8776223776223776,0.8620689655172413,0.9076630176106616,0.9512987012987013,0.9434298440979956,0.7734375
CLXN,,,,,,,0.3598901098901099,
CMAS,0.927496991576414,0.9206349206349206,0.9557142857142857,,,0.9290573372206026,,
CMBL,0.8122119815668203,,,,0.05293551491819057,,,0.8979591836734694
CMIP,,0.956,,,,,,
CMPK1,0.9631053036126057,0.9764453961456103,0.7647058823529411,,0.9724321012865019,0.977326968973747,0.9833833371797831,0.7006920415224913
CMSS1,0.022914757103574702,,,,0.05056553559547571,,,
CMTM1,,,,,,0.2777777777777778,0.20765027322404372,
CMTM6,0.6666666666666666,,,,0.8235294117647058,,0.685025817555938,
CMTR1,,,,,0.03942652329749104,0.05789473684210526,0.09817549956559514,
CNBP,0.8182485771984579,0.06447963800904978,,0.9720570749108205,0.13745376446724736,0.07977991746905089,0.11627545468677133,
CNDP1,0.44335778321108393,0.913477537437604,0.9759547383309759,0.19813519813519814,0.9869140625,0.18072289156626506,0.2018659881255301,0.2619047619047619
CNDP2,0.019579751671442217,0.9524680073126143,,,0.01612632286242231,,,
CNIH1,0.17574931880108993,0.2328767123287671,0.24607329842931938,,0.1857569721115538,0.2012847965738758,0.29904896090172595,0.19047619047619047
CNIH2,,,,0.9793205317577548,,,,
CNIH3,0.9255952380952381,,,,,,,
CNIH3-AS2,,,,,0.593103448275862,,,
CNIH4,0.772,0.21311475409836064,,0.5060240963855421,0.6673575129533679,,0.5871559633027523,0.5523809523809524
CNKSR2,0.3601694915254237,0.6583541147132169,0.7982673267326733,0.7755474452554745,0.7798369162342476,0.9320794148380356,0.8677898025214772,0.7855361596009975
CNN3,,0.95929203539823,0.9634655532359081,0.942998760842627,0.9896417048734929,0.8204518430439952,0.7934065934065934,0.9726027397260274
CNN3-DT,,,,,0.8988095238095238,0.8032786885245902,0.8442622950819673,
CNNM1,0.9493449781659389,,0.9418604651162791,0.8136200716845878,0.944991789819376,0.9175824175824175,0.9168316831683169,
CNNM2,0.7951807228915663,0.24561403508771928,0.32407407407407407,0.43783783783783786,0.38804713804713803,0.35398230088495575,0.35345268542199487,
CNNM3,,,0.7454545454545455,0.5625,0.6235864297253635,0.4772727272727273,,
CNOT1,0.3971861471861472,0.43352601156069365,,0.4384133611691023,,,0.4951383694839192,
CNOT2,,0.730593607305936,,,0.737004632012352,,0.9214795587280986,
CNOT3,0.8765822784810127,0.8103448275862069,0.8791208791208791,0.8421052631578947,0.7674418604651163,,0.7517482517482518,0.8633540372670807
CNOT4,,,0.8541666666666666,,0.8391203703703703,0.6767676767676768,,
CNOT6,,0.7272727272727273,0.5384615384615384,0.42857142857142855,0.6288888888888889,0.5263157894736842,0.5046632124352332,
CNOT6L,0.9532442748091603,0.7302631578947368,,0.9113300492610837,0.8667305848513902,,,
CNOT7,0.3042091836734694,0.6631016042780749,0.30024213075060535,0.25,0.2235142118863049,0.19315403422982885,0.2847058823529412,0.7287234042553191
CNOT8,,,,0.9357541899441341,,0.9514925373134329,0.9363636363636364,
CNOT9,,,,0.7692307692307693,0.7092547092547092,0.6272189349112426,,
CNP,0.15026875438186493,0.9853968253968254,0.9795858850976962,0.1628415300546448,0.2542728279791106,0.12762453684643887,0.980048418064947,0.19735819735819735
CNPY2,0.43977591036414565,0.6570247933884298,,0.5285714285714286,0.5768963117606124,0.5161839863713799,0.2901296111665005,0.4444444444444444
CNPY3,0.8860759493670886,,,,0.9185983827493261,0.915929203539823,,
CNR1,,,,,,0.9742173112338858,,
CNRIP1,,,,,0.9830756372753865,,,
CNST,,,,0.9360544217687075,0.9639513108614233,,,
CNTN1,0.8490751350466524,0.8488830486202366,0.8615232443125618,0.9494262643433914,0.9162127523229734,0.9139218269653052,0.9347154830172033,0.9054421768707483
CNTN2,,0.9502899751449876,,,,,0.9750964573833742,0.6057142857142858
CNTN3,,,0.7889908256880734,,,,,
CNTN4,,,,0.9393939393939394,,,,
CNTN5,0.8092485549132948,,,,0.7152777777777778,0.7469879518072289,0.8526912181303116,
CNTN6,,,,,0.35348837209302325,,0.19718309859154928,
CNTNAP2,0.9070003381805885,0.8163265306122449,0.813953488372093,0.8469087340529932,0.9466154174674354,0.9404761904761905,0.8931104356636271,0.7539184952978056
CNTNAP3,,,,,0.5008912655971479,0.5098039215686274,,
CNTNAP4,,0.9284009546539379,,0.19795221843003413,0.25796485808071057,,,
CNTNAP5,,,,0.8598382749326146,,,0.9101372288623285,
CNTRL,0.36470588235294116,,,,,,,
COA1,0.0556640625,,0.0975609756097561,0.2126865671641791,0.2824256035934868,0.14018691588785046,,
COA3,0.00724418955629339,,,,0.0116227089852481,,,
COA5,0.28668941979522183,0.38349514563106796,0.36245954692556637,0.42118863049095606,0.43157894736842106,0.3342391304347826,,
COA6,,,,,0.012960712839206157,,,
COA7,0.8452088452088452,,,,0.8710462287104623,0.8962264150943396,0.9329758713136729,
COA8,,,,,,0.8865435356200527,,
COBL,,,0.977818853974122,0.9711055276381909,0.9741210066036052,,0.9891160074329706,
COG1,,,,,,,0.8995510662177328,
COG5,0.8200371057513914,,,,0.5614906832298137,0.6,0.8972602739726028,
COG6,0.8694029850746269,,,,0.9596503026227303,,0.9529860228716646,
COG8,,,0.7543859649122807,,0.8306709265175719,,,
COIL,,,,,,,0.7255434782608695,
COL11A1,,,,,0.9219269102990033,,,
COL12A1,0.7926267281105991,,,,0.9314775160599572,,0.8678815489749431,
COL18A1,0.42024539877300615,0.4358974358974359,0.46153846153846156,0.5636363636363636,0.4596774193548387,0.49019607843137253,0.4474034620505992,
COL1A2,,,,,,0.797752808988764,,
COL21A1,,,,,0.8858131487889274,,0.7782426778242678,
COL4A5,,0.90625,,,0.899546338302009,,,
COL5A2,,,0.8839285714285714,0.8842443729903537,,,,
COL6A1,,,0.9272349272349273,0.9024943310657596,0.9116945107398569,0.863849765258216,0.9486575600565238,
COL6A2,,,,0.7901234567901234,,,,
COLEC12,,,,0.8352941176470589,,,,
COLGALT2,0.089728453364817,0.9283154121863799,,,0.1274546128195628,,0.19894055326662743,
COMMD1,,,,0.034722222222222224,,,,
COMMD10,,,,,0.09114583333333333,0.16129032258064516,,
COMMD2,0.4513888888888889,0.8387096774193549,0.7241379310344828,,,0.7435897435897436,,
COMMD6,,0.023255813953488372,0.05542168674698795,,,,,
COMMD8,0.9208731241473397,,,,,,,
COMMD9,,,,,0.04712041884816754,,0.053059895833333336,
COMT,0.9823889739663093,0.10580912863070539,0.10337972166998012,,0.17114646187602853,0.07478632478632478,,
COP1,,,0.8562091503267973,0.9181034482758621,,,0.971444261394838,
COPA,,0.032663316582914576,,,0.10738137082601054,0.10754189944134078,0.13140407288317257,
COPB1,,,,0.9452554744525548,,,0.978108581436077,
COPB2,0.49055453991468617,0.4371584699453552,0.36883116883116884,0.4482200647249191,0.32763819095477387,0.39872068230277186,0.546151166840822,0.4601449275362319
COPG1,,,,,0.9874213836477987,0.9645232815964523,,
COPG2IT1,0.9832889319447808,,0.9794097460535347,0.9719662058371735,0.9750146972369195,0.9573842762674504,0.9514807124904382,0.9210789210789211
COPS2,0.45535714285714285,0.8326530612244898,0.6324324324324324,0.439622641509434,0.38768312533912097,0.5277777777777778,0.1441631504922644,0.49645390070921985
COPS4,,,,,0.9863807592002318,,,
COPS6,,,0.9819193324061196,,0.9818135245901639,,,
COPS7B,,0.297029702970297,,,0.3010033444816054,,0.38005390835579517,
COPS8,0.8947368421052632,0.9306930693069307,0.9274809160305344,0.05207100591715976,0.9159509202453988,0.8852005532503457,0.8987019597862052,0.9168765743073047
COPZ1,0.5040214477211796,0.7114427860696517,0.5653021442495126,0.5612582781456954,0.5015353121801432,0.5734989648033126,0.6188625927234193,0.5925925925925926
COQ10B,,,,0.9116809116809117,,0.9570957095709571,,
COQ4,0.46880570409982175,0.5597014925373134,0.5493827160493827,0.5565217391304348,0.4586689275116575,0.5093333333333333,0.6056860321384425,0.47641509433962265
COQ6,,,,,0.9148936170212766,,,
COQ7,0.35119047619047616,,,0.675,0.5139949109414759,0.39705882352941174,,0.46875
COQ9,,,,,,,0.9801324503311258,
CORO1C,,0.8102564102564103,,0.9495412844036697,0.9622181596587447,0.9175824175824175,,
CORO2B,,,0.9541108986615678,,,,0.9833948339483395,
COTL1,,,0.9727272727272728,,,,,
COX10-DT,,,,,0.21264367816091953,,,
COX11,0.29475308641975306,0.46938775510204084,0.5302013422818792,0.48554913294797686,0.39671948846260774,0.47950819672131145,0.46233467510063253,0.34177215189873417
COX15,,,,0.8148148148148148,0.8727524204702628,,0.9405772495755518,
COX16,0.04790419161676647,0.06690140845070422,0.9725158562367865,0.0806697108066971,0.08898194190002617,,,
COX17,,,,,0.3841591987348445,,,
COX18,,,,,0.9046728971962616,,,
COX19,,0.48717948717948717,0.5384615384615384,,0.8534107402031931,0.4473684210526316,,
COX20,0.4989517819706499,,,0.9481481481481482,0.3828106852497096,0.2634245187436677,,
COX4I1,,0.8185226019845645,,,,,0.6053643866275004,
COX5A,0.09316403366307396,0.7491961414790996,,0.5445205479452054,0.5901700477326969,0.05875706214689266,0.09092436974789916,0.09720176730486009
COX5B,0.7869639034472576,0.6144511858797573,,,0.5583302427164462,,,
COX6B1,,0.5549972082635399,,,,0.7098051157125457,,
COX6C,0.32912455194239026,0.40701430549146284,0.2721287490855889,0.6872171526077602,0.0053226156854225505,0.3585757271815446,0.3231879775423192,
COX7A2,,,,,,,0.8753615204517284,
COX7A2L,0.011370558375634518,,,0.036020583190394515,0.9680326714547247,0.009181331293037491,,
COX7B,0.5706654685237881,,,0.07163927517909818,0.08954372623574144,,0.13119780103605033,0.06113207547169811
COX7C,0.9962628865979382,,,,0.9835651074589128,,,
CP,,0.1721311475409836,,,,,0.8764044943820225,
CPB2-AS1,,,,,0.8447653429602888,,,
CPD,0.8635437881873728,0.9082969432314411,,0.49874686716791977,0.5666666666666667,0.8538812785388128,0.4995242626070409,0.7272727272727273
CPE,0.9877318392581144,,,,0.9706295059757101,0.8304195804195804,0.9817850637522769,0.991388174807198
CPEB1,0.6319444444444444,0.8245614035087719,,0.657439446366782,0.5560020090406831,0.6086956521739131,0.6801667659321025,0.558252427184466
CPEB2,,,,,0.9833333333333333,,,
CPEB3,,0.6,,0.8423153692614771,0.6675248253034204,0.9699248120300752,0.7713841368584758,0.5504885993485342
CPEB4,0.9552481692432873,0.8791208791208791,0.950381679389313,0.9663093415007658,0.9472375690607735,0.93158953722334,0.9631696428571429,0.9316455696202531
CPLANE1,0.7716535433070866,,,0.9012345679012346,0.871866295264624,0.7802690582959642,0.8603202846975089,0.7837837837837838
CPLX1,,,,,0.980093896713615,0.9259574468085107,,0.9616810877626699
CPLX2,0.9733227155086601,0.9759036144578314,0.9825301204819277,,0.9952915108710705,0.9118962432915921,0.9667561692878148,
CPLX3,,,,,,0.2,,
CPM,,0.5913978494623656,,,0.1411764705882353,0.5,,
CPNE1,,,,,0.9554098360655737,,,
CPNE4,0.48470209339774556,,0.3299492385786802,0.957983193277311,0.39369708372530576,0.3441295546558704,0.5212962962962963,
CPPED1,,0.6785714285714286,,,0.345703125,0.35,0.6781326781326781,
CPQ,,,,,0.9650180940892642,,,
CPSF2,0.8512658227848101,0.7341772151898734,0.84,,0.058011049723756904,0.8,0.9143413367942894,
CPSF3,,,,,,0.620253164556962,,
CPSF4,,,,0.9154929577464789,,,,
CPSF6,0.5711060948081265,,0.5720524017467249,,0.9775193798449613,0.9175824175824175,0.9423984891406988,
CPT1C,,,0.9333333333333333,,,,,
CPVL-AS2,,,,0.38461538461538464,,,,
CRACD,,,,0.7254901960784313,0.8571428571428571,0.7375,,
CRAT,,,,,0.9505400795906765,,,
CRB1,,,,,0.32906976744186045,0.8333333333333334,,
CRB2,0.9369369369369369,,0.8932038834951457,,0.8508371385083714,0.875,0.8981900452488688,
CRBN,0.9191430545957153,,,0.9483471074380165,0.059621802002224694,0.04645476772616137,0.04874715261958998,
CRCP,,,,,,0.8074534161490683,,
CREB1,0.9229074889867841,,,,0.7954971857410882,,0.8907563025210085,
CREB3,0.9619771863117871,,,,,,,
CREB5,,0.9032258064516129,0.89,,0.9286865431103949,,,
CREBBP,0.24594155844155843,0.2536764705882353,0.34069400630914826,0.9750479846449136,0.376271186440678,0.3055555555555556,0.31466559226430296,
CREBL2,0.7034261241970021,0.7422680412371134,,0.5914893617021276,0.7199515591886164,0.7413793103448276,,0.8838383838383839
CREBRF,0.8972895863052782,0.5924657534246576,,0.8783068783068783,0.8156748911465893,0.8099173553719008,,0.825503355704698
CREBZF,0.5364238410596026,0.1927710843373494,,,0.8803418803418803,0.736,0.7697478991596639,
CREG1,,,,0.9354838709677419,,,,
CREG2,0.8881782545904683,,0.9301470588235294,0.9339622641509434,0.9240488358886996,0.9453781512605042,0.9032415543839094,0.9446467589220685
CREM,0.6234347048300537,,,,0.845203488372093,0.7971428571428572,0.8578371810449574,
CRHR1,,,,,0.9777117384843982,,,
CRIPT,0.3137254901960784,0.6628895184135978,0.30036630036630035,0.46167883211678834,0.45872149052361066,0.2986111111111111,0.25661507738392414,0.34191176470588236
CRK,,,,,0.6240228789323164,0.6869009584664537,,0.6587771203155819
CRKL,,,,,,0.9618768328445748,,
CRLF1,,,,0.0662739322533137,,,,
CRLF3,,,,,0.5883905013192612,,,0.5333333333333333
CRLS1,,0.6296296296296297,0.695906432748538,,0.6276243093922652,0.6339869281045751,0.16477987421383647,
CRNKL1,,,,0.3305785123966942,,,0.6256323777403036,
CROT,0.6,,,,0.587737843551797,,,
CRPPA,,,,,,,0.8994413407821229,
CRTAC1,0.6444833625218914,,0.26785714285714285,,0.2897923875432526,0.19704433497536947,0.20057306590257878,
CRTAP,,0.825287356321839,,0.06914893617021277,0.11219262295081968,,,
CRTC1,0.7895086321381142,0.6528497409326425,0.7028571428571428,0.7288135593220338,0.6805970149253732,0.7537796976241901,0.8351401869158879,
CRYAB,,,0.8029294274300932,,,,,
CRYBB2P1,,,,0.4935064935064935,0.3865979381443299,,0.4612546125461255,
CRYGS,,,0.40816326530612246,,,0.3620689655172414,,
CRYZL1,0.9654859218891917,0.8974358974358975,,,0.9721909056745585,0.9461756373937678,,
CS,,,,,0.9795918367346939,0.9736379613356766,,
CSDE1,0.8849683544303798,0.9876644736842105,0.9867452135493373,0.9732718894009217,0.96972049689441,0.9644760213143873,0.989656912209889,0.9122957867583835
CSGALNACT1,0.8950276243093923,,,,,0.8607142857142858,,
CSGALNACT2,0.2922374429223744,,,,,,,
CSMD1,0.9065040650406504,0.5294117647058824,0.5342960288808665,0.4186991869918699,0.8071065989847716,0.5504587155963303,0.5185550082101806,0.47351524879614765
CSMD3,,,0.8898305084745762,0.8082191780821918,,0.8607594936708861,0.8478664192949907,
CSNK1A1,0.11715481171548117,0.6507537688442211,0.5721854304635762,0.6317254174397031,0.5985781168718571,0.5536585365853659,,0.15384615384615385
CSNK1D,,,0.8775981524249422,,0.895399134880063,0.8959854014598541,,0.8704819277108434
CSNK1E,0.9474804826117814,0.8157099697885196,0.8765822784810127,0.9799247176913425,0.9761975602499257,,0.9440327114745719,0.9074446680080482
CSNK1G2,0.943109987357775,0.8888888888888888,0.8666666666666667,0.8555133079847909,,,,
CSNK1G3,,0.20833333333333334,,0.2460136674259681,0.3916827852998066,,0.8576300085251491,0.1949685534591195
CSNK2A1,0.3413751507840772,0.8938053097345132,0.36363636363636365,0.3439153439153439,0.27750571335292196,0.9395604395604396,0.8935406698564593,
CSNK2A2,0.903954802259887,0.8360655737704918,,0.9214659685863874,0.33815028901734107,,0.9422863485016648,0.4222222222222222
CSPG4,,,,,,0.26666666666666666,,
CSPP1,,,0.5,,0.6336633663366337,,,
CSRNP2,,0.8586956521739131,0.9279279279279279,0.9,0.9158823529411765,0.9111111111111111,0.934141201264489,
CSRNP3,0.9419978517722879,,0.9748520710059172,,0.9718941898913557,,,
CSRP1,0.9682138342062488,0.9779847586790855,0.9830210772833724,0.9867527173913043,,0.9770290964777948,0.980569136266767,
CST3,0.8945070212871533,,,0.8772655007949126,,0.8562341886519697,,0.9299976286459568
CSTF1,,,,0.21323529411764705,0.22409326424870465,0.232,,
CSTF2,,,0.6458333333333334,,,0.2727272727272727,,
CSTF2T,,0.5714285714285714,0.4752475247524752,0.4170403587443946,0.5373645179691957,0.4789915966386555,0.6099439775910365,
CSTF3,0.294435857805255,,0.359504132231405,0.3519061583577713,0.9376031693628261,0.854251012145749,0.46920821114369504,
CSTPP1,0.984251968503937,,,0.9790575916230366,0.9172385950746871,,0.9905642210668207,
CTBP1-DT,,,,,0.28285714285714286,,,
CTBP2,,,,,0.7521507578861123,,,
CTBS,,,,,0.7170731707317073,0.39215686274509803,,
CTC1,,,,0.38461538461538464,0.341991341991342,,,
CTCF,0.6198044009779952,0.8571428571428571,,,,0.8020304568527918,0.9586349534643226,
CTDSP1,,,0.8484848484848485,,,,,
CTDSP2,,,0.8661417322834646,0.8766066838046273,0.9048421052631579,0.8620689655172413,0.863061797752809,
CTDSPL,0.8326180257510729,,0.9064039408866995,0.768595041322314,0.8573141486810552,0.8924050632911392,0.8178410794602698,0.7882882882882883
CTDSPL2,0.47214854111405835,,0.4375,0.9152542372881356,0.362657091561939,0.889763779527559,0.9490790899241603,
CTIF,0.9331568497683653,0.9172932330827067,0.9588100686498856,0.8848821081830791,0.8664404688463911,0.9136690647482014,0.9233117130866082,
CTNNA1,,,,0.9413965087281796,,0.9531722054380665,,
CTNNA2,0.8586273562107298,0.719047619047619,0.8887399463806971,0.95625,0.9410046728971962,0.8667400881057269,0.9673421207948062,0.7804295942720764
CTNNA3,,0.8117647058823529,,,0.860633484162896,,,
CTNNAL1,,,,,,0.7727272727272727,,
CTNNB1,,0.9761273209549072,,0.9854368932038835,0.9914685473780003,0.9865038560411311,0.9649236765183501,
CTNNBIP1,,,,,,0.9308755760368663,,
CTNND1,0.9568106312292359,,,0.18960244648318042,0.11672131147540983,0.19724770642201836,,
CTNND2,0.9931552219032899,0.9859649122807017,0.9607993850883936,0.9547844374342797,0.9819530284301607,0.9656565656565657,0.9804084540489195,0.9663564781675018
CTPS1,0.9023809523809524,,,,,,,
CTSB,0.2837972876516774,0.38809831824062097,0.382847533632287,0.3779334500875657,0.34072600696171057,0.35475182762601,0.9799487059920727,0.3868286445012788
CTSC,0.8397790055248618,,,,0.5818815331010453,,,
CTSS,,0.2857142857142857,,0.24242424242424243,0.226775956284153,,,
CTSZ,,,,,,,0.9234972677595629,
CTTN,,0.9282868525896414,,0.9675324675324676,0.9709489993544222,0.9724612736660929,0.936503334299797,0.9097222222222222
CTTNBP2,,0.898936170212766,,,0.9776055124892334,,,
CTTNBP2NL,,,,,0.08737864077669903,,,
CTXN2,0.04897314375987362,,,,0.0770392749244713,,,
CTXN3,0.8763955342902712,,,,0.9133574007220217,0.958041958041958,,
CUEDC2,,,,0.9722955145118733,0.9756407540775259,,0.9747337131533317,
CUL1,0.9764079147640792,0.9055555555555556,,0.9792663476874003,,,,
CUL2,0.913946587537092,,0.9266666666666666,,0.15962777380100215,0.9461883408071748,0.12802547770700637,
CUL3,0.9273648648648649,0.16993464052287582,,0.8723849372384938,0.4156746031746032,0.8859060402684564,0.2637737688932228,0.09558823529411764
CUL4A,0.24423963133640553,0.8016528925619835,0.8385093167701864,,0.9801608579088472,,0.11960943856794141,
CUL4B,,,,,0.9567360350492881,0.9326241134751773,,
CUL5,0.6846381093057607,,,0.8292079207920792,0.8772704958271969,,0.9464406779661017,
CUTC,,,,,0.9807344972907887,,,
CUX1,0.7162162162162162,0.6851851851851852,,0.8484848484848485,0.5835051546391753,0.764102564102564,0.6705157813702848,0.7916666666666666
CUX2,,,,0.8765432098765432,,,,
CWC15,0.609419407226959,0.3311546840958606,0.09246575342465753,0.7283783783783784,0.5540039275583679,0.10989010989010989,,0.7145833333333333
CWC22,,0.8507462686567164,,,,,,
CWC25,,,,,0.3578500707213578,,,
CWC27,,0.8021978021978022,0.8260869565217391,0.32755298651252407,0.3975644699140401,0.3269230769230769,,0.29658792650918636
CWF19L2,0.453781512605042,0.528169014084507,0.7285714285714285,0.3939393939393939,0.696,0.5347222222222222,,
CX3CL1,,,,,0.9536354056902002,,,
CXADR,0.816,,0.695852534562212,,0.04876219054763691,,,
CXCL11,,0.8495575221238938,,,,,,
CXCL12,,,,,,0.2781954887218045,,
CXCL14,0.7129821650767316,,0.7399103139013453,0.288,0.7175792507204611,0.48227936066712995,,0.5851703406813628
CXXC4,0.8203592814371258,,0.7482014388489209,0.73568281938326,,0.7061611374407583,,
CXXC5,0.8239460370994941,,,0.9088453747467927,,0.814665592264303,,0.904716073147257
CYB561,,,,,,0.8902439024390244,,
CYB561A3,,,,,0.8286334056399133,,,
CYB5B,,0.8823529411764706,,0.9709090909090909,0.8795975017349064,0.7804295942720764,0.9811794228356336,
CYB5D2,,,,0.1588447653429603,0.15457589285714285,0.09745762711864407,,0.8297872340425532
CYB5R4,,,,,0.125,0.14705882352941177,,
CYBC1,,0.8910891089108911,,,,,,
CYBRD1,,,0.8588709677419355,,0.9295328582739509,0.9130434782608695,,
CYC1,,,,,,0.8176050753370341,,
CYCS,0.9069868995633188,0.918918918918919,0.9445544554455445,0.93047179851011,0.8951815058954601,0.8106302643043857,0.9460681244743482,0.06263656227239621
CYFIP1,,,0.05194805194805195,,,,0.11863224005582694,
CYFIP2,0.3917114351496546,0.35638297872340424,0.40168539325842695,0.3943864699532206,0.4490535642368103,0.9938242280285036,0.47836301629405076,0.3440438871473354
CYLD,,0.785234899328859,,,0.909427966101695,,0.9766522988505747,0.8068181818181818
CYP1B1,,,,,,0.8656716417910447,,
CYP2E1,,,,,0.23170731707317074,,,
CYP2U1,0.5116279069767442,,,0.782608695652174,0.7350835322195705,,,
CYP2U1-AS1,,0.34521158129175944,,,0.42819614711033277,,,
CYP46A1,,,,0.9862542955326461,,,,
CYP4V2,0.8736383442265795,0.6862745098039216,0.925531914893617,,0.8743922204213939,0.9064327485380117,,0.6470588235294118
CYP51A1,,0.8706563706563707,0.9719512195121951,0.96160409556314,0.9256954147084974,,0.9027246653919694,0.9518987341772152
CYP7B1,,0.8888888888888888,,,0.9263899765074393,,,
CYREN,,,,,0.3441033925686591,,,
CYRIA,0.8708133971291866,,0.9100449775112444,0.4788732394366197,0.9953572870407751,0.8870292887029289,0.9856025595449698,0.9220532319391636
CYRIB,0.31896551724137934,0.17757009345794392,,0.3607520564042303,0.38095238095238093,0.25969827586206895,0.9831160504381278,
CYTH2,,0.23404255319148937,,0.03669724770642202,0.058301647655259824,,,
CZIB,,,0.7615384615384615,,0.8321876263647392,0.8343558282208589,,
DAAM1,0.7989487516425755,0.5792682926829268,,0.8552278820375335,0.8295719844357977,0.6272727272727273,,
DAAM2,,0.9712556732223904,0.9354275741710296,,0.9781136008337676,0.8786764705882353,0.9195156695156695,
DAB1,,,,,0.8624641833810889,,0.7231503579952268,0.5142857142857142
DACH1,,,,,,,0.8651960784313726,
DAD1,,,0.6798457087753134,,,,,
DAG1,,,,,,0.9705882352941176,,
DANT2,0.48535564853556484,,0.4213197969543147,,0.7990074441687345,,,0.3341645885286783
DAP3,,,,,,,0.05541035023523262,
DAPK1,,,,,,,0.9363557105492589,
DAPK2,,,,,0.529113924050633,,,
DARS1,,0.9141104294478528,,,,,,
DAZAP1,,0.8181818181818182,,,,,,
DAZAP2,,,,0.9490781387181738,0.9735494880546075,,,
DBI,,,,,,,0.6983178745480271,
DBN1,,0.12790697674418605,,,,,,
DBNL,,,,,0.15151515151515152,,,
DBR1,0.7761194029850746,,,,,,,
DBT,,,0.6319018404907976,,,0.83,,
DCAF1,,,,0.1393939393939394,,,,
DCAF10,,0.5098039215686274,0.5083333333333333,0.5638766519823789,0.47163420829805247,0.32926829268292684,0.46167883211678834,
DCAF11,0.48450491307634164,,,0.44339622641509435,0.4328690807799443,0.4233983286908078,0.3998871968415116,
DCAF13,,0.5,,,,,,
DCAF5,0.6133603238866396,0.28,0.5833333333333334,,0.6564102564102564,0.3425414364640884,,
DCAF7,,0.9036144578313253,0.9498069498069498,0.947945205479452,0.9659309021113244,,,
DCAF8,0.9581689029202841,0.59375,0.515625,0.9747899159663865,0.5073668303740083,0.9424460431654677,0.5553863722877808,0.5799256505576208
DCAKD,,,,,0.9155485398579322,,,
DCBLD2,,,,,0.931185944363104,,,
DCC,,,,0.8918918918918919,,,,
DCHS2,,,,,0.8688524590163934,,,
DCLK1,0.9600343053173241,0.8346456692913385,0.9287155346334902,0.9595208591491119,0.944480838519489,0.9381395348837209,0.9622579225352113,0.17053206002728513
DCLK2,,,0.9603174603174603,0.947452229299363,0.9546562652364701,0.9064885496183206,0.9790334044065387,0.936986301369863
DCP1A,0.8503184713375797,,0.2361111111111111,0.5806451612903226,0.6795811518324607,0.6235294117647059,0.7067927773000859,0.5775862068965517
DCP2,,,,0.8980263157894737,0.8865910607071381,0.9348837209302325,,
DCPS,0.392226148409894,,,,0.35379061371841153,,,
DCTD,,,,0.9054054054054054,,,0.9301833568406206,0.884393063583815
DCTN1,,0.9691252144082333,,0.984903934126258,,0.9766009852216748,,
DCTN1-AS1,,,,,,0.23333333333333334,,
DCTN4,0.9791840133222315,,,,0.9607959607959607,,0.9798566063502901,
DCTN5,0.7517786561264822,0.5294117647058824,0.81,0.7681895093062606,0.716676810712112,0.7166666666666667,0.9708392603129445,0.7889273356401384
DCUN1D1,0.9448698315467075,0.2727272727272727,0.7777777777777778,0.2,0.6496651210716126,0.7934272300469484,0.3237410071942446,
DCUN1D3,,,,,0.7028753993610224,,,
DCUN1D4,0.9122807017543859,0.7640449438202247,0.8540540540540541,0.8943298969072165,0.8235040895393887,0.9383116883116883,0.950734249171009,0.8648648648648649
DCUN1D5,,,,,0.10657596371882086,0.25,,
DDA1,,0.2077922077922078,0.08102345415778252,0.08226221079691516,0.09210526315789473,0.059113300492610835,0.10359801488833748,
DDAH1,0.985277202668507,,,,,0.9634734665747761,,
DDB1,,,,,,,0.9957583983712249,
DDHD1,0.6507936507936508,,,0.5355450236966824,0.7202602230483272,,0.9052183173588925,0.5274725274725275
DDHD2,0.8389592123769339,0.8828125,0.950354609929078,0.9296740994854202,0.9488946310651737,0.9266802443991853,,0.8984962406015038
DDN,0.9498567335243553,,,0.9156378600823045,0.8278127566383794,,,
DDR2,0.4803921568627451,0.6666666666666666,,,,,,
DDRGK1,,0.9034653465346535,,,,0.9786856127886323,,
DDT,0.5858190091001011,,,,0.5585867083283259,,,
DDX1,0.9414298018949182,0.8833333333333333,0.9601837672281777,0.9111498257839721,0.823975446831558,0.946911196911197,0.9696379914363565,0.9501312335958005
DDX10,,0.30526315789473685,,0.5034722222222222,0.7119460500963392,,,
DDX17,0.8943396226415095,0.7763888888888889,,0.9704142011834319,0.9931818181818182,0.9535452322738386,0.9083225730719569,
DDX18,0.34982738780207134,0.8095238095238095,,0.5097087378640777,0.8373493975903614,0.7828571428571428,,
DDX19A,,0.8737864077669902,,,0.9321533923303835,0.8148148148148148,0.9297297297297298,
DDX21,0.7725118483412322,0.22790697674418606,0.5833333333333334,0.3925233644859813,0.47135217723453016,,0.7357065803667745,
DDX24,,0.44493392070484583,,,,0.6512345679012346,,0.52428810720268
DDX25,,,0.16806722689075632,,0.08853575482406356,,,
DDX31,,,,,0.3593073593073593,,,
DDX3X,,0.9798534798534798,,0.9837728194726166,0.9422992540587977,0.9694002447980417,0.9164340219616601,0.9528688524590164
DDX42,,,,0.9527439024390244,,0.8425760286225402,,
DDX46,,0.5531914893617021,0.7101449275362319,0.7739130434782608,0.21783526208304968,0.1813186813186813,0.31986242476354254,
DDX5,0.9885409941897999,0.9306688417618271,0.32603158430973,0.9323899371069182,0.268675785359988,0.9657348963029756,0.9631463146314632,0.9651778955336866
DDX50,,,,0.9464285714285714,,,0.952423698384201,
DDX51,,,,0.7877094972067039,0.7184615384615385,,0.760586319218241,
DDX52,,,,,0.8171021377672208,,,
DDX54,,,,0.08814589665653495,0.07515657620041753,0.03914590747330961,0.07162041181736795,
DDX55,,,,,0.8275058275058275,0.5862068965517241,,
DDX56,,,,,,,0.7695990424895273,
DDX59,0.7045454545454546,,,,,,,
DDX6,,0.9100346020761245,0.8873239436619719,,,,0.9700466486619199,
DEAF1,0.972809667673716,,,,,,,0.9650582362728786
DECR1,,,0.06741573033707865,,0.052941176470588235,,,
DEDD,,,0.8456375838926175,0.2,,0.17204301075268819,,
DEF8,0.46329113924050636,0.655367231638418,0.7252747252747253,0.6950998185117967,0.6500553709856035,0.5730088495575221,,0.6881028938906752
DEFA1,0.6933333333333334,,,,,,,
DEGS2,,,,,0.19682539682539682,,,
DEK,0.5559230306674684,0.6699615595826469,0.747457627118644,0.41117597998331945,0.8532751091703057,0.41515650741350907,,0.44936086529006886
DELE1,0.14814814814814814,,0.1111111111111111,0.8921568627450981,0.9109026963657679,0.7303921568627451,0.8594327990135635,
DENND10,0.648314606741573,0.6296296296296297,0.7296296296296296,0.8320209973753281,0.8100320170757738,0.861878453038674,0.7418889689978371,
DENND11,0.9362416107382551,,0.9218106995884774,0.9142011834319527,0.902358749314317,0.8489583333333334,,
DENND1A,,,0.9215686274509803,,,,,
DENND3,,,,,,,0.9281553398058252,
DENND4A,0.4708029197080292,0.8309859154929577,0.8317757009345794,0.6986899563318777,0.9509157509157509,0.7783018867924528,0.7472924187725631,
DENND4C,,,0.6343283582089553,0.5454545454545454,,0.5681818181818182,,
DENND5A,,0.9625668449197861,0.9694041867954911,,,,,0.9393939393939394
DENND5B,0.9642857142857143,,,0.9636871508379888,,0.9240506329113924,,
DENND6B,0.23575129533678757,0.26229508196721313,0.2757201646090535,0.24671052631578946,0.229058561897702,0.2687224669603524,0.449438202247191,0.2835820895522388
DENR,0.9326460481099657,,0.9453125,0.9620034542314335,0.9469952734638758,0.8984375,0.9339191564147628,
DEPDC5,0.7810457516339869,,,,,0.7446808510638298,,
DEPP1,,,0.9020618556701031,,,,,
DEPTOR,,0.8045977011494253,,,,,,
DERL1,0.8702702702702703,0.785234899328859,,0.9117647058823529,0.6847607559308404,0.8544600938967136,,
DERL2,0.2915766738660907,0.226890756302521,,,0.17379558757316524,0.3931034482758621,0.4288164665523156,
DESI1,,,0.8738738738738738,,0.9057220708446867,,0.5611285266457681,0.8736462093862816
DFFA,0.8557377049180328,0.8175182481751825,,,0.8179808400884304,0.8333333333333334,0.83115338882283,0.9007633587786259
DGAT1,,,,,0.10708016383850205,,,
DGAT2,0.592057761732852,,,0.6141732283464567,0.6652719665271967,0.6632653061224489,0.7422680412371134,
DGCR2,,,,,,0.9544626593806922,0.9587349397590361,
DGCR5,0.1497326203208556,,0.2087912087912088,0.2612359550561798,0.07586206896551724,0.36977491961414793,0.24855491329479767,0.18274111675126903
DGCR6,0.8358161648177496,0.39344262295081966,,0.8557993730407524,0.8810593520926933,0.8384491114701131,0.8182804448060754,0.7687595712098009
DGKB,,0.5638297872340425,0.6,0.7792397660818714,0.8470332063146434,0.6722972972972973,,
DGKE,,,,0.9512195121951219,0.9527202072538861,,0.11658841940532082,
DGKG,,0.8205128205128205,0.875,0.12944983818770225,0.07564377682403434,0.9166666666666666,0.8312820512820512,0.7753623188405797
DGKH,,,,,0.9396681749622926,,,
DGKI,,0.66,0.8571428571428571,0.8678414096916299,0.8216292134831461,0.9119496855345912,0.9483454398708636,
DGKZ,0.8384770695125469,,0.8129496402877698,0.8149038461538461,0.8499312242090784,0.8754833720030936,0.8690495799703508,0.8651162790697674
DHCR24,,,,,0.9782408473405481,0.9838337182448037,,
DHCR7,0.8902195608782435,0.8549222797927462,0.8884381338742393,,0.8932093023255814,0.8309178743961353,0.8632429313329486,
DHDDS,,,,,,0.8571428571428571,,
DHFR,0.07245533575193373,0.03753905069031543,0.023326522669780112,0.04387214403737679,0.10479089634068596,0.03727798727654797,0.9244087185036327,0.03775313751531437
DHRS4,0.7413793103448276,,,,,,,
DHRS4-AS1,,,,,0.9002932551319648,,,
DHRS4L2,0.9528571428571428,,,,0.9164513350559862,0.8814814814814815,,
DHRS7,,,,,0.014530551415797318,,0.02875507442489851,
DHX15,0.12729026036644167,,,0.9625779625779626,0.9674711437565582,0.936231884057971,0.1657957244655582,
DHX16,,,,,,0.7698412698412699,,
DHX29,0.759469696969697,0.5538461538461539,0.8289473684210527,0.7475247524752475,0.8095238095238095,0.6425339366515838,,0.6534653465346535
DHX30,0.7760115606936416,0.9081967213114754,0.9619047619047619,0.9261565836298933,0.8761186999528968,0.8347107438016529,0.9671142778843519,
DHX34,,,,0.39436619718309857,,,,
DHX36,0.6533004318322023,,0.6559485530546624,0.3384615384615385,0.829634073185363,0.6058823529411764,,
DHX40,,0.8602150537634409,,,0.9584775086505191,,,
DHX8,0.32,,,0.3700787401574803,0.41061946902654867,,,
DIAPH1,,,,0.9572368421052632,,0.9166666666666666,,
DIAPH2,,,,,,0.7073170731707317,,
DICER1,,0.9019607843137255,,0.9492537313432836,0.913760603204524,,,
DIDO1,0.7681498829039812,0.5901639344262295,0.4435483870967742,,0.7387152777777778,0.46621621621621623,0.6140939597315436,0.6129032258064516
DIMT1,,,,,0.891271056661562,,,
DIO2,,,0.8070175438596491,,,0.6012658227848101,,0.6627218934911243
DIP2A,,0.7153846153846154,,,0.8939288206559665,,,
DIP2B,,0.9,,,0.9486815990927133,,,
DIP2C,0.823238566131026,0.8734177215189873,,0.9662337662337662,0.7092257001647446,0.9111969111969112,0.9743011722272318,
DIPK1A,0.8554913294797688,0.8601398601398601,0.8577981651376146,,0.10324367088607594,,0.8596813725490197,
DIPK1B,0.2826086956521739,0.2698412698412698,,0.22580645161290322,0.3276699029126214,0.2668621700879765,,0.2425531914893617
DIPK2A,,,,,,,0.8973941368078175,
DIPK2B,,,,,0.7804878048780488,,,
DIRAS2,0.973507819980849,0.8169761273209549,0.9883959044368601,,0.9569047619047619,0.9769173492181683,0.9548212351029253,
DIS3,,,,,0.17357762777242045,,0.054945054945054944,
DIS3L2,,,,,0.2760511882998172,,,
DISP2,0.2187938288920056,,,,0.2045079714128642,,,
DIXDC1,0.817531305903399,,0.9359756097560976,,0.9865550481988838,0.8629441624365483,0.9563218390804598,
DKK3,0.10318949343339587,0.11724915445321307,0.9763703584632696,0.9767889356584486,0.9699129057798892,0.058497750086535134,0.11655421922362375,0.08351696782723667
DLAT,0.5777054515866559,,0.4453125,0.921760391198044,0.38077461502566495,0.9,0.945862335653519,
DLC1,0.7971887550200804,,0.7399103139013453,0.7962264150943397,0.97968855788761,0.873015873015873,0.8428874734607219,0.7291666666666666
DLD,0.5454545454545454,,0.07541899441340782,0.05615942028985507,0.9552141222621772,0.9176646706586826,0.9686666666666667,
DLEU7,0.09776536312849161,,,,,,,
DLG1,,0.6076388888888888,0.375,0.8452054794520548,0.9663263089289593,0.9478079331941545,0.4043887147335423,
DLG2,0.97288842544317,0.8465753424657534,0.8631732168850073,0.8586088939566705,0.9391634980988594,0.9238653001464129,0.9394904458598726,0.8325434439178515
DLG3,0.8832599118942731,0.7894736842105263,0.6978193146417445,0.6516634050880626,0.6437435367114788,0.8641686182669789,0.7418496340652029,0.7096774193548387
DLG4,,,,,,0.9523809523809523,0.9690721649484536,
DLGAP1,,0.9476190476190476,0.9616204690831557,0.9477699530516432,0.8826973932754061,0.9674698795180723,0.9628806691935695,0.9349593495934959
DLGAP1-AS4,0.5179640718562875,,,,0.6505867014341591,,0.4327485380116959,
DLGAP2,0.6859504132231405,,0.7625,0.7837837837837838,0.5,0.34285714285714286,0.8530465949820788,
DLGAP4,0.952925353059852,,0.8819444444444444,0.9247467438494935,0.9020283199387678,0.9134199134199135,0.8840900701365818,
DLX6-AS1,0.7956349206349206,,,,,0.5424836601307189,,
DMAC1,0.0692139054181021,0.08540925266903915,,0.1589310829817159,0.17326968973747017,0.10232558139534884,0.17603783499737258,0.13783783783783785
DMAC2,0.9439728353140917,,,,0.9597989949748744,,,
DMAC2L,,,0.49206349206349204,,,0.7455621301775148,,
DMAP1,,,,,,0.34657039711191334,,
DMD,0.9733502538071066,0.782051282051282,,0.9366197183098591,0.7942157953281423,,0.9141515761234071,
DMKN,0.6460176991150443,,,0.6666666666666666,0.4979253112033195,,,
DMTF1,,0.757396449704142,,,,,,
DMTN,,,0.9902370990237099,0.9931313131313131,0.9546417445482867,,0.9924778761061946,0.9916839916839917
DMWD,0.8580246913580247,0.5172413793103449,0.888135593220339,,0.9209388511426807,0.3035143769968051,0.6026457618814307,0.5777777777777777
DMXL1,0.9398663697104677,,,,,0.8934010152284264,,
DMXL2,0.9721342621912603,,,,,,,
DNAAF10,,,,,0.09768637532133675,0.5454545454545454,0.574025974025974,
DNAAF11,0.6654366543665436,0.09202453987730061,,0.2773972602739726,,0.25,0.5912280701754385,
DNAAF9,,0.7050359712230215,,0.9554973821989529,0.9725067385444744,0.8464285714285714,,
DNAH6,,,,,0.7633587786259542,,,
DNAI4,,,,,,0.6046511627906976,,
DNAJA1,0.8957383236357918,0.7896645512239348,0.8776167471819646,0.899505766062603,0.9157994323557237,0.8681420009220839,0.6341172645496911,0.8865168539325843
DNAJA2,0.9324683965402528,0.9,,0.17357762777242045,0.14864551979624913,0.16800804828973842,0.19343656112780216,0.14799154334038056
DNAJA4,0.9391534391534392,,0.9516407599309153,0.9510556621880998,0.9490878235044549,0.9300291545189504,,0.9258312020460358
DNAJB1,0.9065010956902849,0.9301578806529301,,,0.9681903864278982,0.9262472885032538,,0.9777015437392796
DNAJB12,,0.6923076923076923,0.7212121212121212,,0.8098484848484848,0.7257142857142858,0.8655778894472361,0.8058252427184466
DNAJB14,,,,0.9446854663774403,0.9601395117090185,0.9679075738125802,0.8377609108159393,
DNAJB2,,,,0.992040520984081,,,,
DNAJB4,,0.9593908629441624,,0.22178988326848248,,,0.8055555555555556,
DNAJB6,0.06838905775075987,0.902928870292887,0.043697478991596636,0.943526904635056,0.9766338512631954,0.9754385964912281,,0.07622504537205081
DNAJB9,0.2897016361886429,0.3974358974358974,0.43601895734597157,0.43333333333333335,0.22272354388843313,0.3035230352303523,0.36661698956780925,0.4375
DNAJC1,,,,,,,0.6113924050632912,
DNAJC10,0.2225475841874085,0.7352941176470589,0.7357142857142858,0.8636363636363636,0.2127659574468085,0.33636363636363636,0.9504240052185258,
DNAJC11,,,,,0.8859934853420195,0.9203539823008849,0.906988964792433,
DNAJC12,,,,,,,0.9325526932084309,0.8050314465408805
DNAJC13,,,,,0.9186155285313377,0.8268156424581006,,
DNAJC15,0.45872274143302183,0.33687943262411346,0.30526315789473685,0.518324607329843,0.5085972850678733,0.4160206718346253,0.4645348837209302,0.4
DNAJC16,,,,,0.8972922502334267,0.7757009345794392,,
DNAJC17,0.5933333333333334,,,,,,,
DNAJC18,0.8197747183979975,0.8928571428571429,0.9523809523809523,,0.6877156659765356,0.9504643962848297,0.9066251667407736,
DNAJC19,0.36663433559650827,,0.43380281690140843,0.4180790960451977,0.37556719022687607,0.6711772665764547,,0.4268292682926829
DNAJC2,,,,,,0.6153846153846154,,0.5539568345323741
DNAJC21,0.5039370078740157,0.5746606334841629,0.7077922077922078,0.7393364928909952,,0.6893939393939394,,
DNAJC24,0.8991935483870968,,,,0.9080068143100511,0.7192982456140351,0.9538188277087034,
DNAJC25,,,,,0.29492455418381347,0.8230088495575221,0.722457627118644,
DNAJC27,,,,0.9151515151515152,,,,
DNAJC3,,0.8505747126436781,,0.9383886255924171,0.8068057080131723,,0.8504233301975541,
DNAJC4,,,,,,0.7966666666666666,,
DNAJC5,0.9207828518173345,0.8921161825726142,0.9148351648351648,0.7698209718670077,0.890854271356784,0.8802747791952895,0.9801051051051051,0.7923809523809524
DNAJC6,0.021373766898063574,0.9118409680207433,0.9908045977011494,,0.9846515138807347,0.994468085106383,0.9738567963345611,
DNAJC7,,0.8815165876777251,,0.9018743109151047,,,0.9384483252218723,
DNAJC8,0.5426987060998152,0.47429171038824763,,0.9139784946236559,0.8596258897533521,0.7380952380952381,,
DNAJC9,0.6179775280898876,0.5882352941176471,,,0.189873417721519,0.26515151515151514,,
DNAL1,,,0.9310344827586207,,0.12147716229348883,0.8333333333333334,0.13793103448275862,
DNASE1,,,,0.7560975609756098,,,,
DNER,,,,,,0.9894815927873779,,
DNHD1,,,,,0.6803519061583577,,,
DNM1,0.9918166939443536,,,0.9966216216216216,0.9949468996231586,0.9600447052249231,0.9840083073727933,
DNM1L,0.7256736526946108,0.8985507246376812,0.9546120058565154,0.8591549295774648,0.721070670801371,0.8699788583509513,0.9862795784450189,0.8411764705882353
DNM2,,,,,0.03593093793747083,,,
DNM3,,0.7682403433476395,0.9004629629629629,0.9309366130558183,0.9420264002854085,,0.9182701844872049,
DNMT3A,0.8375,,,0.916030534351145,0.8678839957035446,,0.8485981308411215,
DNPEP,0.5413533834586466,,,0.5188679245283019,,0.711864406779661,,
DNTTIP2,,,,,,,0.9295436349079264,0.38596491228070173
DOCK1,,0.884393063583815,,,,,,0.9161676646706587
DOCK10,,0.8142857142857143,,,0.930045871559633,0.9104477611940298,,
DOCK3,,0.8565400843881856,,,0.9657831325301205,0.9676985195154778,,
DOCK4,,0.6984126984126984,0.8438818565400844,0.9462540716612378,0.9252532308767027,,0.913847446942635,0.8954545454545455
DOCK5,,0.96875,,,0.908740854832499,,0.9555160142348754,
DOCK7,0.8383128295254832,,0.7967914438502673,,0.9420821114369502,0.9139072847682119,0.8639896373056994,0.7396449704142012
DOCK9,,,,0.978494623655914,0.9774977497749775,,0.9887274549098196,0.9557522123893806
DOK4,0.8818181818181818,,,0.8571428571428571,0.755632582322357,,,
DOK6,0.4932795698924731,0.5844155844155844,0.7533333333333333,0.9478827361563518,0.8479763079960513,0.860655737704918,0.9838809671419715,0.7456896551724138
DOP1A,,,,0.8340248962655602,0.2181996086105675,0.0979381443298969,,
DOT1L,,,,,,0.6530612244897959,,
DPCD,,,,,0.9497907949790795,,,
DPF1,,,,0.7616580310880829,0.7542533081285444,,0.7248358862144421,
DPF3,,,,,0.7169811320754716,,,
DPH1,0.782051282051282,,,,0.7741935483870968,,,
DPH3,0.5868613138686132,0.5257731958762887,,,0.40042674253200566,,,
DPH5,,,,,0.3199152542372881,,,
DPP10,0.9585152838427947,0.3865168539325843,0.5652818991097923,0.7943166441136671,0.6483782964534708,0.5685096153846154,0.8227869124730112,0.5271739130434783
DPP10-AS1,0.22255192878338279,,,,0.7435294117647059,,0.27092198581560284,
DPP3,,,,,0.9065108514190318,,,
DPP6,0.9943765281173594,0.9603960396039604,0.9817483189241114,0.756376887038001,0.7882027649769585,0.6512141280353201,0.723152979950563,0.5346650998824912
DPP7,,,,0.8666666666666667,,,,
DPP8,0.8707671043538355,0.8153846153846154,,0.8423076923076923,0.9502586549940311,0.7628865979381443,,0.8995633187772926
DPP9,,,,,0.8947368421052632,,,
DPY19L1,0.8703703703703703,,,0.8971291866028708,0.8320924261874197,,0.9787234042553191,
DPY19L2,0.6054421768707483,,0.6463414634146342,,0.5664160401002506,0.4034090909090909,,
DPY19L2P2,,,,,0.1361457334611697,,,0.8208955223880597
DPY19L4,,0.7037037037037037,,,0.8292282430213465,0.6541353383458647,,
DPY30,,,,,0.052968960863697706,,,
DPYD,,0.5081967213114754,,,0.6163522012578616,,,
DPYSL2,0.7023685793993764,0.9948690251147718,0.7236733246661151,0.7241166622609921,0.7141444707433262,0.9962989072964399,0.9972603876966502,
DPYSL3,0.8888888888888888,0.8565737051792829,,0.927689594356261,0.8946053946053946,0.9056179775280899,0.9444605990113405,0.8816901408450705
DPYSL5,,0.967741935483871,,,0.9620383036935705,0.5348837209302325,,
DR1,0.7764705882352941,,0.7777777777777778,0.847926267281106,0.2904820766378245,,0.9205685618729097,
DRAM2,0.3025,,,,,,,
DRAP1,0.872043317184383,0.8925373134328358,,0.8668831168831169,,0.7605118829981719,0.8873755893137768,
DRG1,,,0.07183908045977011,,0.8004750593824228,,0.949084412684234,
DRG2,0.7312977099236642,0.8764044943820225,0.8043478260869565,,0.8516707416462918,,,
DROSHA,,,,,0.08982035928143713,,,
DRP2,0.7789473684210526,,,0.9461883408071748,0.7015151515151515,0.7241379310344828,,
DSCAM,,0.6477272727272727,0.5487804878048781,0.496551724137931,0.8092369477911646,0.6538461538461539,,0.32
DSCAML1,,0.5783132530120482,,0.8407079646017699,0.7311271975180972,0.7070707070707071,,0.44047619047619047
DSEL,,0.5631067961165048,0.8681318681318682,,0.8953140578265204,0.7441860465116279,,
DST,0.8013659647125783,0.6519480519480519,0.7302325581395349,0.7334244702665755,0.7095210712231989,0.7196428571428571,0.7654593639575972,0.7799174690508941
DSTN,0.5245854937040625,0.690748898678414,0.8817907444668008,0.7512780180888714,0.6432328415651059,0.7058713187019321,0.6841257050765511,0.8977657413676371
DSTYK,,0.57,0.8055555555555556,0.8764568764568764,0.85955847815876,,,0.48214285714285715
DTD2,,,,,0.893353941267388,,,
DTNA,0.7403051493960585,0.7510548523206751,0.6181202370872142,0.8691070438158625,0.7410256410256411,0.6061197916666666,0.7268527430221366,0.6971235194585449
DTNB,,,,,,0.9611650485436893,0.9545741324921135,
DTNBP1,0.8755948334466349,0.856353591160221,0.8540925266903915,,,0.9057142857142857,0.9732292247629671,
DTWD1,0.36475409836065575,,0.5633802816901409,,0.7005128205128205,0.5469613259668509,,
DTWD2,,,,,,0.725,,
DTX1,,,,,,,,0.9047619047619048
DTX4,,,0.30701754385964913,0.1871345029239766,,0.18181818181818182,0.16346153846153846,
DUBR,,,,,0.7162162162162162,,,
DUSP10,,,,,0.6409090909090909,,,
DUSP16,,0.7040816326530612,,,0.7312430011198209,,,
DUSP22,0.7321100917431193,,,0.8242677824267782,0.7991803278688525,0.7763975155279503,0.8760479041916168,0.9014084507042254
DUSP28,0.5944272445820433,,0.7452830188679245,,0.6984572230014026,0.6994219653179191,0.707977207977208,
DUSP3,0.9851546391752577,0.9536423841059603,,0.9531123686337915,,0.9448979591836735,,
DUSP6,,,,,,,0.8790248390064398,
DUSP8,0.7195467422096318,,,0.837772397094431,0.9347604485219164,0.7058823529411765,,
DUT,,0.03273809523809524,,,0.028515240904621434,,0.03558718861209965,
DVL3,0.27697262479871176,0.4523809523809524,,,0.2601279317697228,0.2822966507177033,0.2735166425470333,0.22598870056497175
DYM,0.6061946902654868,,0.48120300751879697,,0.4872192099147947,0.5405405405405406,0.5003855050115652,
DYNC1H1,0.9794590197274761,0.9425556858147714,0.9898132427843803,0.9692176143651133,0.9781683222355638,0.9529267294310274,0.9512349588347055,0.9447748513169074
DYNC1I1,,,,0.9294926913155632,0.9595574900253899,,,0.838150289017341
DYNC1I2,0.7376497005988024,0.5845674201091192,0.9386084583901774,0.7930682976554536,0.2620133286566117,0.6373429084380611,0.8278969957081546,
DYNC1LI1,,0.6972477064220184,,0.8064516129032258,0.9331838565022421,0.7624190064794817,,
DYNC1LI2,0.9717688575209528,0.9100119189511323,,0.9692307692307692,0.9490306060236556,0.9607843137254902,,
DYNC2H1,0.7253218884120172,,,0.660377358490566,0.8307155322862129,0.7012987012987013,0.8717391304347826,
DYNC2I1,,,,0.8489583333333334,,,,
DYNC2LI1,0.9644268774703557,0.4861111111111111,0.7655677655677655,0.8070739549839229,0.8346055979643766,,0.8509242695289206,
DYNLL1,0.7581771552574472,,,,,0.9310831471245443,0.8489861678717384,
DYNLL2,0.8848277174947649,0.9356913183279743,,0.930622009569378,0.012219248225299663,0.9039115646258503,,
DYNLRB1,,0.8268852459016394,,,,0.87627365356623,0.867273082942097,
DYNLT2B,,0.6805555555555556,0.6047904191616766,,0.6615776081424937,,,
DYNLT3,,0.9278350515463918,,,0.9314824248599083,0.8360655737704918,,0.9506726457399103
DYRK1A,,,,0.9627831715210357,,0.975,0.36436436436436437,
DYRK2,,,,0.16346153846153846,,,,
DYRK4,,,,,0.13615870153291254,,,
DYSF,,0.9642857142857143,,,,,,
DZIP1,0.8101910828025478,,0.7655502392344498,0.8068669527896996,0.9318007662835249,0.754863813229572,0.7723926380368098,0.7848101265822784
DZIP3,0.8423339540657977,0.42295081967213116,0.7979274611398963,,0.33225058004640373,0.7959641255605381,0.9210822998872604,
E2F6,,0.5882352941176471,,,0.47956989247311826,0.64,0.20766773162939298,
EAPP,,,0.8112094395280236,0.9336384439359268,0.949161159125572,,,
EARS2,,,,,0.4843205574912892,0.4945054945054945,0.5112781954887218,
EBAG9,,,0.8050847457627118,,,0.8624161073825504,,
EBLN3P,,0.851063829787234,,0.8456057007125891,0.8953786906290115,,0.8029498525073746,
EBNA1BP2,,,,,,,0.9562563580874873,
ECD,0.545016077170418,,,,0.3696551724137931,0.5277777777777778,0.38442521631644005,
ECE1,,,,0.8980582524271845,0.9552071668533034,0.9044117647058824,,
ECHDC1,0.6183719193427931,0.9166666666666666,,0.7117794486215538,0.9636143117040631,0.6571428571428571,0.9692307692307692,0.7769784172661871
ECHDC2,,,,,0.8225,,,0.7674418604651163
ECPAS,0.9660691421254801,0.9357798165137615,0.23076923076923078,0.25,0.9816007359705612,0.8709677419354839,0.29073677774380924,0.30916030534351147
ECSIT,,,,,0.9856014862981886,,,
EDC3,,,,0.7345679012345679,0.768377253814147,0.6146788990825688,0.7335958005249343,
EDEM3,,,0.9155844155844156,,,,,
EDF1,0.6116024726581074,0.7531353135313531,0.6177319587628866,,,0.6481178396072013,0.621657848324515,
EDIL3,,0.5217391304347826,0.9792051756007394,0.958118556701031,0.9978215333054042,0.97678916827853,0.9714512291831879,
EDN1,,,,0.7863247863247863,0.7637795275590551,,0.741851368970013,
EDNRB,,,0.8517587939698492,0.8901408450704226,0.9693343305908751,0.8115942028985508,,
EDRF1-DT,0.3032258064516129,,,,0.4393939393939394,0.4186046511627907,,
EEA1,,0.49333333333333335,,0.617816091954023,0.8587755102040816,,0.9376218323586745,
EED,0.9166666666666666,,,,,,,
EEF1A1,0.6477074991089959,0.8390854184641933,0.9098365673012181,0.8274034822104467,0.8570285485668562,0.7804805104177052,0.8606701940035273,0.9503842197616023
EEF1A2,0.9413271842172688,,,0.9448938321536906,0.9499708284714119,0.9418794133623031,0.925074574486752,
EEF1AKMT2,0.15492957746478872,,,,0.8724137931034482,,0.16246056782334384,
EEF1B2,0.6406124093473006,0.6936752136752137,0.7389465590157631,0.5968555324829428,0.807045097599282,0.8838209982788297,0.5861435726210351,
EEF1D,0.9639794168096055,0.6908307210031348,,,0.7430694821281114,,,
EEF1E1,,,,0.890728476821192,0.904735982580294,,0.018855218855218854,
EEF1G,0.909828935923456,0.9548294089380106,0.6260982753010088,0.9466192170818505,0.9456934606303254,,0.9628767730496454,
EEF2,0.9334230999401556,,0.982166159199652,0.9831288343558282,0.9831974547623782,0.9786772677990604,0.920414050568471,
EEF2K,,,,,0.639269406392694,0.6395348837209303,,0.7684210526315789
EEIG1,,0.9757942511346445,,,0.9785546415981199,0.0387409200968523,,
EEPD1,,0.8495575221238938,,0.4745762711864407,0.2807807807807808,0.5060240963855421,,
EFCAB11,,,,,,0.631578947368421,,
EFCAB14,0.9371833839918946,0.8937644341801386,,,0.9891269587464023,0.9758454106280193,,0.9673024523160763
EFCAB2,,,,0.2549019607843137,0.2974683544303797,0.34328358208955223,,
EFCAB7,0.459915611814346,,,0.8088235294117647,0.6853932584269663,0.7321428571428571,,
EFEMP1,0.9510309278350515,,0.26080246913580246,0.19186046511627908,0.30684931506849317,,,
EFEMP2,,0.5,,,,,,
EFHD2,0.8446511627906976,0.7833333333333333,,0.8693931398416886,0.8612416522384369,,0.9056439311396819,
EFNA5,0.6468926553672316,0.8260869565217391,0.4723404255319149,0.8590785907859079,0.529383429672447,,0.9411764705882353,0.8465909090909091
EFR3A,,,0.9639519359145527,0.9281811085089774,0.9891662741403674,0.9415971394517283,0.9774824658545589,
EGFR,0.9410526315789474,,,,,0.847682119205298,,
EGLN1,,,,,0.9778348859620944,,0.9680895151263986,
EGLN3,,,,,0.9699074074074074,,,
EGR1,,,0.9055555555555556,,,0.8678756476683938,,
EHBP1,0.9738919247115968,0.905982905982906,0.9573863636363636,0.9356521739130435,0.9197416974169742,,0.9574468085106383,
EHD1,0.9150090415913201,0.8947368421052632,,0.8776371308016878,0.9525934188510876,0.9,,
EHD3,,,0.024725274725274724,,0.9915268316996179,0.9864864864864865,0.9798032107716209,
EHMT2,,,,,,0.9321533923303835,,
EI24,0.6210098665118978,0.44988344988344986,0.45573294629898403,,0.5294880103694103,,0.49166830033326797,0.4720930232558139
EID1,0.632133700503276,0.6259541984732825,,0.6320357054302008,0.6561204013377926,0.5888166449934981,0.673078345786787,
EID2B,0.19542619542619544,,,,,0.1724137931034483,0.20064464141821112,
EIF1,0.7817290006131208,0.7509025270758123,0.8353520060560181,0.9196773651487145,0.7862707628987211,0.07137389973210868,0.8915942028985507,0.4965263588067021
EIF1AD,0.17832957110609482,,,,0.4530120481927711,0.33980582524271846,,
EIF1AX,0.8388758782201405,0.5212201591511937,0.5881742738589212,0.6700215672178289,0.6429214157168567,0.5690036900369003,0.8432289231728222,0.5938511326860841
EIF1AY,,,,,0.14562354763749033,0.1388888888888889,,
EIF1B,0.913588500752131,,,,,,,
EIF2A,,,0.3582887700534759,0.203125,,0.715311004784689,0.5624123422159888,
EIF2AK1,0.9703215169002474,0.27631578947368424,,,0.9145166304009947,0.1261904761904762,0.06867316659601526,0.12440191387559808
EIF2AK2,0.9306930693069307,,0.9420289855072463,0.961139896373057,0.9802152030544949,,0.9127811300054854,0.8273381294964028
EIF2AK4,,,,,0.8885350318471338,0.8810572687224669,0.9200652528548124,
EIF2B3,0.9090909090909091,,,,0.5464926590538336,,,
EIF2B5,0.852773826458037,0.9210526315789473,,,0.9132543103448276,0.8939393939393939,0.9118942731277533,0.8666666666666667
EIF2D,,,,,,0.7959183673469388,,
EIF2S1,0.4631268436578171,0.125,0.42391304347826086,0.5368852459016393,0.4940828402366864,0.48429319371727747,0.5757956448911222,0.2538860103626943
EIF2S2,,0.48903878583473864,0.5625774473358116,0.7194767441860465,0.7656170644997461,0.5373737373737374,0.8552774755168662,0.6756756756756757
EIF2S3,0.36149732620320857,0.22857142857142856,0.32321428571428573,0.8615384615384616,0.3266394728584876,0.8705673758865248,0.34440251572327046,0.8355795148247979
EIF3A,0.12180349932705249,0.6136919315403423,0.7664,0.8836158192090395,0.7279590842669265,0.7033492822966507,0.9074380165289256,0.8854166666666666
EIF3B,,,,,0.9735997145915091,,,
EIF3C,0.8804693229039354,0.8839137645107794,,0.8830486202365309,0.9915212783303441,0.9852420306965761,,
EIF3CL,0.9315436241610738,0.8363636363636363,0.9637681159420289,0.9533898305084746,,,0.9504225352112676,
EIF3D,0.4592127780946948,,0.3620253164556962,,0.38285109386026817,,,
EIF3E,0.032492997198879554,0.4793608521970706,0.9709035222052067,,0.9340082489688789,,0.9775583482944344,
EIF3F,0.962480458572173,,,0.4246575342465753,0.8235294117647058,,0.6257578925360653,
EIF3G,0.29365079365079366,0.3821892393320965,0.2935153583617747,0.30176767676767674,,,,
EIF3H,0.8387423935091278,0.9401544401544402,0.90625,0.03556187766714083,0.9652194770928281,0.9040959040959041,0.04482018250134192,
EIF3J,0.6972878390201225,0.46846846846846846,0.8632218844984803,0.6214953271028038,0.5973862779592862,0.5512422360248447,0.19760479041916168,0.49691358024691357
EIF3J-DT,,,,0.691358024691358,0.7645502645502645,,0.8353591160220994,
EIF3K,,,,,,0.011513157894736841,,
EIF3M,0.17925012840267077,0.7280701754385965,0.25961538461538464,,0.22691846522781775,0.23679727427597955,0.3802304426925409,0.14121037463976946
EIF4A1,0.991175633361799,,,,,,,
EIF4A2,0.982074777606849,,0.9875250612608599,0.9593357740585774,0.9325216792051916,0.9254861214190292,0.884932147870847,0.9855533082924011
EIF4B,,0.900271985494107,,0.9753457606734817,0.7119091093528099,0.9708083832335329,0.963237389569678,
EIF4E,0.9548543689320388,,0.4523076923076923,0.9090909090909091,0.9829881656804734,0.9293739967897271,0.4868469803630974,0.3559322033898305
EIF4E2,0.8559928443649374,0.6956521739130435,,,0.8788951841359773,0.8076923076923077,0.9172328597899938,
EIF4E3,0.07174887892376682,,0.5020746887966805,0.4906166219839142,0.19333333333333333,0.13432835820895522,0.20672353236327146,
EIF4EBP2,0.648766328011611,,0.744131455399061,0.9267734553775744,0.7270294380017841,0.7161125319693095,0.678354371201496,0.7160493827160493
EIF4ENIF1,,,,,0.9644549763033176,,,
EIF4G1,,0.8376068376068376,,,0.9561312607944732,,,0.941717791411043
EIF4G2,,0.984302862419206,0.9745411486086442,,,0.974297953355545,0.9766456783056668,
EIF4G3,0.9432878679109835,0.7737226277372263,0.8555691554467564,0.9738693467336683,0.9298663248489287,0.8884792626728111,0.9378238341968912,0.9116945107398569
EIF4H,0.9923490488006617,,0.968944099378882,,0.9838502047981276,0.9845599588265569,,
EIF5,0.5136244254760342,0.4836223506743738,0.772196261682243,0.6927083333333334,0.6637909160111647,0.8424177010253643,0.6945515291698792,0.6966101694915254
EIF5A,0.953952228515144,,,0.9596557288864981,0.9426084591323269,0.9550637156270959,,
EIF5A2,,,,0.2857142857142857,0.37165450121654503,0.26174496644295303,0.32922824302134646,
EIF5AL1,0.5644599303135889,,,,,,,
EIF5B,0.7526997840172787,0.4358974358974359,0.76,0.8006644518272426,0.625671321160043,,0.7798607391537226,0.6888888888888889
ELAPOR1,,,,0.7772020725388601,0.7577706323687031,,0.7644539614561028,
ELAPOR2,0.9601494396014943,,0.8283582089552238,,0.6935286935286935,,0.8796498905908097,
ELAVL1,,0.7846153846153846,,,0.8701923076923077,,0.9126348764357815,0.3443708609271523
ELAVL2,0.9652635880670208,,0.9702823179791976,,,0.918015102481122,,
ELAVL3,,,,0.9108236895847516,0.8973514674302076,0.8898905344494527,0.7638513513513514,0.6548183254344392
ELAVL4,0.4601181683899557,,0.6751269035532995,0.4721283783783784,0.41814780168381666,0.41379310344827586,0.34585400425230334,0.5193798449612403
ELF2,,0.5148936170212766,,,0.740909090909091,0.13541666666666666,0.7732634338138925,
ELFN2,0.954248366013072,,,,,,,
ELL2,,0.9606741573033708,0.5975975975975976,0.8802395209580839,0.9191780821917809,0.6920529801324503,,0.7279411764705882
ELMO1,,0.8562992125984252,,,0.9836278586278586,0.9716535433070866,0.9683885890516577,
ELMOD1,0.9796823051348356,,,,,,,
ELOA,,0.6627906976744186,0.8214285714285714,0.7945945945945946,0.84346035015448,0.8043478260869565,,
ELOB,,0.039254823685961414,0.060240963855421686,0.05034160373966199,0.07246376811594203,0.5065599288414498,0.0882149446494465,0.10347432024169184
ELOC,0.13113229481515926,0.6844036697247706,0.13086770981507823,0.11789038262668046,0.15825457470339835,0.14030384271671134,0.14730381411661553,
ELOVL4,,,,,0.9015668943350743,0.6440677966101694,0.8912529550827423,
ELOVL5,,0.9373695198329853,,,0.9932061667102169,,,
ELOVL6,,0.6842105263157895,0.6956521739130435,0.8775510204081632,0.8987179487179487,0.6564885496183206,,
ELOVL7,,,,,0.8624708624708625,,,
ELP1,0.21804511278195488,0.184,,,0.2635431918008785,0.061855670103092786,0.3818589025755879,0.26666666666666666
ELP2,0.37409326424870465,0.5299145299145299,0.8290598290598291,,0.695906432748538,0.4,0.6295103092783505,0.7246376811594203
ELP3,0.8317358892438764,,,0.7598870056497176,0.8553271028037384,0.7480916030534351,0.803843605036448,
ELP4,0.5857142857142857,,,0.2727272727272727,0.2751322751322751,,,
ELP5,,,,,,0.7864583333333334,,
ELP6,0.9117082533589251,,,,0.9640287769784173,,,
EMC1,0.2616632860040568,,0.6811594202898551,0.2638888888888889,0.1144578313253012,0.7417582417582418,,0.3488372093023256
EMC10,0.9052880820836622,0.042821158690176324,,,0.013876040703052728,0.026804123711340205,,
EMC2,0.8553326293558606,0.09542743538767395,,0.9191919191919192,0.22042755344418052,0.48929159802306427,0.9714285714285714,0.6567164179104478
EMC3,0.3536067892503536,,0.29553264604810997,0.26286764705882354,0.7460918995736617,,,0.16080402010050251
EMC4,,,,,,,0.9654783393501805,
EMC7,,,,,,,0.9726083401471791,
EMC8,0.3326133909287257,,0.2857142857142857,0.36809815950920244,0.2747524752475248,0.3088235294117647,0.3544165757906216,
EME2,,,,,0.14626865671641792,,,
EMG1,0.07707509881422925,0.25333333333333335,,,0.11074104912572856,,,
EML1,,,,,0.26288659793814434,0.42857142857142855,0.3572228443449048,
EML2,,0.9103448275862069,,,0.9759780370624571,,,0.8642857142857143
EML5,,,,,0.74,,,
EMP2,,0.2127659574468085,,,0.4653284671532847,,,0.3442622950819672
EMSY,,,,,0.7542213883677298,,0.7861111111111111,
EMX1,,,,,,0.8535031847133758,,
EMX2,0.45564516129032256,0.29927007299270075,,0.5068493150684932,0.32,0.44375,0.4360313315926893,0.4046242774566474
EMX2OS,0.16783216783216784,,,,0.743421052631579,,0.7185185185185186,
ENAH,0.6248574686431014,0.6304985337243402,0.6611374407582938,0.6446808510638298,0.7130774235523748,0.5597722960151803,0.6390927284856571,0.4888888888888889
ENC1,,,,0.9578305759422814,0.9819485857039246,0.9878618113912232,0.9494201400849696,0.9665991902834008
ENDOD1,0.8951554591467824,0.9179331306990881,,0.8422764227642277,0.847225342619636,0.9363636363636364,0.8872579637726421,
ENDOV,0.7489361702127659,,,,0.838150289017341,,,
ENGASE,,,,,0.8458244111349036,0.7205882352941176,0.8047493403693932,
ENO1,,,0.9901021711366539,,,0.9822001750802452,0.9862381540997116,
ENO2,0.9692111350402808,,0.972621306587151,0.9865618661257607,0.959204766536965,0.9788838612368024,0.9758763663776856,
ENOPH1,,,0.9578231292517007,,,0.9539951573849879,,
ENOSF1,,,0.3684210526315789,,0.26618705035971224,,,
ENOX1,0.5470494417862839,0.3333333333333333,0.9227053140096618,0.43653250773993807,0.9384251036116045,0.8853046594982079,0.9464861379754996,
ENOX2,,,,,0.043343653250773995,,,
ENPP2,,0.9769553072625698,,,0.996038338658147,,,
ENPP4,,0.8143322475570033,,0.8870967741935484,0.9675435599590024,0.9312977099236641,,
ENPP5,,,0.3073394495412844,,0.2529699510831586,,,0.27918781725888325
ENPP6,,,,,0.8394698085419735,,,
ENSA,0.7361926260346124,0.7413194444444444,0.08651399491094147,0.8369820172009382,0.7054371870997788,0.8182281059063137,0.75,0.8318670576735093
ENSG00000205959,0.1573373676248109,,,0.3783783783783784,,,,
ENSG00000224363,0.6019417475728155,,,,,,,
ENSG00000224404,,,,,0.7651331719128329,,,
ENSG00000224848,,,,,0.3546099290780142,,,
ENSG00000224905,,,,0.5882352941176471,,,,
ENSG00000225106,,,,,,,0.06788511749347259,
ENSG00000225140,,0.75,,,0.43871975019516,,,
ENSG00000225339,,,,,0.631578947368421,,,
ENSG00000226454,,0.3333333333333333,,,,,,
ENSG00000226824,0.7572815533980582,0.76,,,0.450261780104712,,,
ENSG00000227161,,0.5510204081632653,0.56,0.49044585987261147,0.596244131455399,0.4153846153846154,0.5703918722786647,
ENSG00000227733,,,,,,0.6862745098039216,,
ENSG00000228408,,,,,,0.6870229007633588,,
ENSG00000228470,,,0.8461538461538461,,,,,
ENSG00000228999,,,,,0.5614035087719298,,,
ENSG00000229321,,,,,,,,0.7555555555555555
ENSG00000229588,0.5411764705882353,,,,,,,
ENSG00000229618,,,,,,0.10843373493975904,,
ENSG00000230325,,,,,0.2088607594936709,,,
ENSG00000237188,,,,,0.6585365853658537,,0.7643979057591623,
ENSG00000240553,0.11952191235059761,,0.20220588235294118,0.18983050847457628,0.26303088803088803,0.1793478260869565,0.1517199017199017,0.1772853185595568
ENSG00000241772,,,,0.853448275862069,,,,
ENSG00000242861,,,0.2168284789644013,,0.26664342976646915,0.3493975903614458,,
ENSG00000243155,,0.5754189944134078,,0.8870192307692307,0.8238341968911918,0.8327402135231317,0.3787878787878788,0.9090909090909091
ENSG00000243960,,,,,,,0.8652585579024035,
ENSG00000244055,,,0.8557692307692307,,0.8877146631439894,0.8108108108108109,0.7953736654804271,
ENSG00000244701,,,0.6779661016949152,,,,,
ENSG00000248994,,,0.3684210526315789,,,0.38095238095238093,,
ENSG00000250075,,,,,0.4732142857142857,,,
ENSG00000250135,0.9601286173633441,0.9191919191919192,0.7107061503416856,0.8775510204081632,0.9674382110631621,,0.8599195710455764,0.7625418060200669
ENSG00000251615,,,,0.31496062992125984,0.4713656387665198,,0.5229885057471264,
ENSG00000251621,,,,0.9879032258064516,,,0.9920675978617003,
ENSG00000251660,0.25855263157894737,0.34210526315789475,0.07678244972577697,,0.3131829807021623,,,0.32752613240418116
ENSG00000253553,,,,,0.7662337662337663,,,
ENSG00000254343,,,,,0.8281938325991189,,,
ENSG00000254698,0.9028169014084507,0.91005291005291,0.8855218855218855,0.6960227272727273,0.9430255402750491,0.889795918367347,0.9009324009324009,0.6978851963746223
ENSG00000255621,0.30701754385964913,,,,,,,
ENSG00000259972,,,,,0.544,,,
ENSG00000259976,,0.7644444444444445,,,0.967741935483871,0.905511811023622,0.9525316455696202,0.8310502283105022
ENSG00000259994,,,,,0.852994555353902,,0.6955645161290323,
ENSG00000260328,,,,,,,0.8441734417344173,
ENSG00000260426,,0.3902439024390244,,,,,,
ENSG00000260534,,,,,,0.5416666666666666,0.7227011494252874,
ENSG00000260566,,,,,0.9599317988064792,,,
ENSG00000260664,,,0.6666666666666666,,,,,
ENSG00000260918,,0.4140625,0.9252336448598131,0.169921875,0.6052361396303901,,0.9586148648648649,
ENSG00000260966,,,,,0.8924387646432375,,,
ENSG00000261195,,0.2077922077922078,,0.20270270270270271,0.2914653784219002,,,
ENSG00000261329,,,,,0.09844559585492228,,,
ENSG00000261351,,,,,0.6203208556149733,,,
ENSG00000261675,0.9217877094972067,,,,,,,
ENSG00000262877,,,0.3333333333333333,,0.35428571428571426,,,
ENSG00000262879,0.358974358974359,,,,0.333692142088267,,,
ENSG00000263244,0.4279379157427938,,0.5213032581453634,0.5182795698924731,0.9441176470588235,0.48846960167714887,0.6488418644552474,0.6775244299674267
ENSG00000263494,0.21835357624831309,0.1783625730994152,0.5522788203753352,0.4780701754385965,0.35848601735776275,0.47165532879818595,0.7129629629629629,0.2648578811369509
ENSG00000263731,,,,,,,0.8744588744588745,
ENSG00000265579,,,,,0.9536480686695279,,,
ENSG00000267002,,,,,0.8879551820728291,0.7903225806451613,,
ENSG00000267009,,,,,0.45528455284552843,,,
ENSG00000267053,,,0.41379310344827586,,,,,
ENSG00000268205,,,0.9622166246851386,,0.9837182885270731,,0.9704301075268817,
ENSG00000268713,0.25,,,,,,,
ENSG00000269707,,,,,,0.5217391304347826,,
ENSG00000272321,,,,,0.543046357615894,,,
ENSG00000274023,0.13240418118466898,0.11248073959938366,,0.39485458612975394,,,,
ENSG00000274253,,,,0.837037037037037,,,,
ENSG00000274265,,0.6953125,,,,,,
ENSG00000274561,,,,,0.14204545454545456,,,
ENSG00000277701,,,0.9019607843137255,,,,,
ENSG00000278291,,,,,0.03741776315789474,,,
ENSG00000278376,,,,,0.052434456928838954,,,
ENSG00000278996,0.5087618046762167,0.7722808984906913,0.5019469273186948,0.4139552091554854,0.5367131259403128,0.5500832486577703,0.5562649416397131,0.7660799340749898
ENSG00000279168,,,,0.6181818181818182,0.7649880095923262,0.2682926829268293,,
ENSG00000279668,,,0.6808510638297872,,0.5930232558139535,0.4666666666666667,,
ENSG00000279738,,0.708171206225681,0.649641577060932,0.7364197530864197,,,,
ENSG00000280441,0.4296093935271284,0.5145289839900619,0.4142591507624597,0.3492771995851941,0.36989618162951227,0.458038822259717,0.38094589742658774,0.38780829398914807
ENSG00000283103,,,,,0.03236098450319052,,,
ENSG00000283183,0.4830917874396135,,,0.4642857142857143,0.512539184952978,0.5986394557823129,,
ENSG00000283217,,,,,0.29207920792079206,,,
ENSG00000283674,,,,,,0.24615384615384617,,
ENSG00000283886,,,,,,,0.8254847645429363,
ENSG00000284691,0.36681222707423583,,0.39473684210526316,,0.5700934579439252,0.4883720930232558,,
ENSG00000284707,,,0.45,0.5357142857142857,0.5969387755102041,0.8169014084507042,0.7301136363636364,0.5411764705882353
ENSG00000285184,,,0.2222222222222222,,,,,
ENSG00000285569,0.5689655172413793,,,,,,,
ENSG00000285756,0.48507462686567165,,,,,,,
ENSG00000285976,0.5145573380867499,0.2947019867549669,0.5318725099601593,0.512779552715655,0.6079650092081031,0.5447042640990372,0.9772226304188097,0.3897058823529412
ENSG00000286125,,,,,,0.45,,
ENSG00000286264,,0.7678431372549019,,,,,,
ENSG00000286288,0.13513513513513514,,,0.3490566037735849,,0.2222222222222222,,0.09433962264150944
ENSG00000286340,,,,,0.43243243243243246,,,
ENSG00000286736,,,,,,,0.746031746031746,
ENSG00000286749,,0.8041237113402062,,,,,,
ENSG00000286755,,0.6428571428571429,,,,,,
ENSG00000286961,,,,,,,0.8303571428571429,
ENSG00000287042,,,,,,,0.3651226158038147,
ENSG00000287916,,,,0.9114285714285715,,,0.9702970297029703,
ENSG00000288658,,,,0.1568627450980392,,,0.18893528183716074,
ENSG00000288670,,,,,0.04900744416873449,,,
ENSG00000288891,0.23006833712984054,,0.5294117647058824,,0.9066666666666666,,,
ENSG00000289047,,,,,0.9402985074626866,,,
ENSG00000289178,,,,,,0.4838709677419355,,
ENSG00000289268,,,,,0.1790633608815427,,0.20809248554913296,
ENSG00000289294,,,,,0.42736842105263156,0.5588235294117647,,
ENSG00000289473,,,,0.4418604651162791,,,,
ENSG00000289586,0.80859375,,,,,,,
ENSG00000289731,0.2157968970380818,,,0.8909774436090225,0.3268876611418048,0.9186046511627907,0.23612261806130902,
ENSG00000290396,,,,0.19811320754716982,,,,
ENSG00000290450,,,,,,0.37037037037037035,0.12416555407209613,
ENSG00000290560,,0.21774193548387097,,,0.45806451612903226,,,
ENSG00000290596,,,,,,0.7404580152671756,,
ENSG00000290685,0.4661016949152542,,,,0.6773255813953488,0.6027397260273972,,
ENSG00000290803,,,,,0.36259541984732824,,,
ENSG00000290823,,,,,,0.9454094292803971,,
ENSG00000290833,,,,,0.837696335078534,,,
ENSG00000290835,0.7544338335607094,,,,0.8288016112789527,,,
ENSG00000290846,0.833729216152019,,0.8211678832116789,,0.693939393939394,0.7842323651452282,,0.8611111111111112
ENSG00000290856,,,,,,,0.9473684210526315,
ENSG00000290863,,0.5714285714285714,,,,,,
ENSG00000290924,,0.7692307692307693,,0.7466666666666667,,0.625,,
ENSG00000290928,0.1059322033898305,,,0.15813953488372093,0.45499451152579584,0.30303030303030304,0.45400108873162764,
ENSG00000290951,,,,,,0.8311688311688312,,
ENSG00000290976,,,0.9181494661921709,,,,,
ENSG00000290989,0.643312101910828,,,,,,,
ENSG00000290993,0.75,,,,,,,
ENSG00000290999,,0.5285714285714286,,,,,,
ENSG00000291003,,0.907103825136612,,0.9812680115273775,,,,0.9112149532710281
ENSG00000291041,0.592814371257485,,,,0.5714285714285714,0.5128205128205128,0.4766355140186916,
ENSG00000291055,0.12059158134243458,,0.1935483870967742,,0.3574947220267417,,0.2816041848299913,
ENSG00000291075,0.45454545454545453,0.6428571428571429,,,,,,
ENSG00000291078,,,,,,0.07692307692307693,,
ENSG00000291099,0.8157894736842105,,0.8032786885245902,,0.7366412213740458,,,
ENSG00000291100,0.7614213197969543,,,0.5974025974025974,0.5589988081048868,0.3627450980392157,,
ENSG00000291112,,,,0.8134328358208955,,,,
ENSG00000291124,,,,,,0.7,,
ENSG00000291130,,,,,0.841995841995842,,,
ENSG00000291133,0.8464566929133859,,,0.8035714285714286,0.7904328018223234,,0.8549848942598187,
ENSG00000291136,,,,0.9353233830845771,,,,0.8303571428571429
ENSG00000291142,0.6799163179916318,,,0.5958549222797928,0.1647887323943662,0.5967741935483871,0.9195250659630607,
ENSG00000291147,,,,,0.6155763239875389,,,
ENSG00000291168,,,,,0.26359832635983266,,,
ENSG00000291178,,,,,0.5216450216450217,,0.3677685950413223,
ENSG00000291181,0.25517241379310346,,0.45161290322580644,,0.7463556851311953,,0.8356374807987711,
ENSG00000291194,,,,,,,,0.73224043715847
ENSG00000291203,0.7306666666666667,,,,0.8552821997105644,0.6785714285714286,0.5502008032128514,
ENSG00000291207,0.6649916247906198,0.8230088495575221,,0.5174825174825175,0.5686465433300877,,,
ENSG00000291214,,,,,0.17095588235294118,,,0.2421875
ENSG00000291220,,,,0.35714285714285715,,,,
ENSG00000291233,,,,0.3654485049833887,0.9242105263157895,0.1,0.41774675972083747,
ENSG00000291258,,,,,0.1431818181818182,0.17777777777777778,,
ENSG00000291287,0.2680851063829787,,,,,,,
ENTPD1-AS1,,,,0.6944444444444444,,0.8970588235294118,,
ENTPD3-AS1,,,0.08064516129032258,,,,,
ENTPD4,0.9495515695067265,,,,0.8540258143822987,0.9217081850533808,,
ENTREP2,,,,,0.9354144241119483,0.8362068965517241,0.9464831804281345,
ENTREP3,,,,0.9381107491856677,0.9826812059012188,,,
ENY2,0.1071245515120451,,,0.3247863247863248,0.7261698440207972,0.15992647058823528,,
EOLA2-DT,,,,,0.5882352941176471,,,
EP300,0.8931034482758621,0.9375,,,,,,
EP400,,0.6710526315789473,,0.7631578947368421,,0.7469135802469136,,
EPAS1,,,,,,0.9703557312252964,,
EPB41,,,,0.8026315789473685,0.73046875,0.6721311475409836,,
EPB41L1,0.7733598409542743,0.6955445544554455,0.7933884297520661,0.8470806302131604,0.7949623352165726,0.7882219705549264,0.6148345251954099,0.7604290822407628
EPB41L2,0.3510287020574041,0.2604482132041187,0.967654986522911,0.493324432576769,0.5623423928271224,0.28253760627861346,0.9729216152019002,0.28713858424725824
EPB41L3,0.9312058592728224,0.9644549763033176,0.9374068554396423,0.9658246656760773,0.9863417662579543,0.9462809917355371,0.9634443541835905,0.9282051282051282
EPB41L4A-AS1,,,,,0.16666666666666666,0.09188034188034189,0.057557323350491345,
EPB41L4B,,,,,0.9744384198295895,0.932806324110672,,
EPB41L5,,,,,0.9261261261261261,,,
EPC1,,,0.8582677165354331,0.8831168831168831,,,,
EPC2,,,,,0.9007936507936508,0.656934306569343,,
EPG5,,,0.6057692307692307,0.7168141592920354,0.6632503660322109,0.6607142857142857,0.7151979565772669,0.6410256410256411
EPHA10,,,,0.8602941176470589,,,,
EPHA4,0.902502437439064,,0.906318082788671,0.9139072847682119,0.9154992217033578,,0.9241079199303742,
EPHA5,,,,0.8652482269503546,0.49858889934148637,0.5142857142857142,,
EPHA7,,,0.6229508196721312,0.5972222222222222,0.6470588235294118,0.5663716814159292,0.5270758122743683,
EPHB2,0.3435114503816794,,,0.4745762711864407,0.8708791208791209,,,
EPM2A,,,,,0.9164265129682997,,,
EPM2A-DT,,,,0.21794871794871795,,,,
EPM2AIP1,0.0632034632034632,0.3406113537117904,0.0945945945945946,0.5665445665445665,0.6218161683277962,0.44427001569858715,,0.42280285035629456
EPN2,0.7490774907749077,0.910411622276029,0.9461697722567288,0.7197943444730077,0.9469931804091755,,0.9738415545590433,
EPRS1,0.9570247933884297,,,,,,0.32142857142857145,
EPS15,0.5013082155939299,0.8471698113207548,0.9824922760041195,0.9547977795400476,0.92954658694569,0.8441196938065414,0.8821175746383503,0.967984934086629
EPS15L1,,0.6428571428571429,,,,0.8333333333333334,,
EPS8L2,,,,,0.9450980392156862,,,
ERAP1,0.5894736842105263,,0.12121212121212122,,0.39323467230443976,0.18181818181818182,,
ERBB3,,0.9791666666666666,0.5949119373776908,0.6907216494845361,0.9721882640586798,0.4015748031496063,,0.5379310344827586
ERBB4,0.9328984156570364,0.7,0.6485355648535565,0.8717948717948718,0.8925287356321839,0.8808933002481389,0.8486772486772487,0.6759259259259259
ERBIN,0.8950617283950617,0.6529786003470214,0.9103641456582633,0.8365384615384616,0.9315761448349308,,0.9444444444444444,0.9317738791423001
ERC1,,0.5545454545454546,,,0.8761980830670927,0.6051502145922747,,
ERC2,0.3585434173669468,0.41102010424422936,0.5809312638580931,0.4810183117463153,0.5600918346975444,0.9294117647058824,0.6012335746849021,0.476831091180867
ERCC1,0.34234234234234234,0.7165775401069518,,0.5518072289156627,0.5747297800969065,0.5078534031413613,0.4833922261484099,0.6551724137931034
ERCC2,0.6533864541832669,,,,0.740139211136891,0.5797101449275363,0.6844262295081968,
ERCC4,0.6560509554140127,0.1506849315068493,,,,0.5252525252525253,,
ERCC6L2,0.5645161290322581,,0.8247422680412371,,0.6042486231313926,,0.8521594684385382,
ERCC8,,,,,0.13618677042801555,,,
ERGIC2,,,0.1672473867595819,0.4838709677419355,0.11388523872098116,,,
ERH,0.8718295569834291,,,,,,,
ERICH1,0.925601750547046,0.5641025641025641,,,0.9172932330827067,0.86,,
ERICH2,0.22483221476510068,,,,,0.3013698630136986,0.6036745406824147,
ERICH3,,,,,,0.8060941828254847,,
ERLEC1,,0.9353448275862069,0.9163701067615658,0.8826764436296975,0.04155918601318429,0.9148351648351648,,
ERLIN2,,,,0.5854922279792746,0.6265206812652068,0.6413793103448275,,0.6444444444444445
ERMN,0.4160144491270319,0.6117136659436009,0.7438202247191011,0.6539473684210526,0.6170735033410609,0.6590563165905632,0.8511523687580026,0.7046413502109705
ERMP1,,,,,0.10786106032906764,,,
ERO1A,0.8445092322643343,,0.8933823529411765,0.8888888888888888,0.9017437961099933,0.8587786259541985,0.9227513227513228,0.8686440677966102
ERO1B,0.7830508474576271,,,,0.8104838709677419,0.8202247191011236,,
ERP44,,,,0.32867132867132864,0.4181184668989547,,0.16164817749603805,
ERVK3-1,,0.4863013698630137,0.9035369774919614,,0.9097472924187726,,,
ESCO1,0.8443396226415094,,,,,0.711340206185567,,
ESD,0.9295415959252971,0.9326923076923077,0.9056603773584906,0.897196261682243,0.9011152416356877,,0.8775267538644471,
ESF1,,0.72,,0.6762589928057554,,0.5619047619047619,0.8028571428571428,0.6944444444444444
ESRRG,,,0.8271604938271605,,,,,
ESS2,,,,0.10880829015544041,0.15834218916046758,,,
ESYT1,,,,,,0.9437229437229437,,
ESYT2,,,0.8979057591623036,0.9613899613899614,0.9777660137638963,0.9277456647398844,,0.8883720930232558
ETAA1,,,,,,0.27450980392156865,,
ETF1,0.7303284950343774,,,0.7689873417721519,0.8882443928847641,0.5886363636363636,0.6548451548451548,
ETFB,0.6041552761071624,,,0.5855263157894737,,,0.540708944890612,0.5547801814375436
ETFDH,,,,,0.7429805615550756,,,
ETFRF1,,,,0.96,,,,
ETNK1,0.96,,,,0.9409828356454267,,0.9543330501274426,
ETNPPL,0.8529411764705882,,0.9699346405228758,,,,,
ETS2,,0.62,,0.6442105263157895,,0.6210045662100456,0.9030144167758847,
ETV1,,,0.32926829268292684,,,0.6211180124223602,0.2518037518037518,
ETV5,,,,,0.956610515569168,0.9664948453608248,,
ETV6,,,,,,0.8333333333333334,,
EVI2A,,0.6493034524530588,,0.5635451505016722,0.6714971115245275,,,
EVI2B,,,,,0.9122516556291391,,,
EVI5,0.28121546961325966,0.8023715415019763,0.6510067114093959,0.5669144981412639,0.6788036410923277,0.7648809523809523,0.8532110091743119,0.7510917030567685
EVL,,,,0.9928104575163399,0.9874004076338707,,,
EWSR1,,,0.7537993920972644,,,,0.9618966977138018,
EXD2,,,,,,0.13855421686746988,0.052980132450331126,
EXD3,0.7861271676300579,,,0.7386363636363636,0.75,,0.7285318559556787,
EXOC1,,0.7843137254901961,0.9522058823529411,0.8888888888888888,,0.8875,0.9325227963525836,
EXOC2,0.8476190476190476,,0.8226950354609929,0.8295964125560538,0.8883968113374667,0.7417218543046358,0.9557344064386318,
EXOC3,0.9666339548577036,0.12195121951219512,,0.13559322033898305,0.11209964412811388,0.13142857142857142,0.17311608961303462,
EXOC3-AS1,,,,,0.16355140186915887,,,
EXOC4,,,,,,,0.9550673989016475,
EXOC5,0.11846318036286019,,,0.057291666666666664,0.23408845738942827,,0.09591258599757184,
EXOC6,,,,,0.8887468030690537,,0.9446808510638298,
EXOC6B,,0.6501650165016502,0.9,,0.7564988483053636,0.6484149855907781,0.9018887722980063,0.880184331797235
EXOC7,0.8810020876826722,0.9064327485380117,0.8442822384428224,,0.8176208433321906,0.8014184397163121,0.8813899097895088,0.8901098901098901
EXOC8,,,,,,0.868421052631579,,
EXOG,0.549800796812749,,0.7590361445783133,0.7279411764705882,0.7136294027565084,0.6133333333333333,,
EXOSC2,,,,,0.2177650429799427,,,
EXOSC3,0.30019120458891013,,,,0.7177197802197802,0.41228070175438597,0.36074766355140186,
EXOSC4,0.5971074380165289,,0.7295597484276729,,0.8864970645792564,0.8070175438596491,0.8729438457175269,0.8071428571428572
EXOSC6,0.7210358927760109,0.4911660777385159,0.5952380952380952,0.6968390804597702,0.809895198635145,0.7122692725298588,0.8386266094420601,
EXOSC8,,,,,,,,0.7547169811320755
EXT1,,0.4230769230769231,,0.7897727272727273,0.23218390804597702,,0.2761904761904762,
EXT2,,,0.4114583333333333,0.30454545454545456,0.2501690331304936,,0.07976190476190476,
EXTL1,0.7662517289073306,,0.7727272727272727,0.959349593495935,0.9590210586226523,0.8259109311740891,0.8051750380517504,
EXTL2,,0.6447368421052632,,0.8042959427207638,,0.7601156069364162,,
EXTL3,,,,,0.0400427122263748,0.04406779661016949,0.05963302752293578,
EZH1,,,,,,,0.9526315789473684,
EZR,0.9144079885877318,,,,0.9711670480549199,0.9009345794392524,0.9285714285714286,0.952054794520548
F8,,,,,,0.8548387096774194,,
FA2H,,0.9817578772802653,,,0.9941077441077442,,,
FAAP20,0.9590909090909091,0.2483221476510067,0.20833333333333334,0.9439252336448598,0.2433405327573794,0.14979757085020243,,0.1978798586572438
FABP3,0.7047413793103449,0.22413793103448276,0.7066666666666667,0.7617504051863857,0.8524950099800399,,,
FABP5,,0.7052631578947368,,,,,,
FABP7,0.7470159151193634,,,,0.8289473684210527,,0.9046490968315073,
FADS1,0.9591584158415841,0.84,,0.8386454183266933,0.8412593571114046,0.6811594202898551,,
FADS2,,,,,0.9875478927203065,,,
FAF1,0.36211453744493394,,,,0.5766016713091922,0.16744186046511628,,
FAF2,,,,,,0.8679245283018868,,0.8859060402684564
FAHD1,0.6341829085457271,0.5277777777777778,0.521505376344086,0.5864978902953587,0.5936395759717314,0.7129186602870813,0.6434859154929577,
FAHD2A,,0.18120805369127516,0.15625,,0.1482371794871795,0.18433179723502305,0.19041095890410958,
FAIM2,0.5950294152959539,0.7219251336898396,0.7531577047997113,0.7038269550748752,0.9013887393691463,0.6942238267148014,0.9955061229075385,0.9422222222222222
FAM104A,,,,0.6792452830188679,0.6258596973865199,,,0.5081967213114754
FAM104B,,0.68,,,0.7449238578680203,,0.7467948717948718,
FAM107A,0.9358871614040711,0.9895625138796358,0.6861072423398329,0.6460209520308767,0.6933857568647346,0.5437997724687145,0.6383039109950616,0.6676266527032334
FAM107B,0.8095238095238095,0.7928221859706363,0.9160063391442155,0.9035369774919614,0.952641878669276,0.8986486486486487,0.9514148424986653,
FAM110B,,0.71875,,0.7797101449275362,0.7571428571428571,0.7982062780269058,,
FAM114A2,,,,0.2786885245901639,0.4205128205128205,0.647887323943662,,
FAM120A,,,,,0.9703903095558546,,,
FAM120AOS,0.9102990033222591,,0.2235294117647059,0.30612244897959184,0.2845953002610966,0.31954887218045114,0.1549738219895288,
FAM120B,,0.8476190476190476,,0.9638157894736842,,0.9354838709677419,0.9327217125382263,
FAM120C,0.8963963963963963,,,0.7946428571428571,0.7673130193905817,,,
FAM124A,,0.8012820512820513,0.8870967741935484,,0.8650754992693619,0.9056603773584906,0.6040329972502292,
FAM131A,0.6832036316472114,0.5251798561151079,0.6086956521739131,0.6290630975143403,0.5843536003320191,0.5707364341085271,0.6769128704113224,0.562200956937799
FAM131B,,,0.9017013232514177,,,0.9080962800875274,0.9824922760041195,
FAM133A,,,,0.292817679558011,,0.23497267759562843,,
FAM133B,,,,,0.729497054825555,,,0.2988505747126437
FAM135A,,,,0.9310344827586207,,,,
FAM136A,,0.8142857142857143,0.8157894736842105,0.7835365853658537,0.7726027397260274,,,0.75
FAM13A,0.07979407979407979,,,,0.9548054919908466,0.0992063492063492,0.9654022509378908,
FAM13A-AS1,,,,,0.4010152284263959,,,
FAM13B,,,0.9427083333333334,0.8522012578616353,0.8967772069126576,0.946969696969697,,0.7699115044247787
FAM13C,,0.7916666666666666,0.9055793991416309,0.6,0.9029322548028311,0.8461538461538461,0.9484425349087003,
FAM149A,0.7275,,,0.8555555555555555,0.8812095032397408,0.8157894736842105,0.7468030690537084,
FAM149B1,0.5517241379310345,,,,,,0.7083333333333334,
FAM151B-DT,0.6383763837638377,,,0.7238095238095238,,0.71,0.7727272727272727,
FAM153A,,,,0.8666666666666667,,,,0.5961538461538461
FAM153CP,0.0778371954842543,,,,0.09045504994450611,,0.2520224019912881,
FAM156A,0.7867435158501441,,,,0.950523311132255,,,
FAM161A,,,,,0.8390804597701149,0.5436893203883495,,
FAM161B,0.8689516129032258,,,,0.9315300084530854,0.864516129032258,,
FAM162A,0.17729688686408504,0.1542056074766355,0.35700197238658776,0.28532235939643347,0.2979181622397703,0.2756183745583039,0.8146982599037393,0.35456475583864117
FAM168A,0.8756923076923077,,,,,,,
FAM168B,,,,0.9725609756097561,,,,
FAM169A,,0.9124087591240876,,0.9821109123434705,0.9612719119445576,,,0.940983606557377
FAM171B,0.929299572509043,,0.9393665158371041,0.9300554016620498,0.9378248315688161,0.9248188405797102,0.9427357937902754,0.9755011135857461
FAM172A,0.9327433628318584,,0.900523560209424,0.9157303370786517,0.8792626728110599,0.8611111111111112,0.8454288407163054,
FAM177A1,0.8967495219885278,0.43359375,0.8636363636363636,0.7085714285714285,0.89395070948469,0.6722408026755853,0.37408568443051204,0.5508474576271186
FAM178B,0.3157894736842105,,,,0.8056872037914692,,,
FAM184A,,0.7049180327868853,,0.9176470588235294,0.7947214076246334,0.8713450292397661,0.9471744471744472,
FAM184B,,0.76,,,0.44954128440366975,,,
FAM193A,0.7142857142857143,,,,,,,
FAM199X,,,,0.949238578680203,0.947872748179379,0.9267139479905437,,0.9722222222222222
FAM200A,0.7989130434782609,,,,0.8064516129032258,,,
FAM200B,0.655786350148368,0.22987164527421236,0.33707865168539325,0.19473684210526315,0.38400922544685756,0.5358711566617862,0.2668278919790407,0.3450134770889488
FAM200C,,,,,0.34987593052109184,,,
FAM204A,0.5521064301552107,,0.2542372881355932,0.5384615384615384,0.7283950617283951,0.6483180428134556,0.6986040609137056,0.5923076923076923
FAM20B,,,,,,0.9202127659574468,,
FAM210A,0.6569037656903766,,,0.6071428571428571,0.6568627450980392,,0.2706422018348624,
FAM210B,,,,,0.9522357723577236,0.9345454545454546,,
FAM217B,,0.6059602649006622,0.7162576687116564,0.7053264604810997,0.7451772095109914,0.8337182448036952,0.9478595763590579,0.888
FAM219A,,,,,0.9703196347031964,,,
FAM219B,0.720125786163522,,0.7066115702479339,0.7470588235294118,0.7654320987654321,0.6916666666666667,,0.824390243902439
FAM222B,,,,,0.6998087954110899,,0.5168539325842697,
FAM228B,0.9253859348198971,0.95578231292517,,0.9328859060402684,0.8018549747048904,0.9182389937106918,0.9156486329261199,
FAM234A,,,,,0.40750528541226216,,,
FAM234B,0.9757028809441166,,,0.056962025316455694,0.06605554057697492,0.07348703170028818,,
FAM32A,0.9432821943282195,,,0.7159090909090909,0.9470359572400389,,,
FAM3C,0.81,,0.8260381593714927,0.8174904942965779,0.8146766169154229,0.9494071146245059,0.7332911392405064,0.7811594202898551
FAM50A,,,,,0.5031568722680914,,,
FAM76A,0.7423312883435583,,,,,0.7661290322580645,,
FAM76B,,,,,0.9337606837606838,,,
FAM81A,0.42507781236104936,0.5428571428571428,0.3869653767820774,0.9763374485596708,0.9860575496885198,0.9396433470507545,0.5238095238095238,0.3544973544973545
FAM86DP,,,,,,0.39285714285714285,0.5154639175257731,
FAM8A1,,,,0.9419191919191919,,,,
FAM91A1,,,,,,,0.9254013220018886,
FAM98A,,,,,,,0.014568158168574402,
FAM98B,0.6024930747922438,0.5815602836879432,,0.648590021691974,0.17192331478045764,,0.20883054892601433,
FAN1,0.9601820250284414,,,0.8578431372549019,0.9264270613107822,,,
FANCB,,0.855072463768116,,,,,,
FAR1,0.6975903614457831,0.9418181818181818,0.6863753213367609,0.9769585253456221,0.9191397849462366,0.6271186440677966,0.8099875156054931,0.6832579185520362
FAR2,0.6869070208728653,,,,0.7585886722376973,0.6949152542372882,0.2087067861715749,
FARP1,0.693,0.5916666666666667,0.8925081433224755,0.6473880597014925,0.6255252100840336,0.7261904761904762,0.6044732195409064,0.6132596685082873
FARSB,,0.7956989247311828,0.05211726384364821,,,0.04194260485651214,,
FASTKD1,,,,0.8403361344537815,,,0.8767123287671232,
FASTKD2,0.55765595463138,0.5,,0.7525773195876289,0.7132616487455197,0.7038327526132404,0.6966161026837806,
FAT3,,,,,0.9574961360123647,0.9449838187702265,0.9654073736913974,
FAXC,0.5097813578826237,,,0.16,0.6232804232804233,0.5727848101265823,,
FBL,,0.869983948635634,,,0.22715125601282737,,0.2553699284009546,
FBLN1,0.34772182254196643,,0.3262411347517731,0.42934782608695654,0.6389324960753532,0.36879432624113473,0.6171052631578947,
FBRS,,,,,0.9755043227665706,,,
FBRSL1,0.7456279809220986,0.7870370370370371,0.8601398601398601,,0.9275747508305647,0.7391304347826086,,0.7323232323232324
FBXL14,,0.15625,,,0.19896831245394253,0.5714285714285714,0.17926186291739896,0.14685314685314685
FBXL17,0.9763779527559056,,0.9445350734094616,0.9318423855165069,0.9658307210031348,0.9632183908045977,0.9783931193622823,
FBXL18,,,,,,0.8742138364779874,0.916767189384801,
FBXL2,0.08448928121059268,,0.12087912087912088,,0.09904153354632587,0.06545454545454546,0.03871748336358137,
FBXL20,,,,0.8642857142857143,,,,
FBXL3,0.8384502923976608,,0.9523809523809523,0.9627831715210357,0.9826625386996904,,,
FBXL4,,0.2909090909090909,,0.4523809523809524,0.29210526315789476,,,
FBXL5,0.17114568599717114,0.17134831460674158,0.9751243781094527,0.16558018252933507,0.18235584031542632,0.9516407599309153,0.12889486662183366,0.1837270341207349
FBXL7,,0.8454545454545455,,,0.8380765456329735,0.7236842105263158,,0.8444444444444444
FBXO11,0.7470067673086934,,0.7297297297297297,0.952088452088452,0.9301268245991864,0.9699115044247788,0.9421619465496609,0.916083916083916
FBXO17,0.7571428571428571,,,,,,,
FBXO2,,0.03763440860215054,,0.008934269304403318,0.014540922309929373,,0.007828655834564255,
FBXO21,0.8069686411149826,0.49812734082397003,,0.7742290748898678,0.8471040351358771,0.6741214057507987,0.031805425631431246,
FBXO22,0.2532894736842105,,,,,,0.18556701030927836,
FBXO25,0.8378378378378378,0.7252747252747253,,0.7848837209302325,0.35625517812758906,0.26865671641791045,,
FBXO27,,,,,,0.9371428571428572,,
FBXO28,,,0.6595744680851063,0.946031746031746,0.8091803278688524,,,
FBXO3,0.6286422814631122,,,0.8961424332344213,0.7764558547276142,0.9297520661157025,0.8040943986352005,
FBXO30,0.44933920704845814,,0.4117647058823529,,0.5828313253012049,0.504950495049505,,0.43373493975903615
FBXO31,,0.28695652173913044,,,0.16815476190476192,0.12237762237762238,,0.23904382470119523
FBXO32,0.5525423728813559,0.8898305084745762,0.5714285714285714,0.9724310776942355,0.3855776306107432,0.5138888888888888,0.5646457268078889,
FBXO33,0.72648835202761,0.5882352941176471,0.554006968641115,0.6701680672268907,0.6952908587257618,,0.7245215843346684,0.532608695652174
FBXO34,0.05181347150259067,,,,,,,
FBXO42,0.6618705035971223,0.3548387096774194,,0.42483660130718953,0.4023952095808383,0.1134020618556701,,
FBXO44,0.0975609756097561,,0.10869565217391304,0.10352941176470588,0.959349593495935,0.9754335260115607,0.07966457023060797,0.03991596638655462
FBXO45,,,,0.868995633187773,0.2567102546455609,0.33905579399141633,0.25508819538670285,
FBXO7,0.9275053304904051,,,,,,,
FBXO8,,0.16279069767441862,,,,0.19480519480519481,,
FBXO9,0.7461024498886414,0.17525773195876287,0.18857142857142858,0.9601139601139601,0.9412756392245013,0.8145695364238411,0.31185983827493263,
FBXW11,,,0.980806142034549,,,0.9593837535014006,,
FBXW2,0.524390243902439,0.8450704225352113,,0.7101449275362319,0.8116028708133971,0.6262135922330098,0.5165562913907285,
FBXW7,0.8062311238276904,,0.9413333333333334,0.7858336117607752,0.9086021505376344,0.9289036544850499,0.8083484573502723,
FCHO2,0.7214611872146118,,,0.649746192893401,0.7504051863857374,,,
FCHSD1,,,,,0.4636363636363636,,,
FCHSD2,,0.937888198757764,0.8783783783783784,,,,,
FDFT1,0.9706927175843695,0.8589894242068156,0.9410977242302544,0.9714525608732157,0.9542647058823529,0.9877600979192166,0.9507091374099047,0.8741092636579573
FDPS,,,,,,,0.6980880391285016,
FDX1,0.46153846153846156,0.6712328767123288,,,0.7841444270015698,0.7225130890052356,,0.7867647058823529
FECH,0.3959537572254335,0.25806451612903225,,,0.1825813221406086,,0.22156398104265404,
FEM1A,,,,0.10493827160493827,0.12143742255266418,0.12280701754385964,,
FEM1B,,,,0.9887410440122825,0.9643818595982605,0.9734299516908212,0.9699981248828051,
FEM1C,0.45611015490533563,0.6442307692307693,,0.5091575091575091,0.5548076923076923,,0.4700162074554295,
FER,0.5806451612903226,0.4945054945054945,0.84,0.73,0.9397217928902627,0.4632352941176471,,0.8
FERMT2,0.9325626204238922,0.8321678321678322,,0.9158878504672897,0.9382591093117408,,0.9030944625407166,
FEZ1,0.7398726851851852,0.8983899821109124,0.8144776766363242,0.782925782925783,0.7283517974225638,0.7707170459424646,0.6983888722105474,0.8007874015748031
FEZ2,0.7490144546649146,0.5655526992287918,0.6923076923076923,,0.8276102088167053,,,0.8454545454545455
FFAR4,0.29,,,,,,,
FGD5-AS1,0.9060745278203165,0.9113207547169812,0.9778393351800554,0.961768219832736,,0.9047058823529411,0.9602360981671326,
FGF1,0.6924540266328472,0.8355048859934854,,0.8188976377952756,0.9549221750555893,0.8,,0.8934240362811792
FGF12,0.9863696808510638,0.7478991596638656,0.8710247349823321,0.9539045553145337,0.9182756324900133,0.9447779111644657,0.8993545784590561,0.7507788161993769
FGF13,0.1348098218584497,,0.18376068376068377,0.17200674536256325,0.14042553191489363,0.9182948490230906,0.22880690737833595,0.22842639593908629
FGF14,0.6564885496183206,0.11926605504587157,0.4983922829581994,0.2751677852348993,0.5937624950019992,0.3367768595041322,0.4556603773584906,0.25
FGF14-IT1,,,,0.2028985507246377,,,,
FGF2,,,,,0.8783958602846055,0.7914438502673797,,
FGF9,,,,,0.9233716475095786,0.26153846153846155,0.8032036613272311,
FGFR1,,,0.37453183520599254,,,0.4263959390862944,,0.1968503937007874
FGFR1OP2,0.45856634468734114,0.8544776119402985,0.44583333333333336,0.5078585461689588,0.9191016662641874,0.9222065063649222,0.4916103726302027,0.44106463878326996
FGFR2,,0.44758432087511396,0.6893333333333334,0.7280701754385965,0.5162675474814203,0.8073089700996677,0.6967084639498433,0.7977941176470589
FGFR3,,,,,,,0.9881476464612259,
FHIP2A,,,,,,0.8744186046511628,,
FHIT,,0.7674418604651163,,,,,,
FHL1,,,0.9442815249266863,,,0.9888123924268503,,
FIBIN,,,0.14782608695652175,,,,,
FIBP,,,,,,0.8389121338912134,,
FIGN,,,,0.8404255319148937,0.8069381598793364,,,
FILIP1,,,,,0.41627906976744183,,,
FIP1L1,,0.632258064516129,0.3248730964467005,0.8554913294797688,0.8747949699289229,,0.36688505062537224,
FIS1,0.9317427915284512,0.944037308461026,,,,,,
FKBP1A,0.9483976099945681,,0.9846278317152104,,0.9579416918910307,,,
FKBP3,0.6480709071949948,,0.7241379310344828,0.7928286852589641,0.8353889943074004,0.3474903474903475,,0.41195476575121165
FKBP4,,0.947119924457035,0.9547101449275363,,,0.9386189258312021,,
FKBP5,,0.9103139013452914,,0.952076677316294,0.9507246376811594,,0.8882272102611085,
FKBP8,,,,0.9728779507785033,,,,0.9779040404040404
FKTN,0.8407079646017699,,,,,,,
FLAD1,0.5953488372093023,,,,0.5617214043035108,0.5533333333333333,0.5464684014869888,
FLCN,,0.8211382113821138,,,0.896774193548387,0.8647058823529412,,0.5432692307692307
FLNB,,,,0.8679245283018868,,,,
FLOT1,,0.9777397260273972,,,,,0.991074616208497,
FLRT2,0.8816466552315609,0.717948717948718,0.9035087719298246,0.797244094488189,0.9234657039711192,0.9632107023411371,0.11098265895953757,
FLRT3,,,,,,,0.8465679676985195,
FLT1,,0.6126760563380281,,0.6074074074074074,0.24947442186405044,,0.6828729281767956,0.64
FLVCR1,,,,,0.6566523605150214,,,
FLYWCH1,,,0.0804953560371517,,,,,
FMN1,0.6615384615384615,0.5151515151515151,,0.9137931034482759,,0.6688741721854304,,
FMN2,0.8670588235294118,0.6585365853658537,0.834375,0.8818011257035647,0.9486598716496791,0.7448275862068966,0.8226843100189036,0.825
FMNL1-DT,,,,,0.7414965986394558,,,
FMNL2,0.8682123245881636,0.8915989159891599,0.9414316702819957,0.9256678281068524,0.9622703954989243,0.974320241691843,0.9120301985885443,0.9330855018587361
FMR1,0.7111506524317912,0.6401673640167364,,0.813200498132005,0.9786309308221659,0.9508196721311475,0.9694464414090582,0.7718832891246684
FN1,,,,0.9624505928853755,,,,
FNBP1,,0.7483296213808464,0.940809968847352,,0.9756225425950197,0.8644688644688645,0.9143876337693222,0.8383838383838383
FNBP1L,,,,,0.9411764705882353,,,
FNBP4,,,0.917910447761194,0.884393063583815,0.9528619528619529,,0.9488459139114162,
FNDC3A,,,,,,0.9153094462540716,,
FNDC9,0.8842105263157894,,,,,,0.8154613466334164,
FNIP1,,,,,0.956989247311828,0.8878504672897196,,
FNIP2,0.8711048158640227,0.6632653061224489,0.930327868852459,,0.9222614840989399,0.7765042979942693,0.9771622934888241,0.7687687687687688
FNTA,,,,,,,0.911364633611233,
FNTB,,,,,,,,0.8235294117647058
FOCAD,,,0.9378238341968912,,0.9754148740012293,,,
FOLH1,,0.863905325443787,,,0.868421052631579,,,
FOS,,0.960552268244576,,,,,,
FOSL2,0.8135593220338984,0.816793893129771,,0.8202764976958525,0.9395604395604396,0.8,,
FOXG1,0.8778838504375497,,0.06334841628959276,,,,,
FOXJ3,,,,,,,0.942907334211682,
FOXK2,0.30434782608695654,0.6521739130434783,0.4864864864864865,0.4517241379310345,0.7178909418657052,0.6370967741935484,0.26293558606124606,
FOXN2,,0.8986175115207373,,,,,,
FOXO3,,0.792147806004619,0.8637640449438202,0.9775943396226415,0.9109342915811088,,0.8683772867664529,0.8152610441767069
FOXP1,0.7350427350427351,0.9586206896551724,0.7335329341317365,0.6195190947666195,0.8847487001733102,0.7339246119733924,0.8243297318927572,0.9211711711711712
FOXP2,,,,,0.7159383033419023,,,
FOXRED2,,0.8867924528301887,0.8850574712643678,0.8448844884488449,0.7754293262879789,,,0.898876404494382
FPGS,,,,0.1839080459770115,0.7664630006788866,,0.5172413793103449,0.5180722891566265
FPGT,,,0.6170212765957447,,0.3854166666666667,,,
FRA10AC1,0.39972714870395637,0.7112375533428165,,0.4507628294036061,0.6166726042037762,0.5741758241758241,0.6666666666666666,0.5650741350906096
FRAS1,,,,,0.7762237762237763,,,
FRG1,,0.4405797101449275,,,,,,
FRMD3,0.5168539325842697,,,,0.617816091954023,,,
FRMD4A,,0.7936507936507936,0.60828025477707,0.8611111111111112,0.8667225481978206,0.6268221574344023,0.20724686759227903,0.5476190476190477
FRMD4B,,0.8504983388704319,,,0.9070718877849211,,0.5306122448979592,
FRMD5,0.8235294117647058,0.6940639269406392,0.5432692307692307,0.5956521739130435,0.7877747252747253,0.29508196721311475,0.7038961038961039,
FRMD6,,,,,,0.810126582278481,,
FRMPD4,0.7579281183932347,0.803921568627451,0.730593607305936,0.814317673378076,0.8854555141182738,0.8058608058608059,0.7535353535353535,0.5491329479768786
FRRS1L,0.9468546637744034,,,0.9758281110116384,0.9758473716257358,0.9540540540540541,0.9371136218290343,0.897887323943662
FRS2,,0.40625,,0.391304347826087,0.9653102068045364,0.4188034188034188,0.8915989159891599,0.32432432432432434
FRS3,,,0.8153846153846154,,,,,
FRY,0.05653710247349823,,,,,0.04206500956022945,0.9755483638978785,
FRYL,,0.9201388888888888,0.6766467065868264,0.7572463768115942,0.9709302325581395,0.8888888888888888,0.849227974568574,
FRZB,0.5051813471502591,,,,0.6557377049180327,0.6709677419354839,0.5836909871244635,
FSD1,,0.884393063583815,,,0.7542932628797886,,,
FSD1L,0.5313059033989267,,0.8764044943820225,0.21468926553672316,0.49299926308032427,0.5211267605633803,0.5553830227743272,0.6120689655172413
FSTL4,,,,,0.8873239436619719,,,
FSTL5,,,,,,,0.8993808049535603,
FTCD,,,,,,0.5,,
FTCDNL1,,,,,0.6482213438735178,0.5641025641025641,,0.5681818181818182
FTH1,0.8131948580504268,0.9972014594920118,0.8920346320346321,0.6352763997165131,0.8499588874822172,0.9054532105192898,0.8571619217081851,0.9225283999317264
FTL,0.8815957883551885,0.8852092503318661,0.9315321983715766,0.9751805327993204,,,0.9194258616309594,0.6533007530844416
FTO,,,,,0.9587002733070149,,0.9840344652812976,
FTSJ1,,0.671875,,,0.8739393939393939,,0.9328947368421052,
FTX,,0.6666666666666666,0.5875370919881305,0.4048913043478261,0.5783040488922842,0.5880149812734082,0.6116035455278002,0.7816377171215881
FUBP1,0.9709241952232607,0.7109004739336493,0.6270491803278688,0.6412429378531074,0.3711151736745887,0.8860759493670886,,
FUNDC1,,,,,,,0.9740340030911901,
FUNDC2,,0.029177718832891247,0.02756892230576441,,0.08386075949367089,,,
FUS,,,,0.9869668246445498,,,,
FUT11,0.674863387978142,0.7176470588235294,,,0.9013888888888889,,0.9421560035056967,
FUT4,,,,,0.4927536231884058,,,
FUT8,0.21653543307086615,0.6805555555555556,0.9352941176470588,0.12206572769953052,0.9830885625278148,0.1595744680851064,,
FUT9,0.82319255547602,,,0.964824120603015,0.9837317397078353,0.9083333333333333,0.9445983379501385,0.9438202247191011
FXR1,0.6342592592592593,0.8436018957345972,0.9587628865979382,0.16502463054187191,0.6443298969072165,0.49875311720698257,0.3738814317673378,0.8412698412698413
FXYD6,,,,0.9911556603773585,0.9855775897933713,,0.9764083411142235,
FYN,0.14260249554367202,0.8966346153846154,0.18373493975903615,0.17117117117117117,0.9194915254237288,0.9245014245014245,0.937836514929026,0.972972972972973
FYTTD1,0.9394261424017003,,,0.9454545454545454,0.9211099020674647,0.8956521739130435,0.06551952349437459,
FZD3,0.8958333333333334,,,0.9420289855072463,,,0.826239887442842,
FZR1,0.7327188940092166,,0.450199203187251,0.3598326359832636,0.31305449936628643,0.3292181069958848,0.3320581484315226,0.2891566265060241
G2E3,,0.5384615384615384,,,,,,
G3BP1,,0.27876106194690264,0.2073170731707317,,0.12284588872476612,0.18275862068965518,0.24931693989071038,
G3BP2,0.9833202511773941,,0.9794117647058823,0.9781399046104928,0.9909397142525265,0.9215384615384615,0.9561875480399693,
GAA,,,,0.9674556213017751,,,,
GAB1,0.5736961451247166,0.5060869565217392,,0.5348837209302325,0.41648177496038036,0.6428571428571429,0.5955819881053526,
GAB2,,0.9491525423728814,,,,,,
GABARAP,,,0.8928853754940711,,,,,
GABARAPL1,0.9145614035087719,0.9180722891566265,0.9390708301599391,0.9845446950710108,,0.9226953286482017,0.9718293257897218,0.9351585014409222
GABBR1,,0.9648351648351648,0.9808917197452229,0.9713330148112757,0.9868770068407092,,0.967209162145871,0.9680412371134021
GABBR2,0.8551988092706783,0.952054794520548,0.8873128447596532,0.9846340477153255,0.7943691619523747,0.8729179518815546,0.7767525310777906,0.9730722154222766
GABPB1-AS1,,0.7592592592592593,0.78,,0.4881656804733728,0.6491228070175439,,
GABPB1-IT1,,,,,0.2358974358974359,,,
GABRA1,0.9654944473823374,,0.9798387096774194,0.7784546328951587,0.7836548883589854,0.9563419117647058,0.9967955565050203,
GABRA2,0.28160484481453446,,0.8154362416107382,0.709731543624161,0.8350617283950618,0.5827464788732394,0.8686654284956222,0.8382838283828383
GABRA4,0.8824817518248175,,0.7927927927927928,0.9067796610169492,0.9396709323583181,0.9140893470790378,0.9326818675352877,
GABRB1,,,,,,,0.574468085106383,
GABRB2,0.6893363468255599,0.4032258064516129,0.8399720475192173,0.8682089029092184,0.8715062111801242,0.8211895910780669,0.9532797607923753,
GABRB3,0.9446955596915714,0.708994708994709,0.9835575485799701,0.960822722820764,0.9341783411162997,0.9381067961165048,0.9397897419560369,0.9017857142857143
GABRG1,0.7254447022428461,0.8095238095238095,0.9045801526717557,0.9644549763033176,0.621123595505618,,0.943104514533086,0.6420118343195266
GABRG2,0.7847899661556839,,0.9048192771084337,0.7843843843843844,0.8016126789934659,0.7582121701669359,0.7151304347826087,0.9084507042253521
GABRG3,0.754863813229572,,,,0.9516129032258065,,0.9099901088031652,
GAD2,0.8869936034115139,,,,0.9241228070175439,,0.9783748361730014,
GAL3ST3,,,,,0.06474820143884892,,,
GALNS,0.8343949044585988,,,,,,,
GALNT1,,,,,0.2308385933273219,0.27906976744186046,,0.18548387096774194
GALNT11,0.9746657283603096,,0.9484536082474226,,,,,
GALNT13,,,,0.6545454545454545,0.6117136659436009,0.5609756097560976,,
GALNT15,0.2864321608040201,0.4405940594059406,0.7538940809968847,,0.5730918499353169,0.14285714285714285,0.46790409899458624,
GALNT2,0.8978102189781022,,,,,,0.8945260347129506,
GALNT4,,,,,0.7763157894736842,,,
GALNT8,,,0.07865168539325842,,0.03705263157894737,,0.05625,
GAMT,0.8386641580432738,,,0.9242174629324547,0.8715447154471545,,0.9557453416149069,
GAN,0.7364341085271318,0.5742574257425742,0.7615894039735099,,,0.5899280575539568,0.797979797979798,
GAP43,0.9983848864526234,,,0.77892428737263,0.7670014520813165,0.8084852818496008,,
GAPDH,0.9714714714714715,,0.987386201601404,,0.9761229362666068,0.9917858660246424,0.9795779441797141,
GAPVD1,0.8947368421052632,,0.8571428571428571,,0.8596491228070176,0.8741721854304636,0.9114285714285715,
GAREM1,,,,,0.8074745186862967,,,
GAREM2,,,,,0.873015873015873,,,
GARNL3,,0.8604651162790697,,,,,,
GARRE1,,0.7613636363636364,,,,,,
GARS1,,,,,,0.9758064516129032,,
GARS1-DT,,,,,0.8739130434782608,0.6976744186046512,,
GART,,,,,0.35911602209944754,0.5137614678899083,0.3020979020979021,
GAS5,,,,0.9552102376599635,,,,
GAS7,0.9860796374231143,0.8959537572254336,,0.9710031347962382,0.9819736108530013,0.9839385474860335,0.9729374177786131,
GAS8,,,0.6209677419354839,0.6172248803827751,0.6441176470588236,0.6146788990825688,,
GASK1A,,,,,0.34065934065934067,0.5,,
GATAD1,,,0.8584905660377359,0.28125,0.740979381443299,0.6271929824561403,0.42771084337349397,
GATAD2A,,,0.2413793103448276,,,,,
GATAD2B,,0.5540540540540541,0.6550218340611353,,0.6305841924398625,0.6057692307692307,0.4021669853409815,0.5914634146341463
GATC,,0.5564516129032258,,,0.910124526258798,,0.8072487644151565,
GATD1-DT,,,,,,0.4725274725274725,,
GATD3,,,,,0.974268177525968,,,
GATM,,,0.9860821155184412,,,,,
GCA,,0.07075471698113207,,0.15457413249211358,0.2083873757025508,0.20384615384615384,0.3103064066852368,
GCC2,0.6257668711656442,,0.6484641638225256,0.4980392156862745,0.7984469952734639,0.23803827751196172,,0.6983240223463687
GCFC2,0.8403361344537815,,0.4827586206896552,,0.5149051490514905,,0.7730769230769231,
GCLC,,0.8523809523809524,0.6941747572815534,0.8152610441767069,0.9742967992240543,0.8434782608695652,,0.7474747474747475
GCLM,0.5794392523364486,,,,0.6199649737302977,0.553072625698324,,0.5871559633027523
GCNT1,,,,,0.556135770234987,,,
GCSH,,,0.7257824143070045,,0.8010351966873706,0.7528089887640449,,
GDA,,,,,,,0.9637707281903388,
GDAP1,0.9213665943600867,,0.05014749262536873,0.5596330275229358,0.7941993211971614,0.06480117820324006,0.22565687789799072,
GDAP1L1,,,0.17699115044247787,,0.3123425692695214,0.10317460317460317,,
GDE1,0.5189283634245777,0.7542997542997543,0.6642857142857143,0.6633380884450785,0.7517960998973657,0.6487341772151899,0.6799669785360485,0.6814814814814815
GDF1,0.3893756845564075,0.6280834914611005,0.6781115879828327,0.49939686369119424,0.630224418365246,0.6268436578171092,0.4493638676844784,0.6830102622576967
GDF11,0.7530864197530864,0.7,0.625,,0.6962962962962963,,0.634020618556701,0.6666666666666666
GDI1,0.9927041111754488,,,,0.9516996981231133,,,
GDI2,,0.9806259314456036,0.9625935162094763,,,,0.9734783438275139,
GDPD1,,,0.7151515151515152,0.7948717948717948,,0.6761363636363636,,
GEMIN6,,0.6666666666666666,,,0.2718832891246684,,0.3546099290780142,
GEMIN8,,,0.5245901639344263,,0.4759725400457666,0.39325842696629215,0.8123324396782842,
GET4,0.7715311004784688,,0.7507246376811594,0.7670329670329671,0.7923930269413629,0.7084468664850136,0.7589098532494759,
GFAP,0.9279133075070674,0.9702057613168724,0.9715565945840638,0.9800765327343814,0.9793170900094929,0.9689492237305932,0.9688993985503521,0.9775357078286024
GFER,0.47019867549668876,0.6842105263157895,,0.2653061224489796,0.631578947368421,0.3950617283950617,,
GFM1,,,,0.8949579831932774,,0.7065637065637066,,
GFM2,0.8774289985052317,0.8461538461538461,,,0.7821043910521955,,,
GFOD1,0.9604005461993628,0.5,0.9535864978902954,,0.9602003162888771,0.9537166900420757,0.9694899817850637,0.42531120331950206
GFOD2,,,0.7971014492753623,,0.8744239631336406,0.7401129943502824,,0.5769230769230769
GFPT1,,,0.7333333333333333,0.7192118226600985,0.8881889763779528,0.6746031746031746,,
GFRA2,,,,,0.9727164887307236,,,
GGA2,0.6424870466321243,0.5555555555555556,0.4411764705882353,,0.58743961352657,0.8873239436619719,,0.5921052631578947
GGCX,,0.7111111111111111,0.6162790697674418,0.7032258064516129,0.5814144736842105,,0.7730337078651686,
GGH,0.85,,,,,,,
GGNBP2,,0.5260115606936416,0.7741935483870968,0.9650959860383944,0.9813857290589452,,0.949645390070922,0.7351351351351352
GGPS1,,0.26548672566371684,0.8702928870292888,0.941747572815534,,0.21509433962264152,0.8920308483290489,
GGT7,,0.8125,,,,,0.8982398239823982,
GGTA1,,,,,0.7876288659793814,,,
GHITM,0.8301039697542533,0.877906976744186,0.01507537688442211,0.8968166849615807,0.8778923439149143,0.9681846537741734,0.8546198363600079,0.9194977843426884
GID8,,0.6056338028169014,,,0.7058823529411765,0.7450331125827815,,0.7
GIGYF1,,,,,,,0.9590958019375673,
GIGYF2,,0.6438356164383562,,,,,0.4946236559139785,
GIHCG,,,,0.037383177570093455,,,,0.6140350877192983
GIMAP4,,,0.8674698795180723,0.8,,0.546875,0.6794258373205742,
GIMAP7,,,,,,0.5172413793103449,,
GIN1,0.19072164948453607,,,,0.5981308411214953,,,
GINM1,,,,,,0.4935483870967742,,
GIPC2,,,0.8478260869565217,0.7713004484304933,,0.7941176470588235,0.03910614525139665,
GIT2,,,,,0.8797512093987561,,,
GJA1,,,,0.9936176385262547,0.9455208570777297,,,
GJD2-DT,,,,,0.33064516129032256,,,
GK,,,,,0.6263736263736264,,,
GK5,,,,,0.864,,,
GKAP1,0.5348101265822784,,,0.5411255411255411,,0.6814516129032258,,0.5341614906832298
GLB1,0.6995073891625616,0.578125,,0.5791139240506329,0.6112342941611234,0.6958333333333333,0.6264367816091954,
GLB1L3,,,,0.48333333333333334,0.22851153039832284,0.4461538461538462,0.9293478260869565,
GLCCI1,,,0.8579881656804734,0.91015625,,0.8010204081632653,,0.7678571428571429
GLDN,,,,,0.9118923611111112,,,
GLG1,0.6008333333333333,0.4665127020785219,0.601115760111576,0.8986866791744841,0.9859531772575251,0.970193740685544,0.9922789539227895,0.6039215686274509
GLIPR1,,,,,0.8688524590163934,,,
GLIPR2,,0.8137254901960784,,,0.9229144667370645,,0.8517587939698492,
GLIS3,,,,0.4222222222222222,,,,
GLMN,,,,0.8910891089108911,,0.7758620689655172,,
GLMP,,,,0.2403846153846154,0.17880794701986755,0.2595419847328244,,
GLO1,0.9205196790217807,0.8835616438356164,,,,0.8808193668528864,0.9600446428571429,
GLOD4,0.9621262458471761,,,,0.9781392984239959,,,
GLRB,0.9901185770750988,0.425531914893617,0.26719056974459726,0.9567099567099567,0.3301050896352771,0.2654320987654321,0.3218525330212339,0.2536231884057971
GLRX2,0.6534526854219949,0.16666666666666666,0.3391812865497076,0.2966417910447761,0.384640522875817,,0.366191904047976,0.22815533980582525
GLRX3,0.15345005149330587,,,0.14788732394366197,0.20351043643263758,0.11513157894736842,0.14253897550111358,
GLS,0.985342431134698,0.8706293706293706,0.9357707509881423,0.9679715302491103,0.9346166254435961,0.920655737704918,0.928635953026197,
GLT1D1,0.9398907103825137,,,,,,,
GLTP,,,,,0.8211562115621156,,0.7919293820933165,0.8115183246073299
GLUD1,0.9789669038045159,0.7848101265822784,0.6202783300198808,0.6746894409937888,0.7578972751386545,,,0.8145065398335315
GLUL,0.9164457135087362,0.9476145930776426,0.9678638941398866,0.9747594652005498,0.9457913053736802,0.008178228990411731,0.9502341643407919,0.9676911780132172
GLYR1,,,,,0.9792553191489362,,,
GM2A,,,0.937984496124031,,0.07477288609364081,,,
GMCL1,0.6225352112676056,,0.7903225806451613,0.7181818181818181,0.9115168539325843,,0.8735294117647059,0.6
GMDS-DT,,,0.41379310344827586,,,,,
GMEB1,,,,,,,0.3953488372093023,
GMFB,0.9712446351931331,0.9763440860215054,0.9653361344537815,,,0.9668141592920354,,
GMFG,0.6081932773109243,,,,,,0.5611428571428572,
GMNN,0.9130434782608695,0.8648648648648649,,,0.8309352517985612,,,
GMPPB,,,,,0.585820895522388,0.42424242424242425,0.44155844155844154,
GMPS,0.9566473988439307,0.7066666666666667,0.8175182481751825,,0.8595178719866999,,0.9723467862481315,
GNA12,,,,,0.8300469483568075,0.8421052631578947,0.7612732095490716,
GNA13,0.29067245119305857,0.2890995260663507,0.23154362416107382,,0.3898199875853507,,,0.3879310344827586
GNA14,,,,,,,0.8777120315581854,
GNAI1,0.549800796812749,0.47192982456140353,,0.48426573426573427,,0.8966565349544073,0.374351086329552,
GNAI3,,,,0.211864406779661,0.1873536299765808,0.9145299145299145,,
GNAL,,,,0.9454545454545454,0.8451380552220888,0.7627416520210897,0.48221868365180465,0.7570093457943925
GNAO1,0.9177170868347339,0.9892384105960265,0.9930523390458545,0.9386527666399358,0.8695448146410136,0.9182729375481882,0.921238177128117,0.9023917259211377
GNAO1-DT,,,,,0.6634615384615384,,,
GNAQ,0.6251428571428571,0.5235069885641678,0.5823680823680824,0.5956331877729257,0.6064804945640588,0.5702151755379389,0.510022499488648,0.9774223894637818
GNAS,0.9570189683170369,0.9887416015979662,0.9944896176332235,0.9975829842088302,0.9508373851971907,0.9817806997994205,0.950470103853008,0.9854198473282443
GNAZ,,,,,,0.9418604651162791,0.9632177033492823,
GNB1,0.9562987996736977,0.930921052631579,0.9538664323374341,,0.9533290856960815,0.9584644430459408,0.9469156850588965,
GNB4,,0.7216494845360825,,0.8835616438356164,,0.6807228915662651,,
GNB5,0.8844444444444445,,0.7145328719723183,0.865211810012837,0.27805486284289277,0.6936572199730094,0.2817229336437718,
GNG10,,,,0.9099099099099099,,,,
GNG11,0.656003937007874,,,,,0.6724137931034483,,
GNG12,,0.8275862068965517,,0.8881578947368421,,0.7446808510638298,0.9150326797385621,
GNG2,,0.9336283185840708,,0.9806122448979592,0.957931920359666,0.9371492704826038,,
GNG3,0.9744205596253153,,0.9896193771626297,,,,,
GNG4,0.6176470588235294,,0.65,,0.8534621578099839,0.6394557823129252,0.9525691699604744,
GNG7,0.7111821086261981,0.6915254237288135,,0.6760869565217391,0.7099540581929555,0.6951219512195121,0.7789904502046384,0.746588693957115
GNL1,0.7583767684288906,0.4947916666666667,0.41700404858299595,0.4910313901345291,0.4357476635514019,0.5464788732394367,0.8159875996457041,0.5942028985507246
GNL2,,0.6714285714285714,,,,,,
GNL3,,,,,0.970063025210084,,,
GNL3L,,,,,0.7262032085561497,,,
GNPAT,,,,,,0.8931297709923665,,
GNPDA1,,,,,,0.8396501457725948,,
GNPDA2,0.8743169398907104,,,,0.6954887218045113,,,
GNPNAT1,0.8934010152284264,,,0.8636363636363636,0.7960975609756098,,0.9063670411985019,
GNPTAB,0.8507734303912647,0.9107142857142857,0.8194444444444444,0.926829268292683,0.8527508090614887,0.9485981308411215,0.8671963677639046,0.8050541516245487
GNPTG,,0.9367088607594937,0.9634782608695652,,0.9607779578606159,,,
GNS,0.6549912434325744,0.8529411764705882,0.8802083333333334,,0.8331683168316831,,0.4220719335997541,
GOLGA1,0.1814595660749507,0.7708333333333334,,0.8466522678185745,0.1330657610373572,0.8747099767981439,0.9430740037950665,0.76
GOLGA2,,,0.6451612903225806,,0.6916764361078547,,,
GOLGA3,,,0.9315403422982885,0.9566787003610109,0.9757207890743551,,0.9518763796909492,
GOLGA4,0.684957426679281,0.6190476190476191,,0.4260869565217391,0.8648318042813455,0.6552567237163814,0.8661216147164027,
GOLGA7,0.7841913676547062,0.9193083573487032,,,,,0.9633592736705577,
GOLGA7B,0.2679474216380182,,0.9297520661157025,0.7011494252873564,0.9256080114449213,0.18974358974358974,0.8557692307692307,0.07936507936507936
GOLGA8A,,,0.936046511627907,,,,,
GOLGA8B,0.7921635434412265,,,0.8333333333333334,,,0.9630528586839266,
GOLGB1,0.49512987012987014,0.416,0.46204620462046203,0.8872549019607843,0.7546254170457992,0.5850622406639004,0.6905786704925873,0.45054945054945056
GOLIM4,,0.793713163064833,,0.8940092165898618,0.8879878357830715,0.8903903903903904,,
GOLM1,0.9363057324840764,,0.964968152866242,,0.9540876083391895,0.925561797752809,,
GOLM2,,0.7697368421052632,0.9706336939721792,0.8866749688667497,0.9751488480455605,0.7083333333333334,,
GOLPH3L,0.8251900108577633,,,0.9302325581395349,0.9125138427464009,,,
GOLT1B,,,,,0.8431734317343174,0.6341463414634146,0.9061538461538462,
GON4L,,,,,,,0.9275167785234899,
GOPC,0.9028815368196371,,,0.9464285714285714,,,,
GORAB,,,,,0.3490364025695932,0.36363636363636365,,
GORASP2,,,,,0.9251760563380281,,,
GOSR1,0.4810126582278481,0.7,0.776595744680851,,0.9523227383863081,0.7383177570093458,,
GOSR2,0.3082010582010582,,,0.35714285714285715,0.4609878310665712,0.3817204301075269,,
GOT1,,0.8436213991769548,,,,,0.9742083758937692,
GOT1-DT,,,0.5357142857142857,,,,,
GOT2,,,,,0.9928274820687052,,0.9839492347891005,
GPALPP1,0.7742382271468145,0.6125,,0.8410041841004184,0.7450980392156863,0.672,,
GPAM,,,,,,0.7921348314606742,,
GPANK1,,0.7846153846153846,,,,,,
GPAT4,0.12643678160919541,,,0.18027210884353742,0.9655841008240427,0.9419642857142857,0.9341050756901158,
GPATCH11,,,0.9011627906976745,,,0.642512077294686,,
GPATCH2,,,0.20833333333333334,0.20491803278688525,0.09863429438543247,0.36363636363636365,0.589622641509434,
GPATCH2L,0.8398876404494382,0.746031746031746,0.9097222222222222,,0.8419512195121951,0.9043478260869565,0.8934426229508197,0.8518518518518519
GPATCH4,,,,,0.9145496535796767,,,
GPATCH8,0.9273858921161826,0.7346938775510204,0.8986486486486487,,0.9551569506726457,0.7087378640776699,0.933781686497672,0.6794871794871795
GPBP1,0.8801932367149758,0.9194915254237288,,0.9429280397022333,0.34470338983050847,0.31317829457364343,0.5908245505269684,0.22297297297297297
GPC1,0.9074612403100775,,,0.9154639175257732,0.932306798373039,0.8993377483443709,,0.9352051835853131
GPC4,,,,0.5921052631578947,0.5959595959595959,0.5970149253731343,0.7134831460674157,
GPC5,,,0.6829268292682927,,0.5265822784810127,,,
GPCPD1,0.7243975903614458,,,,0.7939972714870396,0.6963562753036437,0.7476572958500669,
GPD1,,,,,,0.5111111111111111,,
GPD1L,,,,0.9801169590643275,,,,
GPD2,0.06846473029045644,,0.11392405063291139,,0.9289297658862876,0.06315789473684211,,
GPHN,,0.8928571428571429,0.9255813953488372,0.9253731343283582,0.7649308620182407,0.9470404984423676,0.9307314551563711,0.808641975308642
GPI,0.9933574879227053,0.3024390243902439,,0.986784140969163,0.9909776660257359,,,0.9613259668508287
GPM6A,0.6744076308604942,0.7000476871721507,0.6583850931677019,0.956157072054899,0.9621677707718094,0.9606610564736896,0.9150389743281067,0.9895244658855962
GPM6B,0.37641699332556416,0.5785582255083179,0.6357239846932478,0.43570230878369665,0.9816761613907323,0.32911254229887565,0.4431278834345647,0.6073835784313726
GPN2,0.5158730158730159,0.7948717948717948,0.6585365853658537,,0.6659064994298746,,0.6404657933042213,
GPN3,,,,,,0.8461538461538461,,
GPNMB,,,,,,0.7971698113207547,0.8482658959537572,0.8514492753623188
GPR107,,,0.7790055248618785,,0.5467018469656992,,0.8694714131607335,
GPR12,0.7659090909090909,,,,0.850909090909091,0.8035714285714286,,
GPR137B,0.2181571815718157,,,,0.287556904400607,,0.41701769165964614,
GPR137C,0.9217557251908397,,,,,0.8995215311004785,0.9201970443349754,
GPR146,0.6503067484662577,,,,0.7391304347826086,,,
GPR155,0.9207683073229291,0.9310344827586207,0.6576354679802956,0.7889150943396226,0.710719131614654,,0.6628950448692938,
GPR161,,,,,0.7302325581395349,,,
GPR173,,,,,0.11667765326301911,,0.19198664440734559,
GPR180,0.21636363636363637,,0.45348837209302323,0.5,0.29577464788732394,,0.5773067331670823,
GPR22,,,,,0.6141402037147993,0.5387453874538746,0.5026814444047193,0.6341463414634146
GPR26,0.9192660550458716,,,,,0.8364779874213837,,
GPR37,0.1716171617161716,0.9176225234619395,0.8499184339314845,,0.8933195235629208,0.18441558441558442,0.22711058263971462,0.23170731707317074
GPR37L1,0.37362219688331433,0.27986348122866894,0.31958762886597936,0.20056764427625354,0.3028798411122145,0.38461538461538464,0.3020504731861199,0.19821826280623608
GPR61,,,,,,0.7368421052631579,,
GPR63,0.6492146596858639,,,,,,0.660377358490566,
GPR85,0.20577617328519857,0.10909090909090909,0.23267326732673269,0.3489208633093525,0.32840909090909093,0.275,0.4778837814397225,
GPRASP1,0.03793738489871087,,0.054249547920433995,,,,0.9953034682080925,0.04642857142857143
GPRASP3,0.5411298315163529,0.5208333333333334,,,0.41983695652173914,0.4280936454849498,0.5450867052023122,0.5704697986577181
GPRC5B,0.5567430025445292,0.2857914640734738,0.38451268357810414,0.9444444444444444,0.3953234133009414,0.48535324526134405,0.9630613230323515,0.4738237243207422
GPRIN3,,,,,0.28111273792093705,0.3333333333333333,,
GPS2,0.8804347826086957,0.7319148936170212,,,,0.8831168831168831,,0.819672131147541
GPSM2,0.8515901060070671,0.782608695652174,,,,,,
GPSM3,,,0.1792452830188679,,0.2853470437017995,,,
GPT2,0.8138847858197932,,0.7836065573770492,,0.8262642740619902,0.7565543071161048,0.7797319932998324,0.9632107023411371
GPX4,,,,0.7517053206002728,,,,
GRAMD1B,0.950519242516799,,,0.9578163771712159,0.8887696709585121,,,
GRAMD2B,0.8192419825072886,0.9037433155080213,,,0.9557389347336834,0.8483754512635379,0.9153794492948287,
GRASLND,,,0.6904761904761905,,,,,
GRB10,,0.8717948717948718,0.9227053140096618,0.95,0.9367909238249594,,0.9749888343010272,
GRB14,,,,,,,0.8647686832740213,
GRB2,0.6739519885345754,0.7751937984496124,0.7217496962332929,0.7054924242424242,0.7488076311605724,0.984930032292788,0.7497085114652157,
GREM1,,0.11235955056179775,,,0.9325744308231173,0.7857142857142857,,
GREM2,0.3620689655172414,,,,0.3627906976744186,0.2571428571428571,0.3424036281179138,
GRHPR,,,0.9485714285714286,,0.9772954091816367,,,
GRIA1,,0.2692307692307692,,0.9696233292831106,,0.8164116828929068,0.9450181412224393,
GRIA2,0.9426340801086218,0.840064620355412,0.8228542914171657,0.8319448434357943,0.9856174967312492,0.9383802816901409,0.988198067219704,0.8095676172953082
GRIA3,0.9811401628804115,,0.9813664596273292,0.9866028708133971,,,0.9527662777568686,
GRIA4,0.8982365907421014,0.27848101265822783,0.8670212765957447,0.20078226857887874,0.8553832116788321,0.23140495867768596,0.9018928285790456,0.8669950738916257
GRID1,,,,0.9193548387096774,0.10049627791563276,0.2773722627737226,,
GRID2,,,,,,0.4222222222222222,,
GRIK1,,,,,,,0.8581081081081081,
GRIK2,,,0.8731707317073171,0.9260869565217391,0.039177277179236046,0.9132075471698113,0.9412878787878788,
GRIN1,,,0.9874385581649372,0.9952332311882873,0.9810863973369648,0.9861042183622829,,
GRIN2A,0.9177025289327047,0.3411764705882353,0.843065693430657,0.7985865724381626,0.9112515802781289,0.4740740740740741,0.9144067796610169,
GRIN2B,0.9276729559748428,,0.9558011049723757,0.9298737727910238,0.9849663037843442,0.935871743486974,,0.6878172588832487
GRIP1,,,,,,,0.9127358490566038,
GRIPAP1,,,0.9463087248322147,,,,,
GRK3,0.937375745526839,,,0.9165302782324058,,0.9206349206349206,0.9645988957453718,
GRK4,0.7819767441860465,0.32222222222222224,0.53125,0.42045454545454547,0.7774193548387097,0.7947019867549668,0.5504201680672269,
GRK6,0.5801282051282052,,0.631578947368421,0.5371428571428571,0.5412054120541205,,,0.6509433962264151
GRM3,,0.9314285714285714,0.954171562867215,,0.9754035357417371,,0.991824894514768,0.9342403628117913
GRM5,,,0.952286282306163,0.8939213349225268,0.9817232375979112,0.9476190476190476,0.9264626945786366,0.9321148825065274
GRM5P1,,,,,,0.8442622950819673,,
GRM7,,,,,,,,0.7863247863247863
GRPEL1,,0.23157894736842105,,,0.8532704773129052,,0.7890625,0.38095238095238093
GRSF1,0.9742857142857143,0.8040540540540541,0.8644366197183099,0.8642117376294591,0.8455114822546973,0.8705882352941177,0.8920402561756633,0.14825581395348839
GRWD1,,,,,,0.8762886597938144,,
GSAP,,,,,,0.8607594936708861,,
GSDME,,,,,0.9516129032258065,,,
GSE1,,,,0.7256637168141593,0.7001127395715896,0.7423312883435583,,
GSG1L,,,0.4024390243902439,,0.40572792362768495,0.6276595744680851,0.4777777777777778,
GSK3B,0.9676280164802825,0.4673913043478261,0.5802139037433155,0.6143572621035058,0.9581529581529582,0.9427966101694916,,0.6074074074074074
GSN,,0.9724454649827784,,,,,,
GSPT1,0.4213797389683033,0.75,0.6254901960784314,0.6662180349932705,0.6817505842362439,0.5807127882599581,0.7332889923511806,0.7844311377245509
GSPT2,,,,,,0.8902439024390244,,
GSTA4,0.9125910509885536,,0.9401330376940134,,0.9447281465905677,,0.9826439109054094,
GSTM2,,,,,,,0.03370439084724799,
GSTM3,0.29209748892171344,0.4630225080385852,0.3877068557919622,0.4377880184331797,0.7704149933065596,0.531322505800464,0.45417484523629775,0.6440677966101694
GSTM4,0.09785932721712538,0.2755102040816326,0.05555555555555555,0.13654618473895583,0.07670928293496387,0.055865921787709494,0.06060606060606061,
GSTM5,,,0.15736040609137056,,,0.13793103448275862,,0.15123456790123457
GSTO1,,0.8009331259720062,,,0.7677304964539007,,0.7083958020989505,
GSTO2,,0.14634146341463414,,,0.21333333333333335,0.25510204081632654,,
GTDC1,0.5076754385964912,0.5897435897435898,0.8940397350993378,0.47619047619047616,0.985373781148429,0.9557522123893806,0.48839246605343845,
GTF2A1,0.34951456310679613,0.43506493506493504,,0.3674832962138085,0.39820627802690584,,0.35067437379576105,0.43317972350230416
GTF2F1,0.7873811581676751,0.6956521739130435,,0.940552016985138,0.7635396518375241,0.7557840616966581,0.7789227166276347,
GTF2F2,,,,,,0.8232558139534883,,
GTF2H1,,0.2553191489361702,0.8711656441717791,,,,0.9494354442808051,
GTF2H2,,0.4666666666666667,,,0.14659685863874344,,,
GTF2H3,0.9073684210526316,0.6111111111111112,,,,,,
GTF2H5,0.11470911086717893,0.18686868686868688,0.16859122401847576,0.1385390428211587,0.12100518983884184,0.15602836879432624,0.0880300590445518,0.10954063604240283
GTF2I,0.8285867094531354,0.9926345609065156,0.8329746018080069,0.85941118094608,0.9656323495941127,0.8288677614520311,0.9901901901901902,0.8509114583333334
GTF2IRD2,,,,0.6774193548387096,,0.7195121951219512,,
GTF3A,0.985924713584288,0.9665924276169265,0.962890625,0.9761388286334056,0.9863013698630136,,,
GTF3C2,,0.8461538461538461,,0.7421383647798742,0.769889840881273,0.7538461538461538,0.7046688382193268,
GTF3C3,0.43457943925233644,,0.4523809523809524,,0.9012074643249177,,,
GTF3C4,,0.7619047619047619,,0.5,0.8118594436310396,,,0.7681159420289855
GTF3C6,,0.7617801047120419,,,,,,
GTPBP1,,,0.7777777777777778,0.5144230769230769,0.820580474934037,0.8222222222222222,,
GTPBP10,0.4011627906976744,0.4,,0.6774193548387096,0.36403508771929827,,,
GTPBP3,,,,,0.7757009345794392,,,
GTPBP4,,0.7402597402597403,,0.13875598086124402,0.8397085610200364,0.2513089005235602,,
GTPBP8,,,,,0.3509933774834437,,,
GUCY1A1,,,,,,0.593607305936073,0.7838577291381669,
GUCY1A2,0.8410757946210269,,,0.9514563106796117,0.81044650379107,0.851063829787234,,0.944206008583691
GUCY1B1,0.9595320897881758,0.9244186046511628,,,0.9696746650964227,0.9743164871582436,0.9827930557689353,0.9879518072289156
GUF1,,,0.7804878048780488,0.7445255474452555,0.6829268292682927,,,
GUK1,,0.9661552346570397,,0.737339514978602,0.7900358232718588,,,
GUSBP1,,,,,0.8715596330275229,,,
GVQW3,0.4411764705882353,,,,,,,
GXYLT2,0.35714285714285715,,,,0.875886524822695,,,
GZF1,0.9397260273972603,,,0.8135593220338984,0.8420454545454545,,0.16551724137931034,
H1-0,,,,,0.919971671388102,,,
H2AC6,,0.906896551724138,,,0.8593556381660471,,,
H2AZ2,0.7254768392370572,0.8284993694829761,0.9691075514874142,0.9717813051146384,0.9673542960144201,0.9592050209205021,0.9604288499025341,0.9907407407407407
H3-3A,0.6553133514986376,,,,,,,
H3-3B,0.4988406757204372,0.6657949790794979,0.5571250519318653,0.5311526479750779,0.5900674052839544,0.4859903381642512,0.5346799483490131,0.5397398843930635
HABP4,,0.2119205298013245,,,,0.7190265486725663,,0.3058470764617691
HACD1,,,,,,0.5294117647058824,,
HACD2,,,0.9616438356164384,,,,,
HACD3,,,0.9297218155197657,,,0.9638682252922423,,
HACE1,0.9247311827956989,,,,0.8074324324324325,,0.8541136556403732,
HACL1,,,0.5833333333333334,,,,,
HADHA,,0.9585921325051759,,0.9726027397260274,,,,
HADHB,0.962862930452397,,,,,,,
HAGH,,,0.041666666666666664,0.0189873417721519,0.04070042593469001,0.026748971193415638,0.7911973661410501,0.05384615384615385
HAPLN4,0.09375,,,0.0931899641577061,0.050674105067410505,0.0888529886914378,0.06259968102073366,
HAPSTR1,,,0.3108108108108108,0.9317269076305221,0.9392649903288202,0.49019607843137253,0.5961871750433275,
HARS1,,,,,0.9707230142566191,,0.9852888410477215,
HAUS2,,,,,0.7941747572815534,,0.726643598615917,
HAUS3,,,0.717391304347826,,0.4764227642276423,,,
HAUS6,,,,,0.43156199677938806,0.5616438356164384,0.793939393939394,
HAVCR2,,,0.48214285714285715,0.4189189189189189,0.3943298969072165,0.40229885057471265,,
HBA1,,0.864516129032258,,0.54702771991668,,,,
HBB,0.9054874556077444,,,,,,,
HBP1,0.8663594470046083,,,,,,,
HBS1L,0.974757281553398,,0.9515570934256056,0.9157894736842105,0.9398601398601398,0.8796498905908097,0.9525490196078431,
HCCS,,,,0.8784530386740331,0.7609170305676856,,0.7069109075770191,
HCFC2,,,,,0.8576555023923444,,,0.7377049180327869
HCG11,,,0.6785714285714286,,0.8,,,0.7777777777777778
HCG17,0.3829787234042553,,0.38016528925619836,,0.33085106382978724,0.2542372881355932,0.5483870967741935,
HCG18,,,,,0.6925434116445353,0.8433734939759037,0.6745098039215687,
HCN1,0.7458854509545754,,0.6549019607843137,0.7167630057803468,0.7348956426217502,0.9020833333333333,0.8772301179316602,0.6055045871559633
HCN2,,,,,,,0.984759671746776,
HDAC11,,0.9078014184397163,0.8656716417910447,0.8354755784061697,0.8512293806411454,0.8313609467455622,0.8538083538083538,0.9179331306990881
HDAC2,0.8908807482462977,0.5360824742268041,,,0.0378698224852071,0.6339563862928349,,
HDAC4,0.5224171539961013,0.525974025974026,,0.5052264808362369,0.9262253663466398,0.49696969696969695,0.44574780058651026,0.489010989010989
HDAC5,0.4528301886792453,0.4264705882352941,0.5139664804469274,0.41312741312741313,0.18764453254046912,0.3627450980392157,0.6125385405960946,0.5478723404255319
HDAC8,0.8116883116883117,,,0.7640449438202247,0.8558394160583942,,,0.8076923076923077
HDAC9,,,,,0.3670731707317073,0.8662420382165605,0.3946153846153846,0.3153846153846154
HDDC2,,0.8859764089121888,0.014652014652014652,0.8012477718360071,,0.9451672862453532,0.8768844221105527,
HDGF,,,0.8673740053050398,,,0.9275053304904051,,
HDGFL3,0.2765957446808511,0.13630880579010857,0.7188755020080321,0.1286031042128603,0.3784786641929499,0.11548420507509062,0.4126189283925889,0.08516886930983847
HDLBP,0.30244590780809033,0.3265822784810127,0.3232963549920761,0.9594320486815415,0.9882158849870375,0.8551401869158879,0.9923954372623575,0.36721991701244816
HEATR5A,0.402555910543131,0.7313432835820896,,,,,,
HEATR5B,0.9321266968325792,,0.8361581920903954,,,,,
HEATR6,0.34049079754601225,0.5806451612903226,,,0.4573055028462998,0.35384615384615387,,
HECA,,,,0.9408450704225352,,,,
HECTD1,0.980246913580247,0.9012875536480687,,0.8858218318695107,,0.9014869888475836,,0.8581818181818182
HECTD2,0.86,,,,0.8443877551020408,,0.7857142857142857,
HECTD4,,,,0.9852724594992637,,,,
HECW1,0.3060312732688012,,,0.837037037037037,0.8367903930131004,0.47202797202797203,0.5952264978080857,
HECW2,0.9411764705882353,0.6336633663366337,0.5842105263157895,0.8805031446540881,0.4085439229843562,0.5824175824175825,0.896774193548387,
HELQ,0.42073170731707316,,,,0.6618357487922706,,,
HELZ,0.9522821576763485,,,0.6704545454545454,0.8279370952821462,0.5944055944055944,0.950354609929078,0.44866920152091255
HEPACAM,,0.9766022380467956,0.9733700642791552,,0.9854550907182487,0.9871645274212368,,
HERC1,,0.9529914529914529,0.9668989547038328,0.956140350877193,0.9677942070083047,0.9420468557336621,0.9905773857257418,0.9276485788113695
HERC2,,,,,,0.9512195121951219,,0.8830409356725146
HERC2P3,,,0.04830917874396135,0.13541666666666666,,,,
HERC3,,,,,,,0.9534472598703595,
HERC4,,0.8226950354609929,0.3867403314917127,0.8715083798882681,0.923138510808647,,0.4625,
HERPUD2-AS1,,0.5,0.7796610169491526,,,0.5507246376811594,,
HEXA,,0.17333333333333334,0.13978494623655913,0.7089201877934272,0.0746031746031746,0.19122257053291536,,
HEXIM1,0.46712463199214915,,,,,0.42153846153846153,,
HEY2,,0.3950617283950617,,0.6153846153846154,0.7819314641744548,0.7111111111111111,,
HGSNAT,0.37701149425287356,0.5555555555555556,,,0.4858757062146893,0.4589041095890411,0.4544419134396355,
HHIP,,0.9418960244648318,0.8978978978978979,,0.8475912408759124,,0.8903508771929824,
HIBCH,,0.6511627906976745,,,0.9434850863422292,,,
HIF1A,0.975253807106599,,,,0.9909070747394101,,0.9881537127997688,
HIF1AN,,,0.8,0.9162303664921466,0.9022403258655805,0.40540540540540543,0.4304932735426009,0.2835820895522388
HIF3A,0.7640449438202247,0.34234234234234234,0.4444444444444444,0.7428571428571429,0.7780748663101604,,0.6431273644388399,0.8152866242038217
HIGD1A,0.832200647249191,,0.07128169979437972,0.9219047619047619,0.9118879689256875,0.8493852459016393,0.9137782163562354,0.050666666666666665
HIKESHI,0.42795513373597927,,,,,,,
HILPDA,,0.948,,,,,,
HINFP,0.890625,,,,,0.8983050847457628,,
HINT1,0.008919202518363064,,,0.017193308550185873,0.022167699724517907,0.012616459627329192,0.026577232171106753,
HINT3,0.8777142857142857,,,0.9840116279069767,0.9852602487333026,,,
HIP1,,,,,0.8169291338582677,,0.8087349397590361,
HIPK2,0.9451862262825017,0.9395881006864989,0.7090395480225988,0.7872023809523809,0.9933454325468845,0.9685314685314685,0.8403112263801408,0.802680565897245
HIPK3,,,0.9345794392523364,,,,,
HIRIP3,,,,,0.03963062716429396,,0.15220820189274448,
HIVEP2,0.9248476641841571,,0.8623595505617978,0.8288288288288288,0.9762073863636364,0.8987108655616943,0.8900429799426934,
HIVEP3,0.8881118881118881,0.5833333333333334,,0.8895705521472392,0.9116883116883117,0.8702290076335878,0.7341430499325237,
HK1,,,,,,0.9913995308835027,,
HLA-DPA1,,,,,0.9490445859872612,,,
HLA-DQB1,,,,,,0.18584070796460178,,
HLA-DRB1,0.06605922551252848,,,,,,,
HLA-E,0.661826981246219,0.663023679417122,,0.9739776951672863,0.7284659557013946,0.7064555420219245,0.7390289449112979,
HLCS,,,0.5789473684210527,,0.5231788079470199,,,
HLF,0.4939587775408671,0.6305418719211823,,0.6616654163540885,0.6545480672510419,0.763874873864783,0.5891665576344367,0.5748502994011976
HLTF,,,0.8295964125560538,,0.8842530282637954,0.8618181818181818,0.9506833036244801,
HMBOX1,,0.9076923076923077,,0.4,,,,0.7890625
HMCES,0.9174129353233831,,,0.5145118733509235,0.3573076923076923,,0.4993946731234867,
HMG20A,,,0.9442508710801394,,0.9316440777843252,,0.9448209099709584,
HMGB1,0.6099308610936518,0.5441437444543035,0.2254071661237785,0.21132781191557573,0.2534557116001327,0.14767285960543958,0.5306097999281179,0.5790190735694822
HMGB2,,0.7611111111111111,,,,,,0.8279569892473119
HMGB3,0.32294617563739375,,,0.3853211009174312,0.23550724637681159,0.7430555555555556,0.3327922077922078,
HMGCLL1,,,0.8555555555555555,,0.7549019607843137,,,
HMGCR,0.8179927197087884,,0.8574561403508771,0.8327566320645905,0.8261653360803503,0.7958199356913184,0.802321083172147,
HMGCS1,0.06208425720620843,0.9487179487179487,,,0.09607577807848444,0.9757236227824463,,
HMGN1,,,,,0.9498023715415019,,,
HMGN2,,0.9068100358422939,0.9278538812785389,0.9704016913319239,0.9461875843454791,0.9652892561983472,0.9278828327771598,
HMGN3,,0.824390243902439,,,0.8984891406987724,,,
HMGN4,0.8839285714285714,,,,,0.911504424778761,,
HMGN5,,,,0.38235294117647056,0.5681159420289855,,,0.646551724137931
HMOX2,0.8658536585365854,0.2510822510822511,0.7810945273631841,0.9580838323353293,,0.9420970266040689,0.3163340724316334,0.372
HNMT,,,,0.8970588235294118,0.45294117647058824,0.41228070175438597,0.5971223021582733,
HNRNPA0,0.7268696423292935,0.6523297491039427,0.23870967741935484,0.275,0.101157148189623,0.8154180238870793,0.11366028204588507,0.7305389221556886
HNRNPA1,0.911018214392356,,0.85625,0.08392759188151398,0.8737553034894796,0.06740331491712707,0.9804982206405694,0.04925723221266615
HNRNPA2B1,0.9210750853242321,0.9575358851674641,,0.9826388888888888,0.9888611803823774,0.9319727891156463,,0.9817629179331308
HNRNPA3,0.6634167019923697,0.549618320610687,0.5737704918032787,0.6351575456053068,0.6379589009466636,0.5953020134228187,0.6214102264767686,0.580814717477004
HNRNPAB,0.8987246811702926,,,,,,,
HNRNPC,0.9295199182839632,0.8754325259515571,0.8801973220577872,0.06987577639751552,0.8875615538938537,,0.9606954818170687,
HNRNPD,0.23018414731785428,0.7347417840375586,0.9090909090909091,0.21436114044350582,0.9542965960485599,0.8897464167585446,,0.04665314401622718
HNRNPDL,0.27569331158238175,0.15,0.18556244464127547,0.1968647466277798,0.30678277542542143,0.19878391019644528,0.21253681885125184,0.9227053140096618
HNRNPF,0.8628048780487805,,,,,0.9285714285714286,,
HNRNPH2,,,,,,0.9733629300776915,,
HNRNPH3,0.6207177814029364,0.9245524296675192,0.9673590504451038,0.7395048439181916,0.7164821648216482,0.7144970414201184,,0.7197231833910035
HNRNPK,0.568663353387392,0.9802581624905087,0.652518656716418,0.6464934140263439,0.5802602201863115,0.6620989304812834,0.9964643095396931,0.5635245901639344
HNRNPL,0.59727385377943,0.9783549783549783,,0.6765375854214123,,0.9804511278195489,,
HNRNPLL,0.5655737704918032,0.183206106870229,,0.8944591029023746,0.5359576078728236,0.8506944444444444,,
HNRNPM,0.94140625,0.7823275862068966,0.6536388140161725,0.8955974842767296,,0.8292682926829268,,0.8891509433962265
HNRNPR,0.8516455696202532,0.8814317673378076,,,0.06795438678147545,0.8845208845208845,0.1011008111239861,
HNRNPU,0.14609756097560975,0.8669623059866962,0.11376751854905194,0.13577799801783944,0.21614349775784752,0.7089421390999415,0.2409600505289752,0.14058956916099774
HNRNPUL1,,0.5617647058823529,0.5876494023904383,,0.5869827239855364,0.5360576923076923,0.7531504818383988,
HNRNPUL2,0.9353711790393013,0.4750733137829912,0.9619326500732065,0.9454390451832907,0.9693755346449957,0.55125,0.5443108233117484,0.9790076335877863
HOMER1,0.6745762711864407,0.631578947368421,,0.9240506329113924,0.8752129471890971,0.39593908629441626,0.9051162790697674,0.757201646090535
HOMER2,,,,,0.8191780821917808,,0.8140703517587939,
HOOK1,,,,,,0.8662420382165605,,
HOOK2,,,,0.8706896551724138,,,,
HOOK3,,0.5577395577395577,0.6666666666666666,0.8637602179836512,0.7063516416078551,0.6866059817945384,0.7933706414119673,0.4421052631578947
HP1BP3,0.8427972027972028,0.833530106257379,0.7789473684210526,0.9781073446327684,0.8470220288278488,0.680161943319838,0.9266425389755011,0.9455782312925171
HPCA,0.9488416988416989,,,0.9888579387186629,0.9252837977296182,,,
HPCAL4,,,0.9292343387470998,,,,0.9626951995373048,
HPF1,0.915359010936757,,,0.789873417721519,0.8177752934600335,,,
HPN-AS1,,0.5,,,0.34864864864864864,,,
HPS1,0.8836363636363637,0.7123287671232876,0.8545454545454545,,0.8792682926829268,0.9257142857142857,0.17748091603053434,
HPS4,,0.8142857142857143,,,0.04642857142857143,0.08074534161490683,,
HR,0.09628378378378379,,0.1497005988023952,,,,,
HRH1,,,,,0.3283582089552239,0.29411764705882354,0.06156405990016639,
HRH2,,,,,,0.8142857142857143,0.8619469026548673,
HRK,,,,,,0.7432432432432432,,
HS2ST1,0.5883280757097792,,0.5774647887323944,,0.43201376936316693,0.745945945945946,0.921875,0.4225352112676056
HS3ST4,,,,,,,0.8978685612788633,
HS3ST5,,,,,0.9603040540540541,0.31746031746031744,,
HS6ST3,0.9463276836158192,,0.8083832335329342,0.821656050955414,,0.8539325842696629,0.9289584587597832,
HSBP1,0.6323139065204847,0.7990909090909091,0.7836166924265843,0.34292803970223323,0.7691678593334697,0.6743792325056434,0.5428076256499134,0.8311367380560132
HSD11B1L,0.6101432442895858,,0.7612732095490716,,0.7067562787407146,,,0.7161572052401747
HSD17B12,,,,,,0.9860583016476553,,
HSD17B4,0.022764227642276424,0.9658119658119658,,0.9657534246575342,0.9648321080866282,,0.9476331360946746,
HSDL1,,0.8409090909090909,0.8547717842323651,,0.8691915122213268,,0.7621749408983451,
HSDL2,,0.8181818181818182,0.78,,0.8024316109422492,0.7792207792207793,,0.8811188811188811
HSP90AA1,0.6209749724620232,0.3240978868945038,0.8715074452066254,0.7132405522856042,0.9502815024342481,0.6319765649090349,0.6950419380422505,0.3668028049626262
HSP90AB1,0.24759212730318259,0.5880597014925373,0.7990600787501587,0.24712822104936355,0.7864598647456631,0.7936247124548144,0.86057348783746,0.8867924528301887
HSP90B1,0.8950304259634888,0.6440129449838188,0.881245944192083,0.9368200836820084,0.9124815621268526,0.7777777777777778,0.914454901131437,0.834113712374582
HSPA12A,0.9621567314132619,,0.967741935483871,0.9817232375979112,0.9061232017705644,0.9513406156901688,,
HSPA1A,,0.9563971499380421,,,,,,
HSPA1B,,0.9489239163382843,,,,,,
HSPA2,,0.045216251638269984,0.054187192118226604,,0.9641672196416722,0.055133079847908745,,0.9487951807228916
HSPA4,0.6855146124523507,0.8290816326530612,0.9476439790575916,0.6805194805194805,0.7290045613093641,0.6621983914209115,0.7785467128027682,0.6947368421052632
HSPA4L,,0.6213991769547325,0.7276785714285714,0.9105882352941177,0.9566377585056705,0.8012422360248447,0.6944444444444444,0.75
HSPA5,0.9780606717226435,0.028684470820969338,,0.059770114942528735,0.04613406204790227,0.03287310979618672,0.04540123973864969,0.061611374407582936
HSPA8,0.9816536568388604,0.955703211517165,0.9542986425339367,0.9573232323232324,0.9733961690483429,0.9746599856836077,0.9533476819265895,0.9542440318302388
HSPA9,0.9114135625596944,0.9296740994854202,0.8017917133258678,0.7793278376664553,0.9392942244411665,0.7026338147833475,0.8327444051825678,0.10647482014388489
HSPB8,,,0.9639344262295082,,,0.9068493150684932,,
HSPD1,0.9358839604792937,0.907624633431085,0.9822175732217573,0.985353946297803,0.8379935604134893,0.91328125,,0.9847908745247148
HSPE1,,,,,0.7095508068033144,,,
HSPH1,0.8952411888906935,0.7889980353634578,0.9240196078431373,0.9047869542346134,0.840066748638679,0.8078529657477026,0.9400426191398683,0.7129277566539924
HTATIP2,0.6857142857142857,0.8601036269430051,,,0.5585424133811231,0.6956521739130435,,
HTATSF1,0.688479262672811,0.5470692717584369,0.905829596412556,0.89,0.7971044467425026,0.8460905349794239,,0.9375
HTD2,0.24482758620689654,,0.36538461538461536,0.8245614035087719,0.23798756359525156,0.43333333333333335,,
HTR2A,0.900562851782364,0.4186046511627907,,0.9623059866962306,0.9783834586466166,,0.6470294558162756,0.36764705882352944
HTR5A,,,,,0.19820717131474103,,0.2680722891566265,
HTRA1,,0.9834355828220859,0.9891304347826086,,0.9937597503900156,,,
HTT,0.7280240420736288,0.7647058823529411,0.6588921282798834,0.7222222222222222,0.802610114192496,0.7409470752089137,0.7784034448492878,
HUS1,0.6442307692307693,,,,0.7945544554455446,,0.8674698795180723,
HUWE1,0.21881390593047034,0.7710280373831776,,0.24551724137931036,0.9847189847189847,0.25524475524475526,0.2960777507809788,0.8159509202453987
HYCC1,,,,0.8356164383561644,0.9615975422427036,,,
HYCC2,0.8844393592677345,0.5359477124183006,0.8468468468468469,,0.8528341133645346,0.9640287769784173,0.8545613523754008,0.8162393162393162
HYOU1,,0.8255813953488372,,,,,0.9727703235990529,0.24915824915824916
HYPK,0.014372163388804841,,,,,,,
IAH1,0.024390243902439025,,,,0.07910750507099391,0.10966057441253264,,
IARS2,0.9750479846449136,,,,,0.9405099150141643,,
IBTK,,,,0.06382978723404255,0.04779874213836478,,,
ICA1,0.46867167919799496,,,0.6462882096069869,,0.5168539325842697,0.5466360856269113,0.75
ICA1L,0.8346456692913385,0.5147058823529411,0.9618055555555556,0.6895424836601307,0.5433962264150943,0.5647840531561462,0.9625668449197861,0.39072847682119205
ICE1,,,0.8734693877551021,,0.9539052496798975,0.9032258064516129,,
ICE2,0.26459143968871596,0.14563106796116504,0.1724137931034483,,0.09969325153374232,0.24444444444444444,0.32989690721649484,
ICMT,0.7670126874279123,,0.6836158192090396,,0.5966587112171837,0.9047619047619048,0.7108345534407028,
ICOSLG,,0.46153846153846156,,,0.6646525679758308,,0.8299319727891157,
ID2,,0.711484593837535,0.8774279973208305,,,,,
ID4,0.8100313479623824,0.4899328859060403,0.7632398753894081,0.7796610169491526,0.4481772694781987,0.6448598130841121,0.7534772182254197,0.697560975609756
IDH2,0.17328825021132713,0.49333333333333335,0.26107226107226106,0.2288659793814433,0.3186874304783092,0.26436781609195403,0.1948488241881299,0.3434065934065934
IDH3A,0.8644610458911419,0.7783505154639175,,,0.892543365622888,0.8073836276083467,0.8140462889066241,
IDI1,,,,0.9806985294117647,0.862473668371953,0.9072486360093531,,
IDI2-AS1,0.6988416988416989,,,,,,,
IDS,0.27956682815616984,0.8816355810616929,0.9844970854520649,0.919666105069689,0.6789242590559824,0.4639455782312925,0.32370095440084834,0.9368044920877999
IER3IP1,,0.5865384615384616,0.7844827586206896,0.7661971830985915,,0.7610294117647058,0.7399193548387096,
IER5,,,,0.108348134991119,0.08686702346644709,0.12121212121212122,0.12135665076841548,
IER5L,,,0.2833333333333333,0.24257425742574257,0.3281653746770026,,,
IFI16,,0.6641221374045801,,0.7837837837837838,,,,
IFI44L,,,0.09523809523809523,,,,,
IFIT1,0.03129346314325452,,,0.03852080123266564,,0.9709618874773139,,
IFIT2,,,,,0.8509763617677287,,,
IFIT3,,0.44871794871794873,0.5978260869565217,,0.7520107238605898,,,0.5714285714285714
IFIT5,,0.72,,,0.6666666666666666,,,
IFITM10,,,,,,,0.08595548733691481,
IFITM3,,0.834610472541507,,,,,,
IFNAR1,0.6675392670157068,0.5619834710743802,0.7,0.6127659574468085,0.9313790806129247,0.5408450704225352,,0.7013574660633484
IFNAR2,0.5916230366492147,0.48484848484848486,,,,,,
IFNGR1,0.9644549763033176,,,0.9671641791044776,,,0.976905311778291,
IFT172,,,,0.8739495798319328,0.9801047120418848,,,
IFT22,0.17252396166134185,0.7307692307692307,,0.8060344827586207,0.12385321100917432,0.5348837209302325,,0.21238938053097345
IFT25,,0.8677685950413223,,,0.07860824742268041,,,
IFT43,0.7916181606519208,0.7710843373493976,,,0.6392857142857142,0.7980295566502463,,0.8278688524590164
IFT46,,,,,0.9797665369649805,,,
IFT57,0.046351084812623275,,0.0947867298578199,,,0.9668674698795181,,
IFT74,,,,,0.8576779026217228,0.5700934579439252,,
IFT80,0.966824644549763,,,,0.965623396613648,,,
IFT81,,,,0.2557077625570776,0.457089552238806,0.5147058823529411,,0.16129032258064516
IFT88,0.3431372549019608,,,,0.8684719535783365,0.7941176470588235,0.9496124031007752,
IFTAP,,,,,0.05195638229634381,,,
IGF1R,,0.8319327731092437,,0.9137168141592921,0.8897374701670644,,0.9594444444444444,
IGFBP5,,,,,,0.8905775075987842,,
IGFLR1,,,,,0.44571428571428573,,,
IGIP,,,,0.9513715710723192,,0.9293924466338259,,
IGSF9B,,,0.8666666666666667,,0.5074812967581047,0.8735632183908046,0.5717321997874601,0.5901639344262295
IK,,0.6617100371747212,0.8865740740740741,,0.886859688195991,,,
IKBKB,,,,,,,0.9020044543429844,
IKZF4,,,0.673469387755102,,,,,
IKZF5,0.8252427184466019,0.8411214953271028,,,0.8353765323992994,0.7904191616766467,,
IL12A-AS1,,,,,0.46706586826347307,,,
IL13RA1,0.8426395939086294,,,,,,,
IL17D,0.9493333333333334,0.9183673469387755,0.9486301369863014,,0.968048359240069,,,
IL17RA,,,,0.7978723404255319,0.7587209302325582,0.5135135135135135,,
IL1RAP,0.5545454545454546,,,,,0.38461538461538464,,
IL1RAPL1,,0.4765751211631664,0.6060606060606061,0.3732394366197183,0.2752571082879613,0.4479166666666667,0.31092436974789917,0.45588235294117646
IL1RL1,,,,,,,0.676737160120846,
IL20RB,,,,,0.03767660910518053,,,
IL27RA,,,,,0.6948051948051948,,,
IL6ST,0.9492290334712298,0.9446428571428571,0.927061310782241,,0.9570931580981832,,0.9483881743778186,0.978912319644839
ILDR2,0.48498845265588914,,0.3333333333333333,,0.4985754985754986,0.3448275862068966,0.3961840628507295,
ILF3,0.8390728476821192,0.8333333333333334,0.7554671968190855,0.5216637781629117,0.7251352864340362,0.460431654676259,0.6970185334407736,0.540268456375839
ILF3-DT,0.592057761732852,0.5022026431718062,,0.663594470046083,0.7524972253052165,0.5714285714285714,0.6370370370370371,0.5741935483870968
ILKAP,,0.8855421686746988,,,,,,
IMMP2L,,,,,0.8116883116883117,,0.9337979094076655,
IMMT,,,,,0.9742798353909465,,,
IMP4,0.4458551157580284,,0.49063670411985016,0.41959798994974873,0.36534216335540837,0.38786279683377306,0.4005876591576885,0.5017921146953405
IMPA1,0.12224938875305623,,0.13818181818181818,,0.913929313929314,0.9577464788732394,0.11428571428571428,
IMPACT,0.8852040816326531,,,,0.8152327221438646,0.8461538461538461,,
INA,0.9846240654535195,,,0.9550863723608445,,0.961405529953917,,
INAFM2,,,,,0.9660107334525939,,,
INF2,,,,,0.9726763717805151,0.9609665427509294,,
ING1,0.8211920529801324,,0.7122302158273381,0.7380952380952381,0.6841491841491841,0.7606837606837606,0.548469387755102,0.32222222222222224
ING2,0.098256735340729,,,,,0.13548387096774195,,
ING5,,0.8155339805825242,,0.7302904564315352,0.848893166506256,0.7670454545454546,0.8276923076923077,
INIP,0.66993006993007,0.8035714285714286,0.9225352112676056,,,0.6066350710900474,,
INKA2,0.7737430167597765,,0.15151515151515152,0.26037735849056604,0.7715260017050298,0.7350993377483444,0.8168089297439265,
INO80,,,,0.7314814814814815,,0.6460176991150443,,
INPP1,,,,,0.8907599309153713,,,
INPP4A,0.266,0.35,,0.9389763779527559,0.9645988957453718,0.9330453563714903,0.2846274921301154,
INPP4B,,,,,0.21160409556313994,0.26229508196721313,0.6371681415929203,
INPP5F,,,,,,0.9731363331094695,,
INPP5K,0.9014647137150466,,,0.8577405857740585,0.8433179723502304,0.7592592592592593,0.8590476190476191,
INSIG1,,0.9219219219219219,0.8511029411764706,0.9427549194991055,0.8907681465821,0.874326750448833,0.9506378258458126,
INSIG2,0.8514376996805112,,,0.21585903083700442,0.32854061826024444,0.1201923076923077,0.6078059871163319,
INSR,0.8245192307692307,0.48466257668711654,,0.7018469656992085,0.7404299947561616,0.545816733067729,0.5634306134603931,0.4486486486486487
INSYN2B,,,,,0.6524822695035462,,,
INTS10,0.8442453480358374,0.7375,0.896358543417367,0.8443223443223443,0.7632113821138211,0.7832369942196532,0.8472998137802608,
INTS11,,,,0.9549393414211439,0.9422330097087379,0.9415384615384615,,
INTS13,,0.4878048780487805,,0.7863247863247863,,,,
INTS4P1,,,0.59375,,0.7057057057057057,,,
INTS6,,,,,0.3644578313253012,0.20652173913043478,0.15690376569037656,
INTS6L,,,0.6526315789473685,,0.6939890710382514,0.6144578313253012,0.8244111349036403,
INTS7,,,,,0.393026941362916,0.37735849056603776,,
INTS8,0.8172043010752689,,,,,0.6203703703703703,0.7084805653710248,
INTU,0.7593984962406015,0.3150684931506849,0.7108433734939759,0.5358649789029536,0.65,,0.934560327198364,
IP6K1,,,0.9582309582309583,0.9765051395007343,0.9793438639125152,0.9597457627118644,,
IP6K2,,0.7748538011695907,0.9476584022038568,0.87375,0.8245394942241648,0.828978622327791,0.7987595887057287,
IPCEF1,,,,,0.9594983901033723,,0.9297347603536529,
IPO11,0.900990099009901,,,,0.9077615298087739,,0.8249118683901293,
IPO13,,,,0.9346534653465347,0.9257950530035336,,0.9683470105509965,
IPO5,0.5878003696857671,0.8848314606741573,0.9635854341736695,,0.6402844689148888,0.5542427497314716,0.3350881208514534,0.5035971223021583
IPO7,0.7998906506287589,0.7748344370860927,0.8670886075949367,0.8854271356783919,0.7120098039215687,0.7438162544169611,0.8218516893374287,0.1643002028397566
IPO9,0.2183406113537118,0.4074074074074074,0.1346938775510204,0.8652694610778443,0.23382126348228044,0.18421052631578946,0.36404494382022473,0.5689655172413793
IPP,,,,,0.0952914798206278,0.3787878787878788,,
IPPK,,,,,0.17137809187279152,,,
IQCA1,,0.5882352941176471,,0.7924528301886793,,,,
IQCE,,,,,0.8892045454545454,,0.9126984126984127,
IQGAP1,0.6180904522613065,0.9340277777777778,,,0.7442958300550747,,,
IQSEC1,0.7646881590840615,0.9691943127962085,0.7320261437908496,0.9639012032932236,0.9862606232294617,0.9332784184514004,0.9633407243163341,0.9476102941176471
IQSEC2,0.8079534432589719,,0.8389513108614233,0.046908315565031986,0.07291666666666667,0.8788659793814433,0.8931226765799256,
IQSEC3,,,,,,0.9488054607508533,,
IRAK1BP1,,,0.5714285714285714,,,,,
IRF1,,0.3048780487804878,,,,,,
IRF2BP2,0.6530487804878049,0.6443691786621507,0.603448275862069,0.6828947368421052,0.5284108173807354,0.5765895953757225,0.6922552804905746,0.7164179104477612
IRF2BPL,,0.7272727272727273,0.6544117647058824,0.6422413793103449,0.6371501272264631,,0.5342723004694836,
IRGQ,0.11065006915629322,,,,0.11718020541549953,0.9498680738786279,,
IRS1,0.7510729613733905,,0.8059701492537313,,,0.7090909090909091,,
IRS2,0.6510889292196007,0.4659400544959128,,,0.6888292776393945,0.5645454545454546,,
ISCA1,0.7460526315789474,0.7268041237113402,,,0.8124629080118695,0.8021978021978022,0.937306158617634,0.825
ISCA2,,,,,0.9694835680751174,,,
ISCU,0.8922348164439181,,,0.9368635437881874,,,,
ISG20L2,0.5900621118012422,,,,,,,
ISLR2,,,,,0.9247967479674797,,,
IST1,,,,,0.030451866404715127,,,
ISY1,,0.8214285714285714,,,0.7168576104746317,,,
ITCH,,0.8512396694214877,0.959349593495935,0.1863799283154122,0.9356796116504854,0.17131474103585656,0.11892901618929017,
ITFG1,0.5615883306320908,0.48746518105849584,0.5110717449069974,0.49263873159682897,0.9649494823500062,,0.5632949727437916,0.4596100278551532
ITFG2,,,,,0.16341463414634147,0.23880597014925373,,
ITGA1,,,,,0.5223880597014925,,,
ITGA6,,,0.9310344827586207,,,,,0.9047619047619048
ITGA8,,,,,0.8303030303030303,,,
ITGA9-AS1,,,,,0.37184115523465705,,,
ITGAV,,,,0.9621342512908778,0.9799490770210058,,0.933659839715049,
ITGB1,,,,0.8405063291139241,0.9900355871886121,,,
ITGB1BP1,,0.18867924528301888,,0.7224835371589841,0.11782999308914996,0.18459302325581395,0.20896601590744757,0.9748549323017408
ITGB2,,,,,,0.6631578947368421,,
ITGB3BP,,0.25,,,,,,
ITGB5,0.1411764705882353,0.12871287128712872,0.20279720279720279,0.2430939226519337,,0.2,,
ITGB8,,0.980276134122288,0.9481216457960644,,0.947869806827203,0.9144542772861357,0.97859450726979,
ITIH5,,,,,,0.4057971014492754,,
ITM2B,0.9783520032987424,0.9722110350382601,0.9806488332384746,,0.9471316085489314,0.9367204936326637,0.6565442249038589,0.006590257879656161
ITM2C,0.9864827586206897,0.9853211009174312,0.9923426657094999,,,0.9865210318382523,0.9903327157012809,
ITPK1,,0.025136612021857924,0.01177336276674025,0.9873684210526316,0.0125651650848817,0.016786570743405275,0.011940864291129644,
ITPKB,,0.9607361963190184,0.9605263157894737,,0.9772796122387155,,,
ITPR1,,,0.9800221975582686,0.9944720840243229,,,0.9916897506925207,
ITPR2,,,,,0.8316008316008316,0.6770833333333334,,
ITPRID2,0.8527336860670194,,0.9251336898395722,0.9331683168316832,0.8662075750122971,0.8388888888888889,0.8703703703703703,0.8980716253443526
ITPRIPL2,,,,,,0.6065573770491803,,
ITSN1,0.7276814386640976,0.7412935323383084,0.7517985611510791,0.930648769574944,0.8126126126126126,0.8022727272727272,0.7479569892473118,0.7972665148063781
ITSN2,0.29568788501026694,0.5067024128686327,0.3163841807909605,0.5526315789473685,0.7181141439205956,0.24120603015075376,0.22260668973471742,
IVD,0.6762048192771084,0.4358974358974359,0.7813953488372093,,0.175564681724846,0.7954545454545454,0.6574827802128992,
IVNS1ABP,0.5544082605242255,0.4975124378109453,0.6666666666666666,0.9381818181818182,0.5813229571984436,,0.7139588100686499,0.5507246376811594
IWS1,,,,,,0.8562874251497006,,
JADE1,0.7446569178852643,0.927536231884058,,0.8413597733711048,0.625,0.5612903225806452,0.4222972972972973,
JADE2,,0.887459807073955,,,0.9707771355170199,0.9468085106382979,,0.9242424242424242
JAG1,,,,,,0.8015873015873016,,
JAG2,,,0.8275862068965517,,0.11649365628604383,,,
JAK1,,0.8852459016393442,,,0.9476324866729382,,0.836297309621523,
JAK2,0.6124031007751938,,0.64,,0.551948051948052,,,
JAKMIP1,,,0.9151670951156813,0.9469026548672567,,0.9682274247491639,,
JAKMIP2,0.9110396570203644,0.6932515337423313,0.8871794871794871,,0.8738796414852753,0.9223300970873787,0.9156492785793563,0.25
JAM2,,,0.8117647058823529,0.7649572649572649,0.7116212338593975,0.6530612244897959,0.7572559366754618,
JAM3,,0.9722991689750693,0.973015873015873,0.9729206963249516,,,0.5740932642487047,
JARID2,,,,,,0.825,,
JAZF1,,0.8172043010752689,0.9618320610687023,0.9478021978021978,0.9549826856483262,0.8546365914786967,0.9699560332193454,
JCAD,,,,,0.9754420432220039,,,
JDP2,,0.7560975609756098,0.7719298245614035,,0.1589958158995816,0.7473684210526316,,
JHY,0.4740740740740741,,,,0.46462264150943394,,0.6702508960573477,
JKAMP,0.9595050618672666,0.1464968152866242,,0.17280453257790368,0.19047619047619047,0.13170731707317074,0.16708052500886839,
JMJD1C,0.8882921589688507,0.4421965317919075,0.788546255506608,0.9033816425120773,,0.7508960573476703,0.728735632183908,0.8300653594771242
JMJD4,,,,,0.8641732283464567,0.7886178861788617,,
JMJD6,,0.4493927125506073,,,0.37987987987987987,,0.6738816738816739,0.6442953020134228
JMY,,,,,0.9811730629978277,0.7443946188340808,,
JOSD1,,,,,,0.8877551020408163,,
JPH3,,,,,,0.8920056100981767,,
JPH4,0.9284228048272992,,,,0.9610175090849026,,,0.9713804713804713
JPT1,0.9783579525936105,0.578125,0.9451476793248945,0.7461340206185567,0.7575542965061378,0.7086834733893558,0.7522900763358779,0.6992753623188406
JPT2,,0.24444444444444444,0.25,,0.21824381926683717,,0.3252279635258359,
JPX,0.6645161290322581,0.6890243902439024,0.857707509881423,,0.6344086021505376,0.5506329113924051,0.8850174216027874,0.509090909090909
JRKL,,,,,0.17928730512249444,,,
JUN,0.7643641058747579,0.22674418604651161,0.34050179211469533,0.771689497716895,0.4426769061985738,0.3236301369863014,0.4715048975957257,0.35555555555555557
KALRN,0.4069417873735993,0.5822784810126582,0.6662303664921466,0.7392102846648301,0.6445255474452555,0.7192784667418264,0.6604310695404636,0.6736842105263158
KANK1,,0.8010471204188482,0.7824427480916031,0.8516129032258064,0.4451733833177132,0.9101796407185628,0.9261576971214017,
KANSL1,,0.8371428571428572,,,,,0.9470387243735763,
KANSL1L,,0.7130434782608696,,0.5423728813559322,0.6313868613138686,0.4791666666666667,0.5299145299145299,
KANTR,,0.42,0.791907514450867,0.3723849372384937,0.7516129032258064,0.2682926829268293,0.48258706467661694,0.9051094890510949
KARS1,,,,0.7822445561139029,,,,
KAT2B,,0.5797665369649806,0.841688654353562,,,0.9166666666666666,0.9334752527940394,0.9586776859504132
KAT6A,,,,,0.8351195383347073,,0.9183841714756801,0.875
KAT6B,0.8812056737588653,0.46153846153846156,0.927710843373494,,,0.20512820512820512,,0.6748768472906403
KAT7,,,,,,0.9256198347107438,0.03866666666666667,
KAT8,,,,,,,0.9726027397260274,
KATNAL1,0.9345403899721448,0.8188405797101449,,,0.9420035149384886,0.8516483516483516,,
KATNBL1,0.3213213213213213,,,,0.42095238095238097,0.5094339622641509,0.8128342245989305,0.5353535353535354
KAZN,,0.8228571428571428,0.6643356643356644,0.8113207547169812,0.9752570694087404,0.930835734870317,0.9346959122632104,0.746268656716418
KBTBD11,0.9772434521253757,,0.9770867430441899,0.9793926247288504,0.9770063119927863,,,
KBTBD2,,,0.8703703703703703,,0.8941469489414695,0.9423076923076923,,
KBTBD3,,,,,0.3867595818815331,,,
KBTBD6,0.7731029301277235,,,,,0.6201117318435754,,0.5223880597014925
KBTBD7,0.5857519788918206,,0.6320754716981132,0.5907473309608541,,0.42035398230088494,0.6248856358645929,0.75
KCMF1,0.38472418670438474,0.39436619718309857,0.3626373626373626,0.42487046632124353,0.48247978436657685,0.4510250569476082,0.4959579628132579,0.46938775510204084
KCNA1,,,0.9278350515463918,,,,,
KCNA2,,,,,0.9415094339622642,,,
KCNA3,0.9104046242774566,,0.7414965986394558,,0.8752122241086587,,0.7805447470817121,
KCNAB2,,,,,,,0.9921135646687698,
KCNB1,0.8834355828220859,0.6333333333333333,,0.7141089108910891,0.8011363636363636,0.7928692699490663,0.8332165381920112,0.6602564102564102
KCNB2,,,0.6551724137931034,0.6754385964912281,,,,
KCNC1,0.8294229549778059,0.6728971962616822,0.7490909090909091,0.788712011577424,0.7704498977505112,0.7292418772563177,0.8114252404546779,0.7807807807807807
KCNC2,0.9799732977303071,,0.866,0.9509018036072144,0.9188811188811189,0.873855544252289,0.9688494770350159,
KCND2,,,,0.963963963963964,,,0.9715852442671984,
KCND3,0.8667883211678832,0.5111111111111111,0.7725631768953068,,0.8411338167435728,0.7513611615245009,0.9703138252756573,0.8678756476683938
KCNH1,,,,,,0.9471153846153846,,
KCNH2,,0.42857142857142855,,,0.46162790697674416,,0.6903426791277258,
KCNH3,,,,,0.989413988657845,,,
KCNH5,,,,,0.8932655654383735,,,
KCNH7,,,0.43478260869565216,,,0.5757575757575758,0.4714828897338403,
KCNH8,,0.8301886792452831,0.54,,0.9571045576407506,,,
KCNIP3,,0.8387096774193549,0.8805309734513275,0.8907563025210085,0.7905358385525401,,0.9415515409139213,
KCNIP4,0.9909027291812457,0.45,0.5596868884540117,0.6441988950276243,0.8860979855757274,0.7884767166535123,0.7390343957084253,0.5936902485659655
KCNJ10,0.9325626204238922,0.33906633906633904,0.24156305506216696,0.3540772532188841,0.4461394038957991,0.32186234817813764,0.2817142857142857,0.4250559284116331
KCNJ11,0.19741100323624594,,,,,,,
KCNJ3,0.8471279963817278,,0.8888888888888888,0.8783694937541091,0.8689717925386715,0.9404117009750813,0.7883742052679382,0.7729138166894665
KCNJ6,,,,0.8,0.6153846153846154,,,
KCNJ8,,,0.5192307692307693,,0.4807692307692308,,,
KCNJ9,0.9372197309417041,,,0.9772256728778468,0.9570405727923628,,,
KCNK10,,,,,0.8101010101010101,0.6666666666666666,0.6625514403292181,
KCNK12,,,,,0.1922110552763819,,,0.2
KCNK2,,,,,0.7149532710280374,,,
KCNK3,0.6428571428571429,,,,0.7133956386292835,,,
KCNK9,,,,,0.7278350515463917,,,
KCNMA1,0.8139671361502347,0.8138528138528138,0.8715083798882681,0.7551240560949298,0.7392313644570544,0.6775456919060052,0.9869408168935816,0.7495826377295493
KCNMB2,,,,0.5142857142857142,,0.6428571428571429,,
KCNMB4,,0.9032258064516129,,0.8777777777777778,0.2938794951178852,,,0.21179039301310043
KCNN1,,,0.6447368421052632,,0.5203426124197003,0.5612244897959183,,
KCNN3,,0.6666666666666666,,0.7899543378995434,0.5432595573440644,,,
KCNQ2,0.9089368911478187,0.8977272727272727,0.9078156312625251,0.9488966318234611,0.9401473296500921,0.9465753424657535,0.9552281917966493,0.9001956947162426
KCNQ3,,,0.9522388059701492,0.9592592592592593,0.877287853577371,0.9756554307116105,0.9102920723226704,0.7902813299232737
KCNQ5,0.9867279224093926,,,0.9153515064562411,0.9864209505334627,0.5675675675675675,0.9577869588647386,
KCNS1,0.93909973521624,,,0.9679878048780488,,0.9341317365269461,,
KCNS2,0.5054347826086957,,,,0.20569620253164558,0.6880733944954128,,
KCNT1,0.10804851157662625,0.2,0.14150943396226415,0.13611615245009073,0.10920897284533648,0.11678832116788321,,
KCNV1,0.7240184757505773,,0.8235294117647058,0.6386986301369864,0.7378597122302158,0.3893617021276596,,
KCTD1,,,,0.820855614973262,,0.7495652173913043,,0.8602739726027397
KCTD10,,0.7701149425287356,,,,0.9195402298850575,0.8962782184258694,
KCTD12,,,,0.9238095238095239,,,,
KCTD13,,,,0.8192090395480226,0.7906735751295336,,0.8516377649325626,
KCTD15,,,,,0.52,0.6285714285714286,,
KCTD16,0.8732510288065843,0.46153846153846156,0.8888888888888888,0.6608357628765792,0.7447354904982023,0.631578947368421,0.6892950391644909,0.8939393939393939
KCTD2,,,,0.9734717416378316,,0.9564270152505446,0.9692823233733594,
KCTD20,,,0.9289940828402367,,,,0.9858392336526447,
KCTD3,,,,,,,0.8333333333333334,
KDELR1,,0.8253968253968254,,,,,,
KDELR2,0.7545871559633027,,,0.8507853403141361,0.7857479943369514,0.8328267477203647,,
KDM1A,,0.8492063492063492,,,,0.8333333333333334,0.9652740097666848,0.8166666666666667
KDM1B,,,,,,,0.8923679060665362,
KDM2A,,0.782608695652174,,,0.967741935483871,0.930635838150289,0.9766081871345029,
KDM4A,0.9693251533742331,,,,,,,
KDM4B,,,,,0.9660152931180969,,,
KDM4C,,0.819672131147541,,0.8899082568807339,0.8668515950069348,0.8378378378378378,,
KDM5A,,,,0.40540540540540543,0.8235294117647058,0.6086956521739131,,
KDM5B,,,,0.8571428571428571,0.6051779935275081,,,
KDM5C,,0.05813953488372093,0.24504950495049505,,0.20843989769820973,0.23214285714285715,0.23850267379679144,
KDM5D,,,,0.1317365269461078,0.16150234741784036,,,
KDM6A,0.5857142857142857,,,,0.7649896623018608,,,
KDSR,0.25595238095238093,0.20437956204379562,0.8372093023255814,0.9044117647058824,0.9574924860455131,,0.2855093256814921,0.30952380952380953
KHDC1,,,,,,0.9026548672566371,,
KHDC1-AS1,0.5,,,0.475,0.2535211267605634,,0.38095238095238093,
KHDRBS1,,0.7614213197969543,,,0.796451355661882,0.02454780361757106,,
KHDRBS2,,,,0.5,,0.7991071428571429,,
KHDRBS2-OT1,,,,0.5454545454545454,0.3101449275362319,,,
KHDRBS3,0.21938936103242052,0.9452380952380952,0.21233689205219455,0.9896373056994818,0.9843654199877376,0.1455160744500846,,0.903179190751445
KHK,0.07706093189964158,,,,,,0.1277533039647577,
KHNYN,,,,,,0.5769230769230769,,
KHSRP,,,,,,,,0.7757575757575758
KIAA0232,0.08416547788873038,0.8520710059171598,0.1757188498402556,0.9463667820069204,0.9842840512223515,0.872093023255814,0.9587301587301588,
KIAA0319,0.8839779005524862,,,,0.8612181958365459,0.8488372093023255,0.8672427336999214,
KIAA0319L,,0.5705521472392638,,,,0.6675392670157068,,
KIAA0408,0.9712335446123842,0.5550847457627118,0.20084566596194503,0.5394973070017953,0.7755827736072699,0.7156133828996283,0.6144444444444445,0.4804597701149425
KIAA0513,0.9800884955752213,,,0.9801553062985332,0.9893379618150261,,0.9866036249014972,
KIAA0586,0.6216216216216216,0.5,,,,0.5081967213114754,,
KIAA0825,,,,,,,0.78,
KIAA0930,0.31536748329621384,0.3041637261820748,0.2678421494542401,0.9554937413073713,0.3613691931540342,0.3853459972862958,0.9651912333476579,0.39292543021032506
KIAA1143,0.5814648729446936,0.5523255813953488,0.6995884773662552,,0.6520488856937455,0.5515873015873016,0.7825229960578186,
KIAA1549,,,,0.7834394904458599,0.9058333333333334,,0.8063623789764869,0.6229508196721312
KIAA1549L,0.9798251513113652,0.9158415841584159,0.8731924360400445,0.8538633818589025,0.7938346400570206,0.8681699913269731,0.9056476158268515,0.9256505576208178
KIAA1586,,,,,0.2150706436420722,,,
KIAA1755,,0.358974358974359,,,0.3322717622080679,,,
KIAA1958,,0.35,0.6875,,0.6409921671018277,,,
KIAA2013,,,0.5920398009950248,,0.5254098360655738,0.6521739130434783,0.6074847693646649,0.6901408450704225
KIAA2026,0.7881325081907535,0.6875,0.5502008032128514,0.6935483870967742,0.6870189840944074,0.7434782608695653,,0.776536312849162
KICS2,,,,,0.8328767123287671,,,
KIDINS220,0.2800171526586621,0.10981308411214953,0.2663622526636225,0.2883087400681044,0.9704424778761062,0.09981515711645102,,0.060324825986078884
KIF13A,,,,,0.8485576923076923,,0.9366666666666666,
KIF13B,,,,,0.9532538955087076,,,
KIF16B,,0.7058823529411765,,,0.6899328859060403,0.30994152046783624,,
KIF17,,,,,0.8668171557562077,,,
KIF19,,,,,0.9,,,
KIF1A,0.9949626865671641,,0.9253421816673579,,0.8659821191466761,,0.9835051546391752,
KIF1B,0.9673423423423423,0.8725561187545257,0.9226519337016574,0.9503619441571872,0.9134191003850127,0.9312242090784044,0.9659884603704828,0.9405267629566695
KIF1C,,,,,0.09544706527701591,,,0.9292237442922374
KIF21A,0.8576923076923076,0.4534711964549483,0.9372056514913658,0.6180469715698393,0.7652877697841727,0.9195241427571729,0.837428527275537,0.8690476190476191
KIF22,,,,,,0.5705705705705706,,
KIF27,,,,,0.46464646464646464,,,
KIF2A,0.5937755937755937,0.6337349397590362,0.5336048879837068,0.6354679802955665,0.8804705882352941,0.6135831381733021,0.8704536166734778,0.5232558139534884
KIF3A,0.6610541727672035,0.5683530678148547,0.7104838709677419,0.6885630498533725,0.9405056072989926,0.7190123456790124,0.9587912087912088,0.690537084398977
KIF3B,0.7864882090503506,0.398406374501992,0.9537892791127541,,0.9590643274853801,0.9763975155279503,0.6547711404189294,0.459954233409611
KIF3C,0.8309891630159096,0.8184210526315789,0.8715677590788308,0.8551474392136575,0.9840360711674384,0.8196610169491525,0.8323608071966934,0.9759277833500501
KIF5A,0.7637057598889659,0.9578820697954272,0.964367816091954,0.8571723852831749,0.9359736503856041,0.7948717948717948,0.962510897994769,0.907695374800638
KIF5B,0.4850498338870432,0.5436997319034853,,0.7927170868347339,0.5912657290895633,0.648854961832061,0.8010522854324236,0.6973478939157566
KIF5C,0.9044142614601018,0.7356037151702787,,0.8950197061984951,0.8396545885540129,0.7917981072555205,0.8111201962387572,0.8121934127540295
KIF6,,0.6549295774647887,,,0.6464646464646465,,,
KIF9,,,0.6557377049180327,,,0.0670391061452514,,
KIFAP3,0.8342128408091469,0.8199513381995134,,0.8338590956887487,0.8346764909049045,0.9186875891583453,0.8639768694966488,0.9032258064516129
KIFBP,,,,0.9330289193302892,,,,
KIN,,,,0.29545454545454547,,,,
KIZ,,0.59375,,,,0.5748031496062992,,
KLC1,0.9467364532019704,0.9357876712328768,0.9832116788321168,0.9542245989304813,0.9486395357954991,0.9523043944265809,0.9351957702200628,0.10135900339750849
KLF13,,0.8951965065502183,,0.9128113879003559,,0.879182156133829,0.9339546191247974,
KLF3,,,,,0.9760536398467433,,,
KLF6,,,0.7688442211055276,,,,,
KLF7,0.5844155844155844,0.6611570247933884,0.6934306569343066,,0.9418604651162791,,,0.7457627118644068
KLF9,0.975735294117647,,,,,,0.9607424791977811,
KLHDC10,,0.6647398843930635,0.8514285714285714,0.8909952606635071,0.8899044453676777,,,
KLHDC3,,,,,,0.975964225824483,,
KLHDC4,0.245,0.5,,,,0.21428571428571427,,
KLHDC8A,,,,,0.5714285714285714,,0.5365853658536586,
KLHL12,,,,,0.9438622754491018,0.8911290322580645,,
KLHL18,0.6427406199021207,,,0.7802690582959642,0.8517786561264822,0.8099173553719008,0.9206921413121846,
KLHL20,,,,,0.9757391963608795,,0.7848837209302325,
KLHL23,0.5813630041724618,,,,0.905337361530715,,0.14705882352941177,
KLHL24,0.918918918918919,0.18363402061855671,0.2040332147093713,0.9766718506998445,0.9478194629594363,0.26299045599151644,0.46214355948869223,0.12418300653594772
KLHL26,,,,,0.161186848436247,,,
KLHL28,,,,,0.8943820224719101,,,
KLHL3,,0.8421052631578947,,,,0.8707482993197279,,
KLHL32,,0.8406708595387841,,0.9259259259259259,0.9097839898348158,0.9135135135135135,0.8229885057471265,
KLHL35,,,,0.8440366972477065,0.9122023809523809,,0.8806941431670282,
KLHL36,,,,,,,0.8083889418493804,
KLHL4,,,,,0.3074912891986063,,0.36009732360097324,
KLHL42,0.9339752407152683,0.7393939393939394,,,,0.8398169336384439,,0.8609865470852018
KLHL5,0.413751507840772,0.3956043956043956,,0.39194139194139194,0.45657015590200445,0.49258160237388726,0.2774914089347079,0.34226190476190477
KLHL7,,,,,0.966589861751152,,,
KLHL8,,0.5294117647058824,0.6166666666666667,0.5726495726495726,0.7544910179640718,0.8347107438016529,,0.4117647058823529
KLHL9,,,,0.86,0.9582938388625593,,,
KLK6,,0.9696969696969697,,,,,,
KMT2A,0.9683490162532079,0.649171270718232,0.9337175792507204,,0.62782859894078,,0.9817945383615084,
KMT2C,,,,0.8976897689768977,0.9641288433382138,0.7264437689969605,0.9647676161919041,
KMT2E,0.8032786885245902,0.420129270544783,0.21621621621621623,0.5866477272727273,0.9181191730847182,0.40409683426443205,0.6632947976878613,
KMT5A,,,,,0.838135593220339,,,
KMT5B,0.7032258064516129,0.8392857142857143,0.859504132231405,0.8605769230769231,0.9662447257383966,0.7761194029850746,,0.905511811023622
KNDC1,0.8431504543924605,,0.4774436090225564,0.9592298980747452,0.8723135271807838,0.4973637961335677,,
KNOP1,,,,,,0.4909090909090909,,
KPNA1,0.3841897233201581,0.43010752688172044,,0.8603896103896104,0.3220159151193634,0.6334164588528678,0.41757355904877064,0.6629213483146067
KPNA2,0.02880658436213992,,,,,,,
KPNA3,,,0.9458483754512635,,,0.9718614718614719,,0.9241379310344827
KPNA4,0.8371794871794872,0.7916666666666666,0.8191214470284238,0.8439716312056738,0.8134389511062551,0.7106299212598425,0.8749669574411842,0.08196721311475409
KPNA5,0.6365883807169345,0.40268456375838924,,0.7343453510436433,0.9386018237082067,0.501779359430605,0.9607740585774058,0.38257575757575757
KPNB1,0.7074155653450808,0.44597249508840864,0.5839243498817966,0.6683381088825215,0.4114949556710486,0.8813886210221794,0.508223240765705,0.42387543252595156
KRBA2,,,,,0.5144508670520231,,,
KRBOX4,,0.3870967741935484,,,,,,
KRBOX5,,,,,0.5681818181818182,,,
KRI1,,0.34375,0.38405797101449274,,0.43373493975903615,,,
KRIT1,,,,,0.36792452830188677,,,
KRR1,0.4418331374853114,,,0.5466666666666666,0.6220689655172413,0.5524861878453039,0.49128367670364503,
KRT222,0.5086013462976814,,0.5279503105590062,0.570957095709571,,0.8641975308641975,,0.5168539325842697
KSR2,,,,,0.9416445623342176,0.9080459770114943,0.9705882352941176,
KTN1,0.7420785804816223,0.7031835205992509,0.9214876033057852,0.47514910536779326,0.5333411324286382,0.8559322033898306,0.7692652329749103,0.8278867102396514
L2HGDH,,,,,0.8148148148148148,,,
L3HYPDH,0.782258064516129,,,,,0.35,,
L3MBTL1,0.7961538461538461,0.5614035087719298,,,0.8042763157894737,0.6986301369863014,,
L3MBTL2,0.9567949725058916,,,,,,,
L3MBTL3,0.5196078431372549,,,,,,,
L3MBTL4,,,,,,,0.822463768115942,
LACTB,,,,,0.7429078014184397,,,
LAIR1,,,,0.5116279069767442,,,0.48484848484848486,
LAMA4,,,,,0.6305970149253731,,,
LAMC1,,,,,,,0.7769784172661871,
LAMP2,0.4655274012964054,0.9278879015721121,0.22424557752341312,0.509633312616532,0.5503443752049852,0.47555555555555556,0.4778337222153997,0.38026315789473686
LAMTOR2,,,,0.6084656084656085,,,,0.5668662674650699
LAMTOR3,,0.4251968503937008,,0.43031358885017423,0.3450479233226837,,,0.2754237288135593
LANCL1,0.9567886079057206,0.980565371024735,0.9426485922836287,0.03581526861451461,0.9375840731772935,0.023121387283236993,0.9941843559174178,0.9531914893617022
LANCL2,,,,0.9136842105263158,0.9235580264072273,,0.9020390070921985,
LAP3,,,0.9259259259259259,,,0.9129213483146067,,
LAPTM4A,,,,,,0.9760348583877996,,
LAPTM4B,0.9230028873917228,,0.9036697247706422,,,,,
LAPTM5,0.8895027624309392,0.8740157480314961,,0.9002932551319648,,,,
LARGE1,0.07988165680473373,,0.9543147208121827,,,0.07819905213270142,0.03786707882534776,
LARP1,,0.9165402124430956,0.7772685609532539,0.8238095238095238,,0.7859259259259259,,0.6651053864168618
LARP1B,0.4666666666666667,0.10759493670886076,,0.4326923076923077,0.4972170686456401,0.31451612903225806,0.5454545454545454,
LARP4,0.8574561403508771,,,,,,,
LARP4B,0.8539325842696629,0.8367346938775511,,0.22185430463576158,0.169849931787176,0.200836820083682,0.7788461538461539,
LARP6,0.8039900249376558,0.850835322195704,0.6162162162162163,0.8567293777134588,0.8126548818767553,0.8226666666666667,,0.8621794871794872
LARP7,0.6264044943820225,0.5240641711229946,0.7037037037037037,0.853185595567867,0.7206840390879479,0.7348837209302326,0.8828828828828829,
LARS1,0.8538283062645011,0.6789667896678967,0.8493723849372385,0.2823529411764706,0.24587087087087087,0.8041825095057035,0.21036585365853658,0.2677165354330709
LAS1L,0.4228571428571429,0.7416666666666667,0.6153846153846154,,0.893368010403121,,0.5495118549511855,
LASP1NB,0.13523131672597866,,,,0.3567251461988304,0.3248081841432225,,
LAT,,,,,,,0.6759259259259259,
LATS1,,,,,,0.9281045751633987,,
LAYN,,,,,0.036072144288577156,,,
LCAT,0.625,,,0.8068181818181818,0.5459940652818991,,,
LCNL1,0.26878612716763006,,,,,,0.4375,
LCOR,,0.53125,,0.2978723404255319,0.2590431738623104,0.323943661971831,,
LCORL,,,,0.5,0.7617647058823529,,,
LDB1,,,,,,0.5700934579439252,,
LDB2,,,0.9429223744292238,0.9810366624525917,,0.9829302987197724,,0.9204545454545454
LDB3,,,0.7086092715231788,,0.7112970711297071,0.6923076923076923,,
LDHA,,,,,0.9797895614126472,,,
LDHB,0.969179966978536,,,0.9823321554770318,0.9806220951018949,0.9840250329380764,0.9805282306966716,
LDLRAD4,,0.5875486381322957,0.9439252336448598,0.9148936170212766,0.8570786516853932,0.9350180505415162,0.9816311535635562,
LEMD3,,,,,0.9233110164333537,,,
LENG1,0.85,,,,,,,
LEO1,,0.7864077669902912,,,,,,
LEPROT,,0.3382352941176471,,,0.4203152364273205,0.29577464788732394,0.3365695792880259,
LEPROTL1,0.9071504802561366,,0.08602150537634409,0.9353846153846154,0.8948306595365418,0.9407407407407408,,
LETM1,0.9405099150141643,,,,,,0.9394506866416978,0.9362745098039216
LETMD1,,,0.9323529411764706,,0.9720216606498195,0.9719101123595506,0.968949383241174,0.9061371841155235
LGALS3,0.6589418452120682,,0.6775067750677507,0.7469325153374233,,,,
LGALS8,0.6493738819320215,,,0.7980132450331126,0.7435897435897436,0.7004830917874396,0.7869879518072289,0.7833333333333333
LGALSL,,,,,,0.8640776699029126,,
LGI1,,,0.9336870026525199,,0.022966134682755938,,,
LGI2,0.8909774436090225,,,,0.4412811387900356,0.45614035087719296,0.43736730360934184,
LGI3,,,,0.9814963797264682,0.9840512989148307,,,
LGI4,0.6035665294924554,0.8724279835390947,0.8776595744680851,0.6721311475409836,0.6740244383129681,0.7820069204152249,0.9415437003405221,0.8904639175257731
LGR5,,,,,0.9079189686924494,,,
LHFPL6,,0.8585858585858586,0.9444444444444444,0.9758771929824561,,,0.8058974358974359,0.9405204460966543
LHPP,0.9384372533543804,,,0.9500831946755408,0.9906200317965024,,,
LIFR,0.9198075380914194,0.9182058047493403,0.9581497797356828,0.9211087420042644,0.8448275862068966,,,0.9424920127795527
LIMCH1,0.9196157735085946,0.6836065573770492,0.8732193732193733,0.8907317073170732,0.9536509580528224,0.8168067226890756,0.9510653242800281,0.8964757709251101
LIMK2,,0.782608695652174,,,,,,
LIN54,,,,,0.145,,,
LIN7A,,,,0.9123867069486404,,,,
LIN7B,,,0.445,,,,,
LINC-PINT,0.2753108348134991,0.6040268456375839,0.7003891050583657,0.24081632653061225,0.8307291666666666,0.7073170731707317,0.2236614853195164,0.7346938775510204
LINC00174,,,,,0.24310776942355888,,,
LINC00205,,,,0.5877192982456141,0.5153374233128835,0.6533333333333333,,
LINC00299,,,,0.7678571428571429,,0.46296296296296297,,
LINC00320,,0.8682432432432432,,0.7373737373737373,0.09368836291913216,0.6369047619047619,0.11003627569528417,
LINC00326,0.6326530612244898,,,,,,,
LINC00342,,,,0.875,0.938474870017331,,,
LINC00461,0.7847058823529411,0.3010752688172043,0.5921052631578947,0.41409691629955947,0.5661764705882353,0.6587926509186351,0.5669117647058823,0.4260869565217391
LINC00472,,,,,0.26548672566371684,,,
LINC00499,,,0.18518518518518517,,0.13278008298755187,,,
LINC00507,0.9171717171717172,,,,,,,
LINC00551,,,,,0.7181208053691275,,,
LINC00595,0.6044776119402985,,0.5882352941176471,,,,,0.5409836065573771
LINC00609,,0.328125,0.3125,,0.6,,,
LINC00632,0.36418929524407473,0.9955062911923307,0.984009840098401,0.013628434365460096,0.42670331827999214,0.2326253431585031,0.3572109059565395,0.993450028232637
LINC00662,0.5926724137931034,,,,0.5250696378830083,,0.4822389666307858,
LINC00665,0.22764227642276422,,,0.2159090909090909,,,0.2642857142857143,
LINC00667,0.7335858585858586,0.5661764705882353,0.6885245901639344,0.4,0.20673526660430308,0.29133858267716534,0.4698318496538081,0.43478260869565216
LINC00706,,0.2553191489361702,,,,,,
LINC00844,,,0.5732865400495458,,,,,
LINC00869,,,0.2578125,0.7990430622009569,,,,
LINC00882,0.5323383084577115,,0.4603174603174603,0.6954314720812182,0.39080459770114945,,0.9820675105485233,0.808695652173913
LINC00938,,,,,0.17692307692307693,,,
LINC00963,,,,,0.74,0.5,,
LINC01004,,0.6626506024096386,,,,,,
LINC01018,,,,,0.6180257510729614,,0.5670498084291188,
LINC01106,,,,,0.8106427090532136,0.8504273504273504,,
LINC01123,,,,,0.5763052208835341,,,
LINC01128,,,,0.8874458874458875,,0.8680555555555556,,
LINC01140,,,,,0.5697896749521989,,,
LINC01278,0.11089108910891089,,0.12396694214876033,,0.0446985446985447,,,
LINC01322,,,,0.2331288343558282,0.04503105590062112,,,
LINC01378,,,0.4827586206896552,,,,,
LINC01411,,,,,,0.8658536585365854,,
LINC01476,,,,,,0.7684210526315789,,
LINC01503,0.3089430894308943,,,0.22641509433962265,,,,
LINC01535,,,,,0.37763713080168776,0.367816091954023,,
LINC01551,0.47653429602888087,,,0.2153846153846154,0.5011441647597255,,,
LINC01608,,0.872093023255814,0.5918367346938775,,0.9093078758949881,,,
LINC01630,,,,,0.1590909090909091,,,
LINC01963,0.888235294117647,,,,0.9226851851851852,0.8986486486486487,,
LINC02175,,,,,0.1518987341772152,,0.6181818181818182,0.5178571428571429
LINC02217,0.8981670061099797,,,,0.8681424446583254,,,
LINC02263,0.4066666666666667,,,,,,,
LINC02389,,,,,0.33642691415313225,,0.1601423487544484,
LINC02693,0.12975098296199214,0.6153846153846154,0.265625,0.2777777777777778,0.39779005524861877,,0.43861740166865315,
LINC02762,,0.36363636363636365,,,0.3228995057660626,0.20930232558139536,0.30597014925373134,
LINC02798,0.3935483870967742,,,,0.8888888888888888,,,
LINC02899,,,,,0.37735849056603776,,,
LINC02977,,,,,0.5140961857379768,,0.4811320754716981,
LINC03026,,,,,0.5612244897959183,,,
LINC03051,,,0.7894736842105263,,0.674937965260546,,0.6618357487922706,
LINC03072,,,,,,0.6363636363636364,,
LINGO1,0.5618271748617981,0.7302158273381295,0.5899880810488677,0.6290322580645161,0.5567700200758421,0.5549363057324841,0.9763000139411683,0.5705128205128205
LINGO2,,,,0.6101694915254238,,,0.7394366197183099,
LINGO3,,,,,,,0.3696969696969697,
LIPA,0.9582822085889571,0.8216783216783217,0.852359208523592,0.8864541832669323,0.8827315541601256,0.876010781671159,0.8771094764171354,0.5012106537530266
LIPT2-AS1,,,0.6976744186046512,,,,,
LITAF,,,,,,0.7857142857142857,,
LIX1,,,0.9280575539568345,0.8923076923076924,,,,
LIX1L,0.8339100346020761,,,0.9241379310344827,,,,
LLPH,,0.5454545454545454,0.164021164021164,0.5457875457875457,0.18146964856230033,0.590625,0.18104118104118105,
LMAN1,0.8601769911504424,,,,0.9310595065312046,,,
LMBR1,0.27552986512524086,,0.5977011494252874,0.610236220472441,0.5208898534997287,0.5880398671096345,0.4844632768361582,
LMBRD1,,,,,0.9766986837424404,,,
LMBRD2,0.9448511469009273,0.7964912280701755,0.9327485380116959,0.9845837615621789,,0.8114973262032086,0.980561555075594,0.8974763406940063
LMF1,0.4883720930232558,0.21666666666666667,,0.4144736842105263,0.41025641025641024,0.49056603773584906,0.5282583621683967,
LMNA,0.38268156424581007,0.49145299145299143,,0.35135135135135137,0.29128440366972475,0.3270440251572327,0.39692307692307693,0.38461538461538464
LMO3,,,0.9686434901158828,0.9848942598187311,0.9430561865818567,,0.9722129967895494,
LMO4,0.167531160486181,0.994647201946472,0.08629961587708067,0.08269285510959294,0.1615767269063661,0.09192825112107623,0.22314873085798195,0.02347802347802348
LMO7,0.9538017324350336,,,0.9354120267260579,0.14471968709256844,0.12618296529968454,,0.808695652173913
LMTK2,0.9660493827160493,,0.9305555555555556,,0.9619332763045337,0.8920454545454546,,
LMTK3,,0.795,,,,0.9440203562340967,0.9112359550561798,
LNCBRM,,,,,,0.7261410788381742,,
LNP1,,,,,,,0.9649561952440551,
LNPEP,,0.6795366795366795,,0.9484193011647255,0.9699461298554012,0.8099547511312217,,
LNPK,0.7869565217391304,0.7066666666666667,0.930635838150289,0.8983050847457628,0.7428998505231689,0.9193548387096774,0.9265873015873016,
LNX1,,,,,0.21858288770053477,0.20985401459854014,,0.3435114503816794
LONP2,0.7482394366197183,0.651685393258427,0.6515580736543909,0.5425361155698234,0.5748917748917749,0.29022988505747127,0.7432188065099458,0.7103825136612022
LONRF1,,,,0.9348534201954397,0.9330207635632953,,,
LONRF2,0.9544817927170869,,0.019777503090234856,0.9662447257383966,,0.021604938271604937,0.042841648590021694,
LPAR1,,0.962877030162413,0.8467336683417085,0.8623595505617978,0.3741715203856196,0.4968553459119497,0.8753561253561254,
LPCAT2,,0.5,,0.5625,0.8855098389982111,,,
LPGAT1,0.7186813186813187,0.8325358851674641,0.9356060606060606,0.696652719665272,0.9235349420244438,0.8552631578947368,0.9672131147540983,
LPIN1,,0.8677966101694915,,0.784037558685446,0.7878542510121458,,0.7544747081712062,0.700228832951945
LPIN2,,,,0.9090909090909091,,,,
LPP,,0.6739130434782609,,0.7121212121212122,0.6880530973451328,,,
LRATD1,0.18976545842217485,,0.1828793774319066,0.24561403508771928,0.1703950499762018,0.27634194831013914,0.7320754716981132,
LRCH3,0.55,0.6415094339622641,0.5681818181818182,0.6090909090909091,0.5064782096584217,0.19298245614035087,0.9052631578947369,
LRCH4,0.47161572052401746,,,0.4742268041237113,0.4074675324675325,0.5301204819277109,,
LRFN1,,,,0.8465909090909091,,,,
LRFN5,,0.6818181818181818,0.7525252525252525,0.7139175257731959,0.8573493975903614,0.9141414141414141,0.7365023474178404,0.6157205240174672
LRIG1,,,0.9662790697674418,,,0.9427710843373494,,
LRIG2,,,,,0.9589442815249267,0.775,,
LRP1,,0.9589442815249267,,0.9736486486486486,,0.9805144193296961,,0.9681349578256795
LRP10,,,,,0.3066812705366922,0.2689655172413793,0.3546099290780142,
LRP11,,,,,,0.953125,,
LRP12,0.8973214285714286,,,0.9398907103825137,0.8781725888324873,0.930379746835443,,
LRP1B,,0.5228426395939086,0.49148936170212765,0.6638655462184874,0.7256129368805425,0.6024096385542169,0.7068235294117647,0.47572815533980584
LRP2,,0.7896440129449838,0.4883720930232558,,0.697196261682243,,,
LRP3,0.23454301075268819,,,0.24161073825503357,0.28408644400785854,,,0.3058470764617691
LRP6,,0.8727272727272727,,,,,,
LRP8,,,,,0.41783567134268534,0.9279279279279279,0.5410122164048866,
LRPAP1,0.03923444976076555,,,,0.0781732153877803,0.05771365149833518,0.010342729669438248,
LRPPRC,0.6772727272727272,0.6244131455399061,0.6768707482993197,0.36996336996337,0.9729933899905572,0.9339045287637698,0.9582716049382716,0.40555555555555556
LRRC1,,,,,0.8926829268292683,,,
LRRC14,0.2234910277324633,0.603448275862069,0.41721854304635764,0.3053097345132743,0.3589990375360924,0.1881720430107527,0.3921397379912664,
LRRC2,,,,,0.7152466367713004,,0.9273827534039334,0.46938775510204084
LRRC27,0.5751445086705202,,,,0.7186897880539499,0.6698113207547169,0.5645756457564576,
LRRC28,,,,0.2857142857142857,0.3163538873994638,,,
LRRC37A2,,0.5797101449275363,,,,,,
LRRC37B,,,,0.46405228758169936,0.4385775862068966,0.5634920634920635,,
LRRC3B,,,,,0.07939914163090128,,,
LRRC4,,,,0.3774597495527728,0.4009508716323296,,,0.47985347985347987
LRRC41,,,,,0.026442307692307692,,,
LRRC47,0.037914691943127965,,,,,,,
LRRC49,,,,0.8241758241758241,,0.7137404580152672,,
LRRC4B,,,,,,,0.9734600262123198,
LRRC4C,,,,,,0.8911917098445595,0.9631236442516269,
LRRC51,,,,,,0.5694444444444444,,
LRRC57,,,,,0.6933115823817292,,0.9465811965811965,
LRRC58,,,,,0.9135687732342007,,,
LRRC59,0.6878787878787879,,0.8465608465608465,0.8338870431893688,0.8034934497816594,,0.6716738197424893,0.8712121212121212
LRRC7,,0.7901234567901234,0.7088607594936709,0.8140043763676149,0.8715651135005974,0.8172757475083057,0.7401177460050462,0.7426470588235294
LRRC75A,0.9187604690117253,,,,,,0.7645914396887159,
LRRC8A,,0.8619402985074627,,,,0.8373493975903614,,
LRRC8B,0.8546481766820749,0.5607476635514018,0.4975369458128079,0.4180672268907563,0.8940199335548172,0.4601226993865031,0.8646185889091382,0.6829268292682927
LRRC8C,,0.7090909090909091,,,,,,
LRRC8C-DT,,,0.4878048780487805,,0.3580508474576271,,,
LRRC8D,,0.06077348066298342,,,,,,
LRRCC1,,,,,,0.7659574468085106,,
LRRFIP1,0.8812785388127854,0.5846153846153846,,0.8337874659400545,0.6093994778067885,0.7891156462585034,0.6993006993006993,0.7866666666666666
LRRFIP2,,,0.8908296943231441,0.9078212290502793,0.9327102803738317,,0.9506172839506173,
LRRK1,0.5737704918032787,,,,0.18983050847457628,,,
LRRK2,0.6314432989690721,,0.550561797752809,,0.5218340611353712,0.934640522875817,0.6426056338028169,
LRRN1,,,,0.8270676691729323,,,,
LRRN3,,,,,,0.5703517587939698,,
LRRTM2,0.8301369863013699,,,0.90625,0.4781491002570694,0.8429319371727748,,
LRRTM3,0.8990578734858681,,0.7315789473684211,0.8551532033426184,0.8194186765615337,0.2558139534883721,0.7091770788453253,0.3333333333333333
LRRTM4,0.6830808080808081,0.375,0.45819397993311034,0.5732758620689655,0.6312189054726368,0.6254416961130742,0.5492137449039022,0.6574468085106383
LSAMP,0.8789308176100629,0.8048780487804879,0.8473360655737705,0.8727524204702628,0.8379191745485812,0.8546944858420268,0.8251079001688872,0.796923076923077
LSG1,,,,0.7870370370370371,,,,
LSM12,,,,0.803921568627451,0.8636953699697101,,,
LSM14A,0.7101185050136737,0.4049586776859504,,,0.45335276967930027,0.5376712328767124,,0.5576036866359447
LSM14B,,,,0.9555555555555556,,,,
LSM3,0.028500619578686492,,,,0.029110512129380053,,0.024524409809763923,
LSM4,,,,,0.02460492098419684,,,
LSM5,0.07993850883935434,,,,0.06292412091301666,0.10509554140127389,0.129174543163201,
LSM6,,,,,,0.8231511254019293,,
LSM7,,0.7470238095238095,,0.8255813953488372,0.7216494845360825,0.8144712430426716,,
LSM8,0.36904761904761907,,0.2717391304347826,0.648936170212766,0.3814147018030513,,0.3546099290780142,
LSP1P5,0.6602972399150743,0.6610169491525424,,0.7347826086956522,0.7474654377880184,0.7733333333333333,,0.6486486486486487
LSS,,,,,,0.11409395973154363,0.09969088098918083,
LTB4R2,,0.4492753623188406,,0.2545454545454545,0.4836879432624113,0.34782608695652173,0.23567921440261866,
LTO1,,,,0.6888888888888889,0.9107142857142857,,,0.6666666666666666
LTV1,0.8247422680412371,,,,,,,
LUC7L,,,0.9342465753424658,0.9183266932270916,0.9497118910424306,0.9057750759878419,,
LUC7L2,0.5405925355906118,0.41385597082953507,,0.7120622568093385,0.677645121449156,0.4392614188532556,0.8881151346332404,0.6055900621118012
LUC7L3,0.8562628336755647,0.39065934065934066,0.8988439306358381,0.8020446096654275,0.8999565028273162,0.875968992248062,0.8652712863239179,0.7096114519427403
LURAP1,,,0.43243243243243246,,,,,
LURAP1L,0.22439024390243903,,,,,,,
LUZP1,,,,,0.02917046490428441,,0.023492560689115115,
LY6E,,,,,0.009183503088996493,,,
LY86-AS1,,,,,0.5949152542372881,0.8181818181818182,0.9071832122679581,
LYNX1,,,0.980154355016538,0.9641495041952708,0.9885398142659554,,,
LYPD6,0.31543624161073824,,,,,,,
LYPLAL1,0.690744920993228,0.7246376811594203,,0.3300970873786408,0.9089332176929749,0.8492063492063492,0.7515337423312883,
LYRM1,0.9131455399061033,,,,,,,
LYRM2,0.35278514588859416,,0.3739130434782609,0.3395638629283489,0.38817480719794345,0.538961038961039,,
LYRM4,0.1548856548856549,0.33695652173913043,0.31981981981981983,0.29396325459317585,0.33463469046291133,0.2696969696969697,0.2441942294159043,0.21578947368421053
LYRM7,0.9172185430463576,0.7521367521367521,,,0.8824503311258278,0.8761329305135952,0.7910290237467018,
LYRM9,,,0.9401709401709402,,0.9786764705882353,0.9675810473815462,0.9626978146194424,
LYSET,,,,,0.9600614439324117,,,
LYSMD4,,,,,0.359375,0.8387096774193549,,
LYST,0.8990147783251231,0.5714285714285714,,,,,,
LYVE1,0.11263736263736264,,,,0.35994587280108253,0.3944954128440367,0.2853598014888337,
LZIC,0.6710526315789473,0.8513513513513513,0.7692307692307693,0.8,0.7808788598574822,0.766497461928934,0.7613259668508288,0.8333333333333334
LZTFL1,0.8125,0.7608695652173914,,0.808,0.05337078651685393,0.8844765342960289,0.06941950927588271,
LZTR1,,,0.9117647058823529,,,,,
LZTS3,,,,,,0.9791921664626683,,
M6PR,,,,0.9322533136966127,,,,
MACF1,0.9571567672833495,0.8378947368421052,0.9633333333333334,0.9698149951314509,0.9431293302540416,0.9318463444857497,0.9767261442979054,0.8948069241011984
MACIR,,,,,0.9317096466093601,,,
MACO1,,0.47619047619047616,0.4519774011299435,0.7663551401869159,0.8698752228163993,0.8369098712446352,0.1311787072243346,
MACROD2,,,,0.8656716417910447,,,,
MACROH2A1,0.9628210042161748,0.7899761336515513,,0.9801633605600933,0.9547491039426523,0.8910112359550562,0.9631140574536801,0.9308300395256917
MADCAM1,0.8189189189189189,,,,,,,
MADD,0.9793128925009236,,,,,,,
MAF,,,,,0.046511627906976744,0.07960199004975124,,
MAGED1,,0.7896253602305475,,,,0.983225806451613,,
MAGI1,0.7711511789181692,,0.8561643835616438,0.65,,,0.9589106545628284,0.631578947368421
MAGI2,0.9536560247167868,0.633177570093458,0.7140077821011673,0.680327868852459,0.8275762809441566,0.8817204301075269,0.6902699949057565,0.6538461538461539
MAGI2-AS3,0.8998628257887518,0.5607476635514018,0.6153846153846154,0.7348484848484849,0.764505119453925,0.7515923566878981,0.842560553633218,0.45685279187817257
MAGI3,,,0.7307692307692307,0.6153846153846154,,0.9285714285714286,0.8956406869220608,0.576271186440678
MAGOHB,,,,,0.7919762258543833,,,
MAL,,0.9843656043295249,,,,,,
MAL2,,,,0.9798387096774194,,0.9601328903654485,,
MALAT1,0.26536791798912845,0.14511908165284895,0.38246639392168325,0.32613441084947287,0.3035679355267791,0.28026220542105684,0.4346400846333795,0.16170420873967953
MALT1,,,,,0.6346153846153846,0.5555555555555556,,
MAMDC2,,,,,0.10854816824966079,,,
MAML2,,0.627906976744186,,,,0.6041666666666666,,
MAN1A1,,,,,0.9631901840490797,,,
MAN1A2,0.1219605760151086,0.3785645109221995,0.45260213764858653,0.11324786324786325,0.47772453868895914,0.4411087577124965,0.3230053753699342,0.5463482005036965
MAN1C1,0.21100278551532034,0.4953271028037383,0.27699530516431925,0.2693877551020408,0.29109341057204924,0.30662983425414364,0.2191383595691798,0.34517766497461927
MAN2A1,,0.893569844789357,0.9361022364217252,0.8926829268292683,0.8792701863354038,,0.9317607413647851,
MAN2A2,0.13390928725701945,0.21008403361344538,0.12941176470588237,0.18789808917197454,0.24401426388181355,0.13921113689095127,0.12688577586206898,
MAN2B1,,,,,0.7354838709677419,,,
MAN2B2,,,0.9463414634146341,,,,,
MANBA,,,,,0.8862275449101796,,,
MANSC1,,,,,0.07867298578199051,0.08771929824561403,,
MAOA,0.5549668874172186,0.7384615384615385,,0.7547892720306514,0.7631086142322098,0.8082191780821918,,
MAOB,0.9475367882277671,,0.9732888146911519,,0.9636734693877551,0.9709762532981531,,
MAP1A,,0.6631716906946264,,0.7409300791556728,0.6888852405187982,0.49207427536231885,,0.6601049868766404
MAP1B,0.7604722184238115,0.3613538632265224,0.5244737928188197,0.6754265190062856,0.669174850146665,0.6150672645739911,0.6662927650028042,0.3130327616308925
MAP1LC3A,,,,,0.9810677127750298,,,
MAP1LC3B,0.6499029995523056,0.7702702702702703,,,0.7520293776575183,0.7003806416530723,0.7474204643164231,0.7605473204104903
MAP1LC3B2,0.35899513776337116,,,0.40963855421686746,,,,
MAP2,0.6767795438838977,0.903659849300323,0.8250696378830084,0.8338590956887487,0.5981537901868946,0.5783043317289893,0.9793405461102525,0.7684301821335646
MAP2K1,,,,,0.9919741100323625,,,
MAP2K4,0.9476357952325127,,0.9656716417910448,0.9869565217391304,0.9699570815450643,0.9433526011560693,0.9653689992834965,
MAP2K5,,,0.9151515151515152,,,,0.959489872468117,
MAP2K7,,,0.7176470588235294,,,,,
MAP3K10,,,,0.9391891891891891,,,,
MAP3K12,,0.2761904761904762,,,0.07421383647798742,,,
MAP3K13,0.13404825737265416,,0.22509225092250923,0.1806020066889632,0.29136081309994355,0.13555992141453832,0.16630100921456778,0.6099137931034483
MAP3K2,,0.6608695652173913,0.6636363636363637,0.6485507246376812,0.6685592618878637,0.648936170212766,0.859504132231405,0.6759259259259259
MAP3K20,,,,0.8741721854304636,,,,
MAP3K4,0.7136842105263158,0.660377358490566,,0.7920489296636085,0.8139269406392694,0.8229166666666666,,
MAP3K5,0.9432463110102156,,,,,0.963963963963964,0.9773776546629732,
MAP3K7,0.45253576072821844,,,,0.9281842818428184,0.8947368421052632,,
MAP3K9,,,0.6467661691542289,0.6019736842105263,,0.5909090909090909,0.62816553428042,0.35121951219512193
MAP3K9-DT,0.7323135755258127,,,,,,,
MAP4,0.3514698716907585,0.852195423623995,0.4134709931170108,0.2939068100358423,0.46095067976580334,0.36551368094992254,0.36762046590788217,0.5124016938898972
MAP4K2,,,0.3475177304964539,0.37222222222222223,0.3853989813242784,0.39552238805970147,,
MAP4K3,,0.7380952380952381,,,0.9754488823744961,,0.9493844049247606,
MAP4K3-DT,0.711864406779661,,0.8481012658227848,0.7304964539007093,0.3405994550408719,0.9097744360902256,0.680577849117175,
MAP4K4,0.8236092265943012,0.7170068027210884,0.6175824175824176,0.6508972267536705,0.9112246306778959,0.9078726968174204,0.6916903960652343,0.6906187624750499
MAP4K5,,0.8740458015267175,,,0.9100977198697069,,,
MAP6,0.7708333333333334,0.6182795698924731,0.6905829596412556,0.756393001345895,0.7056222362602653,0.9411764705882353,0.9915280828365234,0.6636085626911316
MAP6D1,,,0.9764150943396226,,0.9851576994434137,,,
MAP7,0.493491124260355,0.525974025974026,0.8592436974789915,0.664624808575804,0.6404931862426996,0.38534278959810875,0.8239882983910287,0.697508896797153
MAP7D1,,,,,,0.9816433566433567,,
MAP7D2,,,,0.863773965691221,,0.8150208623087621,,
MAP9,0.7608031427324312,0.5703703703703704,0.8025751072961373,0.5712309820193637,0.9494147157190636,0.6694386694386695,0.7888446215139442,
MAPK1,0.8054545454545454,0.8031088082901554,0.8320493066255779,0.8197193234976611,0.7373767553032566,0.8269410664172123,0.7897768178545717,0.8441558441558441
MAPK10,0.27906976744186046,0.7619047619047619,0.3288166214995483,0.28382663847780126,0.44457819239642893,0.30010172939979657,0.42498279421885754,0.46845425867507884
MAPK11,,,,,0.916955017301038,,,
MAPK12,0.8190854870775348,,0.783625730994152,0.5770609318996416,0.6137295081967213,0.4948805460750853,,
MAPK13,0.6565349544072948,,,0.6615384615384615,0.7125603864734299,0.7252747252747253,,
MAPK14,,0.2804878048780488,0.21287128712871287,,0.2547318611987382,0.9389312977099237,0.9837451235370611,0.18518518518518517
MAPK1IP1L,0.47690857681432614,,0.4088050314465409,,0.9329608938547486,0.4117647058823529,0.8923959827833573,0.497907949790795
MAPK3,,,0.9733487833140209,,,0.986400725294651,,
MAPK4,,,,0.9586374695863747,,,,
MAPK6,,0.9144736842105263,,,,0.9753086419753086,,
MAPK8,0.5615462868769074,,0.7962264150943397,0.5520581113801453,0.6389627659574468,0.59375,0.8652612282309807,0.8
MAPK8IP1,,0.9838107098381071,0.9837467921300257,,,0.9576659038901602,0.9625844132140902,
MAPK8IP2,0.09321200196753567,,0.10898502495840266,0.10014584346135148,0.09609683794466403,0.08393113342898136,,0.11182336182336182
MAPK8IP3,,,,0.9924528301886792,0.9844320889594916,,0.9929234851835471,
MAPK9,0.790167865707434,,0.7827260458839406,0.8930957683741648,0.7412228796844181,0.782608695652174,0.8223041474654378,
MAPKAP1,,0.6814159292035398,,0.7157894736842105,0.6467353951890035,0.7214285714285714,0.6255201109570042,0.7433628318584071
MAPKAPK5,0.39753086419753086,,0.3925233644859813,0.5025906735751295,0.5520581113801453,0.30405405405405406,0.2813738441215324,
MAPKBP1,0.888,,,0.8260869565217391,0.8717067583046965,,0.6482412060301508,0.8553459119496856
MAPRE1,0.8221070811744386,,0.8424657534246576,,0.845247446975648,,,
MAPRE2,0.8805935543705078,0.9513888888888888,0.979064039408867,0.9854932301740812,0.9917775613978146,0.9368029739776952,0.8605996336643208,0.9096385542168675
MAPRE3,,,,,0.9582228116710876,0.9618257261410789,,
MAPT,0.5611183355006502,0.9505703422053232,0.9776609724047306,0.5255623721881391,0.6511344601796863,0.6452119309262166,0.5969408291962968,0.8532467532467533
MARCHF1,0.6183206106870229,,,,0.8581673306772908,,0.8081587651598677,
MARCHF5,0.23651079136690648,,0.4157303370786517,0.2876712328767123,0.30714791224345367,0.3686635944700461,0.46734059097978226,
MARCHF6,0.9295644114921223,0.6734992679355783,0.18421052631578946,0.7436429683445771,0.7288225328250741,0.23117709437963946,0.6752648097293056,0.6318622174381054
MARCHF7,,,,,0.8953068592057761,,,
MARCHF8,,,,,,,0.9357142857142857,
MARCHF9,,,,,,0.1415929203539823,,
MARCKS,0.2243678799666574,0.8870967741935484,0.8794992175273866,0.8644897959183674,0.8509027373325568,0.8216896831844029,0.20476610767872905,0.8550847457627119
MARF1,,,,,0.9665600465251527,0.9727463312368972,,
MARK1,0.799410029498525,,0.2,0.85,0.7995839112343966,0.7,0.7995735607675906,
MARK2,,,0.8191881918819188,0.8463541666666666,,0.7918088737201365,,
MARK3,0.9025157232704403,0.36681222707423583,0.8319838056680162,0.8361408882082695,0.859504132231405,0.8870967741935484,0.938562091503268,0.4329501915708812
MAST1,,,,,0.9764079147640792,0.9744136460554371,,
MAST3,0.9900090826521344,,,,0.9914779644509374,,,
MAST4,,0.5698924731182796,0.9261992619926199,0.6894865525672371,0.6400251730648207,0.6514745308310992,,0.5043103448275862
MASTL,,,,,0.228,,,
MAT2A,,,0.9868565169769989,0.9879294336118849,0.9929317762753535,,,
MATCAP1,0.7714932126696833,,,,0.8640296662546354,0.7848837209302325,,
MATCAP2,0.7317073170731707,,,,,,,
MATK,0.9023364485981309,,0.9566563467492261,0.9532163742690059,0.9168370824812543,0.8960396039603961,,
MATR3,0.8103650433831001,0.786144578313253,0.696033696033696,0.7653906424893665,0.6699654414074773,0.68864388092613,0.9433435868087846,0.9209202012940331
MAU2,0.896551724137931,0.7297297297297297,0.861271676300578,,,0.7794871794871795,0.712632594021215,
MAVS,0.8037383177570093,0.3708609271523179,0.6018518518518519,,0.5913978494623656,0.42,0.779874213836478,0.2982456140350877
MAX,0.9327272727272727,0.9018181818181819,0.9115384615384615,0.9414414414414415,0.9521897810218978,0.9315960912052117,,0.8813559322033898
MAZ,,,,,0.9674496644295302,,,
MBD1,0.9166666666666666,0.4897959183673469,0.7872340425531915,,0.8269876819708847,0.8703703703703703,0.8792329661362709,0.8072289156626506
MBD2,0.4745762711864407,0.672566371681416,0.8642857142857143,0.4703196347031963,0.51252408477842,0.911504424778761,0.5232974910394266,0.3163265306122449
MBD3,,,,,0.05446485117162761,0.0364741641337386,0.9783653846153846,
MBD4,,,,,,,0.7458432304038005,
MBD5,,,0.41379310344827586,,0.7601078167115903,,0.9090909090909091,
MBLAC2,0.8905660377358491,,,,0.948073701842546,,,
MBNL1,,,,0.9776035834266518,,0.9728,0.9810090702947846,
MBNL2,0.9704142011834319,0.9100758396533044,,,0.9825372961720829,0.9660861594867094,0.9941666666666666,
MBOAT2,,0.7914893617021277,0.7248520710059172,0.6741935483870968,0.14064697609001406,0.6180257510729614,0.9753879079721777,0.7746478873239436
MBOAT7,0.7957028404952659,,,0.9329388560157791,0.9168756718022214,0.8908450704225352,0.9149980369061641,0.9693181818181819
MBP,0.9185314685314685,0.957755349708896,0.9894535369712121,0.9530453447813254,0.9138985459436141,0.9013085145595282,0.9126327933471134,0.9923195084485407
MBTPS2,,,,,,0.8333333333333334,,
MCCC2,0.9156976744186046,,,,,,,
MCF2L,0.9396031061259706,,,,0.9504162142598624,0.9376391982182628,0.95859375,
MCF2L2,0.7261904761904762,0.725,,,0.6888888888888889,0.8108108108108109,0.7438423645320197,0.8252427184466019
MCFD2,,0.8294573643410853,,,0.90748031496063,0.9391771019677997,,
MCHR2,,,,0.8780487804878049,,0.7337278106508875,,
MCL1,,,0.8785714285714286,0.8804347826086957,0.9364801864801865,0.889763779527559,,
MCM4,0.8858381502890174,,,0.8834080717488789,,0.6791666666666667,,
MCM6,,,,,0.06598984771573604,,,
MCMBP,,,,,0.5516840882694541,0.46808510638297873,,0.5555555555555556
MCPH1,,,,,0.6994818652849741,,,
MCRIP2,,,,,,,0.8785046728971962,
MCTP1,0.7931034482758621,0.7368421052631579,0.3659574468085106,0.9439252336448598,0.2575360419397117,0.6016949152542372,0.9300866447564984,
MCTS1,0.09449760765550239,,0.09583333333333334,0.09405940594059406,0.09040793825799338,0.7154929577464789,0.4925006147037128,
MCUB,,,,,0.18235294117647058,,,
MCUR1,,,,,,,,0.8758169934640523
MDGA2,,0.5,0.6713286713286714,0.6923076923076923,0.8083267871170463,0.6779661016949152,0.6550561797752809,0.6507936507936508
MDH1,0.8906342328146544,,0.9673679690854444,,0.9596191270503197,0.9896449704142012,,
MDH1B,,,,,,0.7017543859649122,,
MDH2,0.30764987127620447,0.27896995708154504,0.371900826446281,0.3914501257334451,0.36476065764586063,0.23717472118959107,0.8146468810112668,0.3762993762993763
MDM2,,0.8974358974358975,0.11224489795918367,0.08888888888888889,0.8968911917098445,,,
MDM4,0.8560975609756097,0.8769230769230769,0.9040404040404041,0.8840579710144928,0.9583048530416951,0.8888888888888888,0.8664688427299704,
MDN1,,0.7155172413793104,,0.9548872180451128,,,,
MDP1,,,,,,0.769620253164557,,
ME1,0.60734149054505,0.7164179104477612,,,0.6483155299917831,0.6372881355932203,,
ME2,0.09340659340659341,,,,0.2745387453874539,0.213768115942029,0.9483870967741935,
ME3,,,,,,,0.9650856389986825,
MEA1,,,,,0.9509423503325942,,,
MEAF6,0.2615963226076055,0.18009478672985782,0.22748815165876776,0.18769883351007424,0.1541981695185038,0.258777633289987,0.30100779615896556,0.145748987854251
MECP2,0.7894039735099337,0.5849056603773585,0.7426470588235294,0.8885448916408669,0.949964260185847,,,
MECR,,,,0.15606936416184972,0.3479938271604938,0.2786885245901639,,
MED12L,,,,0.9014778325123153,,,,
MED13,,0.8547486033519553,0.9016393442622951,,0.9779825908858167,0.7368421052631579,0.9204064352243861,
MED13L,0.8549618320610687,,0.8742857142857143,0.885,,,0.8540925266903915,0.8571428571428571
MED14,0.4384057971014493,,,0.39814814814814814,0.6586483390607102,0.5615384615384615,0.29591836734693877,
MED17,0.19437340153452684,,0.21052631578947367,0.19333333333333333,0.9590818363273453,0.23333333333333334,,
MED19,,0.7155172413793104,,0.8982300884955752,,0.8489795918367347,0.9104658197217181,
MED21,,,0.18867924528301888,,0.9055330634278003,,0.1277461350691619,
MED25,0.47344110854503463,0.23684210526315788,0.4367816091954023,,0.43884892086330934,0.4049079754601227,0.5278422273781903,
MED27,,,0.8677685950413223,,0.6709129511677282,,0.9055023923444976,
MED28,0.6086021505376344,0.5220588235294118,0.6373056994818653,0.636,0.34929078014184395,,,
MED29,0.4727979274611399,0.6684782608695652,0.5270935960591133,0.5224839400428265,0.5145197319434103,0.6749174917491749,0.5943396226415094,0.5562700964630225
MED31,,,,,0.9113054341036851,0.9497716894977168,,
MED4,0.38220757825370677,0.3076923076923077,0.7665706051873199,,0.8303747534516766,0.40329218106995884,,0.36363636363636365
MED6,,,,0.9005847953216374,0.14543114543114544,0.8275862068965517,0.2658486707566462,
MED8,0.615686274509804,0.625,0.5234375,0.6368715083798883,0.6452631578947369,0.8737864077669902,0.6633039092055486,0.6352941176470588
MEF2A,0.9321321321321321,0.941908713692946,0.9272349272349273,0.9621026894865525,0.90919452887538,,0.9723799690242644,
MEF2C,0.6916316392816202,0.6860902255639098,0.7920242301867744,0.9072497798649839,0.9664572257129048,0.84270393240169,0.9608934456243134,0.8124598587026333
MEF2C-AS1,,,,,0.01508811969063015,,0.01304185815426655,
MEF2C-AS2,,,,0.5357142857142857,,,,
MEF2D,0.768377253814147,0.5573770491803278,0.6340956340956341,0.9739130434782609,0.6554156171284635,0.9766803840877915,,0.6216216216216216
MEG3,0.8965688096122879,0.8730325288562435,0.8757267441860465,0.8642771804062127,0.777540381164003,0.8804578211106401,0.719836525558131,0.8611111111111112
MEGF10,0.7781818181818182,0.7797356828193832,0.8910505836575876,0.8163265306122449,0.8201669877970456,0.817258883248731,0.8076490438695163,
MEGF8,,,0.8571428571428571,,,,,
MEGF9,,,0.93048128342246,,0.9667805029493945,0.9366754617414248,0.9680952380952381,
MEIS1,,,0.5384615384615384,,,,,
MEIS2,0.8723098995695839,0.7254901960784313,,,0.9573560767590619,,0.9376947040498442,
MEIS3,0.9385826771653544,,0.9084821428571429,0.9315068493150684,0.8943130347257172,0.8591549295774648,0.9223439733206289,0.912621359223301
MELTF,0.6198830409356725,,0.373134328358209,0.40476190476190477,0.3349875930521092,0.35365853658536583,,
MEMO1,,,,,0.8145315487571702,,0.10398613518197573,
MEPCE,,,0.9447236180904522,,,,,
MEPE,,,,,0.9178272980501393,,,
MESD,,0.441340782122905,0.7318435754189944,0.10795454545454546,0.7510889856876167,0.726643598615917,0.6738324684951816,0.75
MEST,0.9018087855297158,,,0.3346456692913386,,0.919431279620853,0.648471615720524,
METAP2,0.8705583756345178,0.4219409282700422,,0.8796992481203008,0.5429349170997277,0.7260981912144703,0.8652606912712361,
METRN,,0.12347560975609756,0.04232164449818621,0.07603464870067372,0.11221881390593047,,,0.055408970976253295
METTL13,0.47149122807017546,,0.45098039215686275,0.40963855421686746,0.5970724191063174,0.5460122699386503,0.44395017793594305,
METTL14,,,,,0.3361629881154499,0.7444444444444445,0.33088235294117646,
METTL15,0.6967741935483871,,,,0.7470355731225297,0.8270676691729323,,0.48
METTL16,,,,,,0.6442307692307693,0.8048780487804879,
METTL21A,0.5808580858085809,,,0.7,0.9284064665127021,,,
METTL26,0.5934278350515464,,,,,,,
METTL2B,0.6959706959706959,,,0.5952380952380952,0.8534278959810875,,0.3123209169054441,
METTL5,0.07784431137724551,0.8717948717948718,,0.5514511873350924,0.5175943698016635,0.9166666666666666,,
METTL6,,,,,0.5457685664939551,0.4805194805194805,,
METTL7A,0.9589932126696833,0.9895536562203229,0.9028268551236749,0.968475073313783,,0.8023748939779474,0.8997315950920245,0.8279036827195467
METTL8,,,,,0.5485714285714286,,,
METTL9,0.9241231209735147,,,,,0.3025830258302583,,0.2803030303030303
MFAP1,0.8807339449541285,,,,0.925016160310278,0.8825622775800712,0.9526671675432006,
MFAP3L,,0.8366336633663366,,,,,,
MFF,,0.6366782006920415,,0.9637952559300874,,,0.9744431418522861,0.6694677871148459
MFHAS1,0.8706140350877193,,,,,,,
MFN1,0.3422330097087379,,,0.7637362637362637,0.872168284789644,0.3644859813084112,0.6181102362204725,
MFSD1,0.9168053244592346,,,,,,0.9220272904483431,
MFSD11,0.8903654485049833,,,0.5681818181818182,0.46320346320346323,0.6012658227848101,,
MFSD12,0.25102319236016374,0.518796992481203,0.3770491803278688,0.2601626016260163,0.4490220557636288,0.24334600760456274,0.3069189828503844,0.36507936507936506
MFSD13A,0.7294117647058823,,,,0.75,0.7083333333333334,0.7024456521739131,
MFSD14A,,,0.9475982532751092,,,,,
MFSD4A,0.8182711198428291,,,0.7997010463378177,0.6096972944012858,,0.795904279797515,0.8409785932721713
MFSD6,,0.9330855018587361,,,,,,
MFSD8,,,,,,,0.9369127516778524,
MGA,0.5427350427350427,0.638095238095238,,0.6312056737588653,0.929945054945055,0.7878787878787878,,
MGAT1,,0.9206349206349206,0.9432314410480349,,0.852405721716515,,,
MGAT2,,,,,0.905587668593449,0.8295454545454546,,
MGAT4C,,,,,,,0.6079545454545454,
MGAT5,,0.8976744186046511,,,0.9793103448275862,,,
MGLL,0.6622358554873893,0.6216216216216216,0.900974025974026,0.6952054794520548,,0.947565543071161,0.714419695193435,0.9572107765451664
MGRN1,,,,,0.9061696658097687,,,
MGST3,,,,,0.8467941214722331,0.7541784520442273,,
MIA2,0.783375314861461,,,0.8088235294117647,,0.8650793650793651,0.928311057108141,
MIA3,0.3561797752808989,0.2,0.4028776978417266,0.8758389261744967,0.6471835251362811,0.4293785310734463,0.9644334160463193,0.41284403669724773
MIAT,0.9514699020065329,0.45494505494505494,0.9793103448275862,0.9397217928902627,0.9768085842852198,,0.9864825154275639,0.49912739965095987
MIB1,0.13518197573656845,0.848314606741573,,0.7604166666666666,0.9770114942528736,0.15168539325842698,0.18812375249500998,
MIB2,,,0.9321266968325792,0.9163636363636364,,0.9383259911894273,,
MICAL1,0.7819971870604782,0.6785714285714286,,0.6899696048632219,0.7984496124031008,,0.6635687732342007,
MICAL2,,,0.9157608695652174,0.9770114942528736,,,0.9557275541795666,0.7578947368421053
MICAL3,0.9143088116410671,0.8745387453874539,,,0.8746987951807229,0.882943143812709,,
MICOS13,,,,,0.9796348314606742,,,
MICU1,,0.7136363636363636,,,0.7414780474502318,0.7472035794183445,,
MICU2,,,,,,0.9665653495440729,,
MICU3,0.980185497470489,,,,0.9766807995154452,0.86731843575419,0.9190238491403216,0.9249146757679181
MID2,,,,,0.8940092165898618,,,
MIEF1,0.8403141361256544,0.6078431372549019,,0.7379310344827587,0.8489835430784124,,,
MIER1,,0.3543307086614173,0.24666666666666667,0.34831460674157305,0.9721337579617835,0.5036496350364964,0.5911251980982567,0.36
MIGA1,0.9476971116315379,,0.9361702127659575,,0.9503153067074336,0.9517241379310345,0.634934199282174,0.9078341013824884
MINCR,,0.25,,,0.1883289124668435,,,0.5373134328358209
MINDY2,0.9003215434083601,0.9076923076923077,0.8841201716738197,0.8389830508474576,0.7351179992955266,0.6584362139917695,0.8525084873632591,0.89568345323741
MINDY3,0.8287037037037037,0.7682926829268293,0.8733031674208145,,0.8264129181084199,0.9116465863453815,0.8988142292490119,0.8125
MIOS,0.05307855626326964,,,,,,,
MIR100HG,0.3023255813953488,0.8113207547169812,0.9123867069486404,0.7703125,0.8396682791983414,0.44785276073619634,0.22103092783505154,0.15181518151815182
MIR124-1HG,,,,,0.989815164089023,,0.9904593639575971,
MIR124-2HG,0.205607476635514,,,,0.9315068493150684,0.7959183673469388,0.8663282571912013,
MIR137HG,,,,,0.4740740740740741,,0.8177083333333334,
MIR1915HG,,,,,0.5913621262458472,0.48148148148148145,,
MIR29B2CHG,,,,0.8584070796460177,,,,
MIR3936HG,0.2100456621004566,,,0.2765957446808511,0.19210526315789472,,,
MIR3976HG,0.684931506849315,,,,,,,
MIR4435-2HG,,,,,0.3157894736842105,,,
MIR4458HG,0.07649253731343283,,0.10152284263959391,,0.1378986866791745,,,
MIR493HG,,,,0.4075342465753425,0.31351351351351353,0.44370860927152317,0.32109004739336494,0.2459016393442623
MIR497HG,0.3730484798685292,,0.46875,,0.6666666666666666,,,
MIR9-1HG,0.8457902308693567,0.984467059453669,0.987026466009341,,0.9916048844308766,,0.9823372852649407,0.9872399445214979
MIR99AHG,0.22857142857142856,0.8181818181818182,,0.3283582089552239,0.4542518837459634,0.5857142857142857,0.17787839586028462,0.21428571428571427
MIS12,,,,,,0.8260869565217391,,
MIS18BP1,0.8218390804597702,,,,,,0.4984025559105431,
MITD1,,,,,0.19086021505376344,,,
MKKS,,0.6758620689655173,0.5228426395939086,,,0.5590327169274538,,0.5655430711610487
MKLN1,0.9035409035409036,0.5935251798561151,0.8052434456928839,0.8333333333333334,0.8429752066115702,0.8531468531468531,0.7809219534459151,0.6831275720164609
MKNK1,,,0.8680555555555556,0.860655737704918,0.9370829361296473,0.9240506329113924,0.933531746031746,0.8272727272727273
MKRN1,0.33694267515923565,0.6790123456790124,,0.4256120527306968,0.29804822043628015,0.354978354978355,0.38928210313447925,
MKRN2,,,,0.9310344827586207,,,,
MKRN3,,,,,0.8078602620087336,,,
MKX,,,,,0.6514161220043573,,,
MLC1,0.9839108910891089,,,,,,,
MLEC,,0.8,,,0.9203791469194312,0.7859424920127795,,
MLF1,,0.5263157894736842,,0.5792682926829268,,0.8187134502923976,,
MLH1,,,,,,,0.9657020364415863,
MLH3,,,,0.38686131386861317,0.23061630218687873,,0.2727272727272727,
MLIP,0.8477611940298507,,,0.8046875,,0.8571428571428571,,
MLLT10,0.6782608695652174,0.27906976744186046,0.8272727272727273,,0.7640586797066015,,,
MLLT11,0.9364086525931717,,0.9446834665027658,0.9573736679271228,0.9271651880016899,0.9500531349628055,0.9547539248544716,
MLLT3,,0.41379310344827586,,0.3229166666666667,,,,
MLLT6,0.8768406961178046,0.816793893129771,,,0.8751322751322751,0.703601108033241,,
MLX,0.2422680412371134,,,,0.7313218390804598,0.5283018867924528,,
MLXIP,,0.7160493827160493,,0.72,,0.8958333333333334,,
MMAB,0.05459770114942529,0.12903225806451613,0.13513513513513514,0.07575757575757576,0.09340044742729306,0.04296875,0.03418803418803419,0.17894736842105263
MMACHC,,,,,0.5207667731629393,,,
MMD,0.9565868263473054,,0.9605263157894737,,0.9604855371900827,,,
MMGT1,0.06060606060606061,,0.07650273224043716,,0.06279069767441861,0.06319702602230483,0.04894578313253012,
MMP16,,,,,0.8607484769364665,,,
MMP24OS,0.40409683426443205,0.3951219512195122,0.43366336633663366,0.6820388349514563,0.4327469553450609,0.3688046647230321,0.3971129351825644,0.3525
MMP28,0.694300518134715,,0.6666666666666666,,0.7952069716775599,0.6293706293706294,,
MMUT,,0.3591549295774648,0.3744075829383886,,0.44026622296173046,,0.5234312946783162,0.48760330578512395
MNAT1,0.4520743919885551,0.600609756097561,0.2857142857142857,0.4393530997304582,0.5109561752988048,0.5421052631578948,0.7534504391468005,0.377431906614786
MOAP1,,,0.9845227858985383,,,,,
MOB1A,0.7947976878612717,,,0.9181034482758621,0.9429553264604811,0.7931034482758621,0.7954815695600476,0.8277777777777777
MOB3B,,0.856,0.8913043478260869,,0.7700904736562001,0.8666666666666667,,
MOB4,0.7615638766519823,0.6086956521739131,0.726063829787234,0.730844793713163,0.549398849973863,0.7218430034129693,0.7750244538637104,
MOBP,0.32021766429468396,0.7444587779992964,0.6564705882352941,0.7359154929577465,0.49754442991908987,0.6438232642019838,0.6835717381881231,0.8227848101265823
MOCS1,,,,,0.09549549549549549,,,
MOCS2,0.8011497256336556,0.11023622047244094,0.8240740740740741,0.04173106646058733,0.9121376811594203,0.8340659340659341,,
MOG,,0.923469387755102,,0.40458015267175573,0.983856002969011,,,
MOK,,,,,0.08333333333333333,,,
MON1B,,0.8352272727272727,0.7351598173515982,,0.6378539493293591,0.8201754385964912,0.6098579782790309,0.5314285714285715
MON2,0.34438775510204084,0.45161290322580644,,0.41935483870967744,0.24044002095337874,0.38405797101449274,0.455531453362256,0.5909090909090909
MORC2,,0.37777777777777777,0.5054945054945055,0.5028571428571429,0.5110593713620489,,,
MORC3,,,,,0.07243460764587525,0.9020979020979021,,
MORF4L1,0.9579609400860642,0.8775252525252525,,,,0.9720008174943797,0.9673754935235852,
MORF4L2,0.8935288020139197,0.9871345029239766,,0.9019230769230769,,0.8708020545239036,,
MORN2,,,,0.8764478764478765,0.6372549019607843,0.6836734693877551,,0.7849462365591398
MORN4,,,,0.8779527559055118,,0.9095744680851063,0.6591259640102828,
MOSMO,0.07136237256719184,0.9008264462809917,0.11148648648648649,0.9834437086092715,0.07612612612612613,,0.06604264170566823,0.8125
MOSPD2,,0.8627450980392157,0.8387096774193549,,,,,
MOSPD3,,,,,0.7284768211920529,0.7976190476190477,,
MOXD1,,,,0.8457142857142858,0.8510948905109489,,,
MPC2,0.7894449499545041,0.21991701244813278,0.32616487455197135,0.4120603015075377,0.4303939122649955,,0.8408026755852843,0.3497942386831276
MPDZ,0.7026777469990766,0.8158844765342961,0.9201388888888888,0.8691099476439791,0.9829879369007114,0.6075268817204301,0.945986496624156,0.8913738019169329
MPHOSPH10,,,,,,0.6550632911392406,,
MPHOSPH6,0.7937694704049845,,,0.7585301837270341,0.8208582834331337,,,
MPHOSPH8,0.8323863636363636,0.25060827250608275,0.9518072289156626,0.8459958932238193,0.9609868043602984,0.7644927536231884,0.860924181247196,0.7006802721088435
MPHOSPH9,,,,,0.9276018099547512,,,
MPI,,,0.05166051660516605,,,,,
MPP2,0.7132963988919667,0.7661691542288557,0.7597597597597597,0.75,0.7128146453089245,0.7613293051359517,0.7763888888888889,
MPP7,,,,,0.8069216757741348,,,
MPPE1,0.8498789346246973,,0.2248062015503876,,0.25691699604743085,0.8994082840236687,,
MPPED1,0.9819277108433735,0.7851239669421488,0.8987566607460036,0.9185905224787363,0.972492358988608,0.9337837837837838,0.9476799242424242,0.803030303030303
MPRIP,0.15143056524773202,0.36983471074380164,0.24061196105702365,0.8885135135135135,0.8908918406072106,0.2852193995381062,0.9707916986933128,0.349002849002849
MPV17L,0.7853403141361257,,,,0.8220502901353965,,,
MPZL1,0.6721311475409836,,0.7908496732026143,0.8279569892473119,,,,
MRAS,0.8535064935064935,0.8241206030150754,0.8067729083665338,0.9768270944741533,0.8224066390041493,0.78369384359401,,
MRFAP1,0.9528910263416767,,,,,,0.9747319487141036,
MROH1,,,,,0.9609652235628106,,,
MRPL1,0.8873873873873874,0.7422680412371134,0.8022388059701493,,,,0.8035955056179775,
MRPL11,0.07834757834757834,,,,0.056382145653876274,0.15517241379310345,0.10125,
MRPL12,,,,,,0.9309576837416481,,
MRPL13,0.8595744680851064,,,,,0.9344262295081968,,
MRPL17,,,0.05365853658536585,,0.03696098562628337,,,
MRPL18,0.8134067033516759,,,,,,,
MRPL19,0.3010752688172043,0.14285714285714285,0.20689655172413793,0.32047477744807124,0.32858707557502737,0.43795620437956206,0.13008130081300814,0.39285714285714285
MRPL2,0.024657534246575342,,,,,,,
MRPL20,,,,,0.88255854596295,,,0.8413978494623656
MRPL21,,0.40358744394618834,0.2770083102493075,,0.957801766437684,0.29981718464351004,,
MRPL22,,,,,0.03319977103606182,,,
MRPL24,,,,,,0.706959706959707,,
MRPL28,0.9385412810070344,0.8988326848249028,,0.8833746898263027,0.9349307994216071,0.9321329639889196,0.945532435740514,0.8916518650088809
MRPL3,,,,,0.9899641577060931,,,
MRPL30,0.22821576763485477,,,,0.4651851851851852,0.17928286852589642,0.15830985915492957,
MRPL35,0.790112749349523,0.7619047619047619,0.45,,0.7258064516129032,0.7594594594594595,0.752185089974293,0.5899280575539568
MRPL37,,0.16379310344827586,,,0.09323388385721897,0.06309148264984227,0.6176812718107794,
MRPL4,0.7853463079564968,,0.8191126279863481,,0.8611030898065262,0.7941888619854721,0.6755710414246999,
MRPL42,0.6862745098039216,0.6666666666666666,0.7560975609756098,,0.8328882106066386,,0.9430803571428571,0.5581395348837209
MRPL47,0.7954198473282442,,,,,,,
MRPL48,0.907176287051482,,,,,,,
MRPL49,,,,,,,0.9629629629629629,
MRPL50,0.30669800235017625,,0.3793103448275862,0.4152542372881356,0.5390835579514824,0.8681318681318682,0.48470588235294115,0.376
MRPL52,0.07419251678925488,0.1710914454277286,,,0.14938488576449913,0.12956204379562045,,
MRPL57,0.033594976452119306,,,0.037821482602118005,0.24789245841877422,0.0783744557329463,,0.0916030534351145
MRPL58,,,,,0.861271676300578,,,
MRPS10,0.42096069868995634,,0.642570281124498,0.6129943502824858,0.7272727272727273,,0.7165963431786216,
MRPS11,0.05477621910487642,0.1262135922330097,,,0.06693136698808849,0.062146892655367235,,
MRPS14,,0.2777777777777778,0.774869109947644,0.859504132231405,0.4197802197802198,0.4791666666666667,0.49887133182844245,
MRPS15,,,,,0.12264860797592174,,,
MRPS16,0.5828988529718456,,,0.65,0.4934475806451613,,,0.47619047619047616
MRPS17,0.30275913497390006,,0.3317307692307692,0.4036144578313253,0.367170626349892,0.9536231884057971,0.4181712288875946,0.32222222222222224
MRPS18C,,0.5992647058823529,,0.12307692307692308,,,0.05867768595041322,
MRPS21,,,,,,,0.7496248660235798,
MRPS22,,,0.9090909090909091,0.18292682926829268,0.2647937836222355,,,
MRPS23,0.15556635877491493,,,,,0.21604938271604937,0.308480131093814,
MRPS25,0.2276595744680851,,0.23668639053254437,0.34540389972144847,0.25029239766081873,0.624,0.15532368982689115,
MRPS28,0.9139841688654353,,,,,0.10268948655256724,0.04012671594508976,
MRPS30,0.42759211653813195,,,,0.4839246119733925,0.6988636363636364,0.6192248062015504,0.4811320754716981
MRPS30-DT,0.8588235294117647,,,,,0.6346153846153846,,
MRPS31,,,,0.7566371681415929,0.7712811693895099,,,
MRPS31P5,,,,,,0.8307692307692308,,
MRPS33,0.024436990896023,0.7941176470588235,,0.053388090349075976,0.06689088191330343,0.07045009784735812,0.05996222851746931,
MRPS34,,,,,,0.9620758483033932,,
MRPS35,0.8480941704035875,0.8879310344827587,,,0.8419117647058824,0.6204379562043796,,
MRPS36,,0.32323232323232326,,,,0.6122754491017964,,0.34054054054054056
MRPS5,,0.7745454545454545,,0.06807511737089202,0.07953976988494248,0.12408759124087591,0.7018633540372671,
MRRF,,,,0.17105263157894737,,0.7910447761194029,,
MRS2,0.6493738819320215,0.4666666666666667,,0.7086092715231788,0.5196560196560197,0.6944444444444444,0.6945488721804511,
MRTFA,,,,,0.9740350877192983,,,
MRTFB,,0.9628571428571429,0.9813907933398629,0.9900447984071677,0.9952830188679245,0.9774605559729527,0.9467332501040366,
MRTO4,0.3170391061452514,,0.3064516129032258,0.22440944881889763,0.261443661971831,0.2721518987341772,0.2517361111111111,
MSANTD1,,,,,,0.21739130434782608,0.5900621118012422,
MSANTD3,0.24044943820224718,,,,0.31530139103554866,,0.23548922056384744,
MSANTD4,0.2097560975609756,0.48360655737704916,,0.29,0.22661122661122662,0.7406015037593985,0.21128526645768025,
MSANTD7,0.7942857142857143,,,,0.8323699421965318,,,
MSH2,0.9559902200488998,,,,,,,
MSH3,,0.4482758620689655,0.7156862745098039,0.8270676691729323,0.7014134275618374,0.7638888888888888,0.8317757009345794,
MSI2,0.7852941176470588,0.8731343283582089,0.9008264462809917,,0.8923160173160173,0.8587360594795539,,0.8566176470588235
MSL1,0.6382521489971347,0.9244604316546763,0.572938689217759,0.6598746081504702,0.7162659123055163,0.6666666666666666,0.6513665031534688,
MSL2,,0.8981481481481481,,0.47468354430379744,0.5550660792951542,0.5392156862745098,0.4711191335740072,
MSL3,0.9457964601769911,,,0.9316546762589928,,0.9493670886075949,,
MSMO1,,,,,,,0.981010512037979,
MSRA,0.9637610186092067,0.7045454545454546,0.7890295358649789,0.9512987012987013,0.8393745557924662,0.8837209302325582,0.8438303341902313,0.8
MSRB2,,,0.5679012345679012,,0.6187703373865387,,,
MSTO1,,,,,0.9086460032626428,0.8770491803278688,,
MSX1,,,,,,0.36875,,
MT3,,0.6889478890103597,,,,0.7832433438838206,,
MTA2,,,,0.7875,,,,
MTA3,,0.7611940298507462,,,,,0.9835345773874863,
MTAP,,,,0.28846153846153844,0.49719101123595505,,,
MTARC1,,,,,0.14344262295081966,,,
MTARC2,,,0.7009345794392523,,0.7114337568058077,,,
MTCH2,,,0.702576112412178,0.9095890410958904,,,,0.601123595505618
MTDH,0.9023904382470119,0.5901639344262295,0.3854748603351955,0.8602620087336245,0.8104355144119504,0.4760031471282455,0.8341013824884793,0.7493606138107417
MTERF1,0.26222222222222225,,,,0.16938775510204082,0.2631578947368421,0.1694915254237288,
MTERF2,0.8315649867374005,,,,,,,
MTERF3,0.708171206225681,,,,,,,
MTERF4,0.6943069306930693,,0.4594594594594595,0.8099173553719008,0.32765011119347665,0.5833333333333334,0.4666666666666667,
MTF1,,,,,,0.8113207547169812,,
MTF2,0.6565934065934066,,0.7640449438202247,0.6808510638297872,0.669889502762431,0.6458333333333334,0.9138613861386139,
MTFMT,,,,0.8409090909090909,0.7756849315068494,,,
MTFR1L,,,,,,0.96875,,
MTG1,,0.2716049382716049,,,,,0.1038107752956636,
MTG2,,,0.4411764705882353,,0.8111888111888111,0.6904761904761905,,
MTHFD1,,,,,0.0794314381270903,0.10247349823321555,0.06587561374795417,
MTHFD2,,0.5137614678899083,,,,,,
MTHFD2L,,,,,0.5932721712538226,0.4125,,
MTHFR,,,,,0.9198717948717948,0.7972972972972973,,0.7456140350877193
MTHFSD,,,,,0.6309523809523809,,,
MTIF2,0.7385229540918163,0.627906976744186,,0.7828571428571428,,,,
MTIF3,0.5721377598510704,0.6804511278195489,,,,,,0.6555891238670695
MTLN,,,0.8703703703703703,,0.9475691134413727,,,
MTMR10,,,,,0.9816678648454349,,,
MTMR12,,,,,,,0.9653979238754326,
MTMR2,0.326417704011065,0.888235294117647,0.7857142857142857,0.9330985915492958,0.3499406880189798,0.3602941176470588,0.8534322820037106,
MTMR3,0.18666666666666668,0.27586206896551724,,0.24725274725274726,0.2658102766798419,0.3181818181818182,0.19019607843137254,
MTMR6,0.11605415860735009,,,0.8509212730318257,0.06105047748976808,0.8373382624768947,0.07935393258426966,0.051470588235294115
MTMR7,0.468,,,0.5674603174603174,0.5695581014729951,,0.921727395411606,0.47368421052631576
MTMR9,0.6345998383185125,0.654320987654321,,,0.9669578427649069,0.8156182212581344,0.9112280701754386,
MTPAP,,0.49206349206349204,,0.6875,0.23213070115724982,,,
MTPN,,0.922165820642978,0.9543624161073826,,0.9860054761180408,0.9904822335025381,,
MTR,0.5314685314685315,,,,0.43684820393974505,,0.6062639821029083,
MTREX,0.2787258248009101,,0.30049261083743845,0.28052805280528054,0.40027322404371585,0.27340823970037453,0.3165924984106802,0.23880597014925373
MTRF1L,0.7321772639691715,0.6228070175438597,,0.6987951807228916,0.7731481481481481,0.6262626262626263,0.5680473372781065,
MTRFR,0.6648148148148149,0.5247524752475248,0.738562091503268,,,,,
MTRR,,,0.756578947368421,,0.9568508705526116,,,
MTSS1,,,,,0.9531627233220666,0.8201438848920863,,
MTURN,0.7556631506138682,0.8060394889663183,0.8665021929824561,0.8494723774053383,0.9501422571467281,0.7763766288356452,0.9610788665073404,0.9834993773349938
MTUS1,,0.949685534591195,,0.7645687645687645,,0.6134020618556701,0.9815974941268598,
MTUS2,,,,0.7941176470588235,0.7916666666666666,,,
MUC20,,,,,0.7911646586345381,0.6923076923076923,,
MVB12A,0.9098039215686274,,,,,,,
MVP,,,,0.7298578199052133,,,,
MXD1,0.1617473435655254,0.8023255813953488,,,0.4579380139152435,,0.4645354645354645,
MXD4,0.6621392190152802,0.8461538461538461,0.9117647058823529,0.7136929460580913,0.9162112932604736,0.7380073800738007,0.7349397590361446,0.7550200803212851
MXI1,0.9530726256983241,0.8940852819807428,,,0.05070859167404783,0.0603448275862069,0.06211620217288616,
MXRA7,0.24266284896206156,0.10039370078740158,,0.24596774193548387,0.2647317502198769,0.19768563162970107,0.625673249551167,
MYADM,,,,,,0.4725274725274725,,
MYBPC1,,,,0.03466204506065858,,,,
MYCBP2,0.9847188264058679,0.9423076923076923,0.9833610648918469,0.9013215859030838,0.9883311316600617,0.9708826205641492,0.9843889384478145,0.9151515151515152
MYEF2,0.9654761904761905,,0.8901734104046243,0.7225130890052356,0.7010515773660491,0.5764705882352941,0.7862208713272543,0.6486486486486487
MYG1,,,,,,,0.6475483580746738,
MYH10,,,,0.9743589743589743,0.994515181194907,0.8920539730134932,0.9610538373424972,
MYL12B,,,,0.007795889440113395,,,,
MYL6,0.585153828709653,,,,0.750041370180374,0.6825991877538269,0.6222296173044926,0.6197131298271423
MYL6B,,,,,0.8964043619216033,,,0.4853658536585366
MYLK,,0.955719557195572,,,,0.6413502109704642,,0.8075117370892019
MYNN,,,,,,0.6266666666666667,,
MYO10,0.6948579161028416,0.9426229508196722,,,,0.9588607594936709,,0.7740029542097489
MYO15B,,0.5660377358490566,,,0.6746031746031746,,,
MYO18A,0.08686868686868687,,,,,,,
MYO19,,,,,,,0.9173913043478261,
MYO1D,,0.7608695652173914,,,,,,
MYO5A,0.9147286821705426,0.8851963746223565,,0.9212740384615384,0.9247297112358013,0.8285895003162556,0.8889185224696626,0.9283018867924528
MYO6,0.881578947368421,0.3897338403041825,,0.44565217391304346,0.7978936810431294,0.4752851711026616,0.9522342064714946,0.428169014084507
MYO9A,0.8397291196388262,0.7,0.808641975308642,0.546583850931677,0.9117427075542259,0.8996960486322189,,0.7665369649805448
MYO9B,,,,,0.8102226720647774,,,
MYORG,0.7693965517241379,,,0.7875,0.7961165048543689,,0.8010680907877169,
MYRF,,0.9719789842381786,,,0.9855679702048417,,,
MYRIP,,0.8172043010752689,0.7486338797814208,,0.9462424574876577,0.9568627450980393,0.929920477137177,0.7911392405063291
MYSM1,0.5826771653543307,,0.8896551724137931,0.7424892703862661,,,,
MYT1L,0.9857199523998413,0.6076696165191741,0.9706362153344209,0.9721946375372393,0.9805274833620902,0.9792429792429792,0.9828594474692478,
MZF1,,,,,0.9435695538057742,0.8705882352941177,,
MZT1,0.6941538461538461,0.743801652892562,,,,0.7797270955165692,,0.774074074074074
MZT2A,0.10495917147978491,,0.0354978354978355,,0.45108073530401993,,,0.29161561351304044
MZT2B,0.5552092609082814,,0.557099837850359,,0.5851449275362319,0.6349717969379532,0.548212935968038,
N4BP1,0.6124469589816125,0.6928104575163399,0.6975806451612904,,0.6736990154711674,0.6381909547738693,,
N4BP2L1,0.8846572361262242,0.575,,0.842443729903537,0.8836036036036036,0.8366666666666667,0.9781390134529148,0.7687074829931972
N4BP2L2,0.508716323296355,0.5137931034482759,0.41245136186770426,0.5742251223491027,0.43591793232081,0.543117744610282,0.8911242603550296,0.43377001455604075
N6AMT1,,,,,,,0.7242268041237113,
NAA10,0.7258426966292135,,,,0.056288478452066845,0.029023746701846966,0.9216216216216216,
NAA15,,0.2595419847328244,,,0.5985663082437276,0.32867132867132864,,0.17708333333333334
NAA16,0.7788944723618091,,,0.7563025210084033,,,,
NAA25,,,,,0.8170940170940171,,,
NAA30,,,,0.9247648902821317,,0.8892405063291139,0.834314880251276,
NAA35,,,,,0.3738738738738739,0.08333333333333333,0.15137614678899083,
NAA50,0.8775153105861767,0.8842975206611571,0.9265734265734266,0.9708454810495627,0.048858204992033985,0.9664634146341463,,
NAAA,,,,,0.6498371335504886,0.7951807228915663,,
NAALAD2,0.5,,,,,,,
NAB1,0.9150779896013865,,0.9118942731277533,,0.8791639451338994,0.8355555555555556,,0.9008264462809917
NACA,0.754015642082247,0.9207032651596699,0.8341216216216216,0.8341138772491989,0.844935087119918,0.6611822059719683,0.5855864665330269,0.8201717257225783
NACC2,,0.7821350762527233,,0.8117647058823529,0.7526686350215762,0.9548387096774194,,
NADK,,,,,0.860178204249486,0.9,,
NADK2,0.6440501043841336,,0.8073394495412844,0.8837837837837837,,0.8488745980707395,0.7869281045751634,0.7128378378378378
NADSYN1,,,,,,,0.19424460431654678,
NAE1,0.8788410886742757,,,,,0.8147368421052632,,
NAGA,,,,0.2857142857142857,0.5,,,
NAIP,,0.7521367521367521,0.8928571428571429,,,,,
NALCN,,,,0.9082278481012658,0.9855156431054461,0.8875502008032129,0.9801477377654663,
NALF1,0.9457092819614711,0.7052631578947368,0.8091168091168092,0.6681681681681682,0.918484090096532,0.7806841046277666,0.8581626319056487,0.7528409090909091
NAMPT,0.8642384105960265,0.5869565217391305,0.7407407407407407,,0.4867564046895354,0.8197879858657244,0.877373417721519,
NANOS1,,,,0.2962962962962963,,,,
NAP1L1,0.5929860057325914,0.3036427145708583,0.34790874524714827,0.3773755656108597,0.34761074293686783,0.465467208357516,0.5012594458438288,0.4972885032537961
NAP1L2,,,,,,,0.9638620689655173,
NAP1L3,0.9515477792732167,0.6341911764705882,0.9737058340180772,,,0.9801616458486407,,
NAP1L4,0.9101604278074866,0.8555798687089715,0.9096671949286846,0.8475991649269311,,0.8808219178082192,,0.967391304347826
NAP1L5,0.8301173662223991,0.7241379310344828,,0.9330882352941177,0.9195612431444241,0.956844234659474,0.9180875961216984,
NAPB,0.9937995177402686,0.8350824587706147,,,0.9898382589550343,0.9734693877551021,0.858071666050979,0.8888206388206388
NAPEPLD,0.9214527027027027,0.7686832740213523,,0.8488612836438924,0.8616944243301955,0.8978494623655914,0.9432150313152401,
NAPG,,,0.9562363238512035,0.9850523168908819,0.936672285095112,,,0.8590909090909091
NARF,0.797829811536265,0.14093959731543623,,0.11088709677419355,0.1559912854030501,,0.06435643564356436,
NARS1,,0.6481069042316259,0.8681983071342201,,0.8158710477371358,,0.9464863835459912,
NASP,,0.7183098591549296,0.2468354430379747,0.1596244131455399,0.19435736677115986,0.5770925110132159,,0.2
NAT10,,,,,,0.8545454545454545,,
NAT8L,0.9618727775582774,0.9502164502164502,0.6814671814671814,0.939161554192229,0.8646401662769551,0.952537903757416,0.5604424202992844,0.9253375694996029
NAV1,0.7734082397003745,0.5504587155963303,,0.852233676975945,0.7831039392501187,0.7625570776255708,,
NAV2,,0.7345132743362832,0.7487684729064039,,0.8245192307692307,,,
NAV2-AS6,,,,,0.5767195767195767,,0.7665615141955836,
NAV3,,0.711864406779661,0.9215017064846417,0.8803418803418803,0.9140826873385013,0.8851674641148325,0.9033837934105076,0.7924528301886793
NAXD,,,,,0.967459324155194,,,
NAXE,0.041101694915254235,,,,0.020374630299046993,,0.0361890694239291,
NBAS,0.9215922798552473,0.8818181818181818,,,,0.9303621169916435,0.9762783342119136,
NBDY,0.17446043165467626,,0.20962199312714777,,,0.7058823529411765,0.32645631067961167,
NBEA,0.8291060291060292,0.7796610169491526,0.9134328358208955,0.9105263157894737,0.8473908762717427,0.9390048154093098,0.9603930911256701,0.7197802197802198
NBEAL1,0.02875658161198866,,,,0.12692307692307692,,,
NBL1,0.24129983867250518,0.14702517162471396,0.22944743935309972,0.24222431668237512,0.2762724399919317,0.29475982532751094,0.30651250589900897,0.19783783783783784
NBN,0.6601815823605707,,,,,0.5211864406779662,,
NBPF1,0.8987341772151899,,,,,0.7407407407407407,,
NBPF11,,,,,0.7780126849894292,,,
NBPF12,,0.8260869565217391,,,,,0.7678391959798995,0.7333333333333333
NBPF15,,,0.8375634517766497,,,,0.9704854368932039,
NBPF20,,,,0.76,,,,
NBPF26,0.9165247018739353,,,,,,,
NBR1,,,0.9272237196765498,,0.9704077950198484,0.9179389312977099,0.9658044717229285,
NBR2,,,,0.23880597014925373,,,,
NCALD,,,0.9733629300776915,0.9563882063882064,0.9907749077490775,0.9303547963206308,0.7904407349585685,
NCAM1,0.800453514739229,0.44639718804920914,0.6728293166061406,0.7827728208647907,0.9159532135535994,0.7910734898037707,0.9603338750184666,0.954920634920635
NCAM2,0.5656768998490186,0.6970998925886144,0.7864476386036962,0.8177697189483227,0.9038167938931297,0.8379341050756901,0.8457150101419878,0.7119047619047619
NCAN,0.9404371584699454,,0.9377289377289377,0.9458438287153652,0.9458762886597938,0.9756944444444444,,
NCBP1,,,0.6857142857142857,0.6149732620320856,0.6140186915887851,0.7037037037037037,0.6938775510204082,
NCBP2,,,,0.8869565217391304,0.8682871678914641,,,0.8451327433628318
NCBP3,0.6751269035532995,0.7083333333333334,,,0.3516245487364621,,,
NCDN,,,,0.012461791676463673,0.013972055888223553,0.009668508287292817,,
NCEH1,,,,0.8699300699300699,,0.702416918429003,,
NCKAP1,,,0.9919053549190535,0.9875751503006012,0.9970942746448558,0.9895506792058516,0.995688622754491,
NCKAP5,,0.6326530612244898,,,0.2823529411764706,,,
NCL,0.5715725806451613,0.36134453781512604,0.7584229390681003,0.7887563884156729,,0.46380580840918945,0.82932923313473,0.6602739726027397
NCLN,,,0.8727272727272727,,0.9164705882352941,,0.8963730569948186,
NCOA1,0.7224719101123596,0.9184782608695652,0.9667194928684627,0.6705263157894736,0.643048128342246,0.5974842767295597,0.9848348077270266,0.9515418502202643
NCOA2,,,,,,0.8893129770992366,0.9477303988995873,
NCOA4,,0.9057750759878419,,,,0.859402460456942,,
NCOA5,,,,,0.9294003868471954,0.8793103448275862,,
NCOA6,,0.9019607843137255,,,,,,
NCOA7,0.059718969555035126,0.5716019417475728,0.8546195652173914,,0.829051906779661,0.7885425442291492,0.9042854445912781,0.9629629629629629
NCOR1,0.8345410628019324,0.7052117263843648,0.8263888888888888,0.793036750483559,0.7713297463489623,0.5714285714285714,0.9524122087298983,0.9239543726235742
NCOR2,,,,,,0.9494949494949495,,
NCS1,0.9600574712643678,0.057692307692307696,0.6572668112798264,0.6543138390272148,0.7216494845360825,0.6662621359223301,0.8976721629485936,0.10377358490566038
NDE1,,0.6195652173913043,,,,,,
NDEL1,,,,,,0.9788519637462235,0.9680532445923461,
NDFIP1,0.45379746835443036,0.8988902589395807,0.47344771241830064,0.9555555555555556,0.9130576182990948,0.9225776541492814,0.9608347344476313,0.9507389162561576
NDFIP2,0.9477257298031229,0.9008498583569405,0.8147321428571429,0.7913175932977913,0.9409465914025185,0.7429398986241854,0.9724150698879941,
NDRG1,,0.9894005847953217,,,,,,
NDRG2,,0.985145739910314,0.967787610619469,0.9802973977695167,,0.9688535453943009,0.9775417634694104,0.9808262502470844
NDRG3,,,,0.9389090909090909,0.9584094421806941,0.9369582348305753,,
NDRG4,,,,,,,0.9966335363898685,
NDST1,,,,0.8321678321678322,,,,
NDST2,0.8150375939849624,,,,,0.8292682926829268,,0.7313432835820896
NDUFA1,,,,,,0.4656353030687294,,
NDUFA10,0.15580341582432902,0.6097560975609756,0.11243611584327087,0.14858490566037735,,0.11538461538461539,,
NDUFA13,,,,,0.6955695601228743,,0.8386067166250347,0.7519073927913706
NDUFA2,,,,0.6054524801211663,,,,
NDUFA3,0.43312977099236644,,,,,,,
NDUFA5,0.8234593901657358,,,0.8539511791477038,0.7168088737201365,0.8249051833122629,0.8016848016848017,
NDUFA6,,0.33636363636363636,,,,,,0.35051546391752575
NDUFA7,0.014479430016088255,,,,0.03046939335712325,,0.008745684695051784,
NDUFA8,0.9482758620689655,,,0.8446991404011461,,,,
NDUFA9,0.10895310279488395,,0.15223880597014924,0.10634648370497427,0.13354806739345887,0.0730593607305936,0.09013484740951029,0.11836734693877551
NDUFAB1,0.5144401283566965,,,,0.5344221988057605,,0.8016136979551614,
NDUFAF2,,,,,0.7018960674157303,,,
NDUFAF4,0.46273584905660375,0.47580645161290325,0.8862559241706162,0.6885245901639344,0.5723562152133581,0.5779816513761468,0.6887655127367733,0.589041095890411
NDUFAF5,,,,,,0.2589928057553957,0.33497536945812806,
NDUFAF6,0.4310722100656455,,0.41509433962264153,,0.4516728624535316,0.5447761194029851,0.6165703275529865,
NDUFAF7,0.16292134831460675,,,,0.8553459119496856,,,
NDUFB1,0.20373977405531749,,,,,,,
NDUFB10,,,0.5219960604070912,,,,,0.730287859824781
NDUFB11,,0.6257982120051085,0.7777777777777778,,,,,
NDUFB2,0.7364341085271318,,,0.01013215859030837,0.6283185840707964,,,
NDUFB4,,,0.3069148936170213,,0.36793511088100783,0.40058862001308043,,0.27354627354627353
NDUFB5,0.9090580365214247,,0.2229965156794425,0.3228894691035683,0.19493325242718446,0.19538572458543618,0.23610233733417563,0.15746753246753248
NDUFB6,0.038733066208738794,0.048223350253807105,,0.06464250734573947,0.04633920296570899,0.04673539518900344,0.053723293922422734,
NDUFB7,,,,,,,,0.5129650507328072
NDUFB8,0.5246794562807288,,,0.5567809239940388,,0.6009238802972484,0.5124679029957204,0.5084049308927905
NDUFB9,0.5489375402446877,,,,,0.6713770294648226,0.5661441144114412,0.9338596116919138
NDUFC2,0.11582196231319038,0.10331384015594541,0.18491921005385997,0.17192746809939558,0.597335776712715,0.15727584517393434,0.49791499012363744,0.17065390749601275
NDUFS1,0.7173637515842839,0.75,0.653125,0.908974358974359,0.8454667262170612,0.6154661016949152,0.7871959026888604,0.6911764705882353
NDUFS3,,,,,,,,0.6724683544303798
NDUFS4,,,,,,0.6670201484623541,0.562923184683633,
NDUFS5,0.542854952468568,,0.5175993511759935,,0.525692007797271,,,
NDUFS6,0.5384615384615384,,,,,,0.5369208494208494,0.6090764331210191
NDUFS7,0.6002012650948821,,,,,,,
NDUFV1,,,0.9811320754716981,,,0.9887920298879203,,
NDUFV2,,,,,,,0.8051251489868891,
NDUFV3,0.9278648974668275,0.8801652892561983,0.12834224598930483,0.13559322033898305,0.1492769744160178,0.9224343675417661,0.16828695943680858,
NEAT1,,0.3140425531914894,0.40325497287522605,0.028645833333333332,,0.3741830065359477,0.2918531781557744,0.9626865671641791
NEBL,0.8962962962962963,0.8614864864864865,0.899876390605686,0.9007901668129938,0.9438020973379941,0.8451143451143451,0.931205520810869,0.9014267185473411
NECAB1,0.9124668435013262,0.9762282091917591,,0.969974653928641,0.9589746934516045,0.9092505854800936,0.9383629735999116,
NECAP1,0.9870946393117142,,,,,,,
NECAP2,0.8272727272727273,,,0.8648648648648649,0.8047619047619048,0.8351648351648352,,
NECTIN1,,,,,0.9741672331747111,,,
NECTIN2,,,,,0.27735368956743,0.2111111111111111,0.16387337057728119,
NECTIN3,0.5119825708061002,,0.6190476190476191,,0.47804878048780486,0.5370370370370371,0.788235294117647,
NEDD4L,0.8654708520179372,0.9171270718232044,0.952513966480447,,0.885577734045544,0.896969696969697,0.9069434502505369,0.4833759590792839
NEFH,0.9909122684376093,,0.9346938775510204,,,0.9467787114845938,,
NEFL,0.8800643410073389,0.3007135575942915,0.9861878453038674,0.8814525139664805,0.5274644433545855,0.9674922600619195,0.9765867295679902,0.6035714285714285
NEFM,0.8940029782049547,0.6085899513776337,0.6090909090909091,0.8589853826311264,0.7767113364722926,0.7145085803432137,,0.4906976744186046
NEGR1,0.42631924677030875,0.9672489082969432,0.9058679706601467,0.9078525641025641,0.739076296128594,0.8391224862888482,0.7836175264407511,0.38692390139335475
NEIL2,,,,,,0.9269102990033222,,
NEK1,,0.2777777777777778,0.7459016393442623,0.599009900990099,0.888468809073724,0.5828571428571429,0.8032955715756952,
NEK10,0.6333333333333333,,,,,,,
NEK11,,0.45,0.822429906542056,,,,0.5843293492695883,0.6141732283464567
NEK4,,,,0.38202247191011235,0.9264367816091954,0.8731343283582089,,
NEK6,0.33980582524271846,,,0.29927007299270075,0.5137362637362637,,,
NEK9,,,,,0.904054054054054,,,
NELFA,0.6607629427792916,,,0.8626198083067093,0.8473592571096924,0.7789473684210526,0.547925608011445,0.8383838383838383
NELFE,,,,,,0.9662576687116564,,
NELL2,,0.9213483146067416,0.9910100475938657,,0.9960483233600542,0.9924242424242424,0.992682115533873,
NEMF,0.4015567765567766,0.2638146167557932,,0.46169354838709675,0.2056543547651619,0.4861407249466951,0.48473597359735976,0.18562874251497005
NEO1,0.7569444444444444,0.9559748427672956,,0.7878787878787878,0.9717975751186083,,0.7706013363028953,0.9039301310043668
NEPRO,,,0.3769230769230769,0.2804232804232804,0.8682530470110272,0.2658959537572254,,
NET1,0.6942528735632184,,,0.8,0.7478632478632479,0.9241706161137441,,
NETO1,,,,0.8507462686567164,0.8566591422121896,0.7668711656441718,0.858252427184466,
NETO2,0.2015810276679842,,,,0.25617685305591675,0.8553191489361702,0.864448051948052,
NEURL1,0.8052805280528053,0.852112676056338,0.777027027027027,,0.7144356955380577,0.8025641025641026,0.7568781583380123,0.9290465631929047
NEUROD1,0.7550432276657061,,,0.5903083700440529,0.6981132075471698,0.5945945945945946,0.6044568245125348,0.5126050420168067
NEUROD2,0.5982991495747874,0.3157894736842105,,0.46438482886216464,0.6341321994588326,0.4388888888888889,0.502327549724926,0.350354609929078
NEUROD6,0.39849624060150374,,0.888235294117647,,0.4386053562405255,0.4376278118609407,0.4339265429761454,
NF1,0.9832402234636871,0.9004739336492891,0.03153153153153153,0.9058441558441559,0.8583908045977011,0.954177897574124,0.9833860759493671,0.8963414634146342
NF2,,,,0.8704819277108434,,,0.9472564866014462,
NFASC,0.9597747385358005,0.779467680608365,0.963265306122449,0.978601997146933,0.9678768613016564,0.9614643545279383,,
NFAT5,,,,0.35714285714285715,,,,
NFATC2IP,,0.8444444444444444,,,,,,0.6614173228346457
NFATC3,,,,,0.8963636363636364,,,
NFE2L1,0.672865595942519,0.7253731343283583,0.9521094640820981,0.6472019464720195,0.6733021077283372,0.5965559655596556,0.6755626369249154,0.7252336448598131
NFE2L2,0.891640866873065,0.49043715846994534,,,,0.45294117647058824,,
NFIA,0.9800995024875622,0.8831168831168831,0.9119850187265918,0.5521936459909228,0.902888583218707,0.6481481481481481,0.8802083333333334,0.6633858267716536
NFIB,0.8430571761960327,,0.7613104524180967,0.9786476868327402,0.9621934604904632,0.9310344827586207,0.9756906077348066,0.7228346456692913
NFIC,0.6248454882571075,0.5368589743589743,0.5736111111111111,0.6879895561357703,0.6390008058017728,0.9382716049382716,0.6985728346456693,0.5341055341055341
NFIX,0.6322287199480182,0.6900763358778625,0.8451178451178452,0.758576874205845,0.8538993089832182,,0.7925816023738872,0.9593837535014006
NFKB1,,,0.8983050847457628,,,,,
NFKBIA,,,,,,0.8032258064516129,,
NFKBIB,,0.4838709677419355,0.7702702702702703,0.7261904761904762,,,,
NFKBIE,,,,,0.14078674948240166,,,
NFKBIZ,,0.5735294117647058,0.6049382716049383,0.75,0.13651877133105803,0.7377049180327869,0.8511705685618729,
NFRKB,,,,,0.8986866791744841,,,
NFU1,,,,,0.45112414467253176,,,
NFX1,0.23076923076923078,0.25,0.30303030303030304,,0.40948275862068967,0.25435540069686413,,
NFXL1,,,,,,0.7333333333333333,,
NFYA,,,,,,0.4411764705882353,,
NFYB,0.4492753623188406,0.5029585798816568,0.4258064516129032,0.5113636363636364,0.6134603930911257,0.22105263157894736,0.5724815724815725,
NFYC,0.7538631346578366,0.7596153846153846,,,,0.7985347985347986,0.8014623172103487,0.8641304347826086
NGB,0.9055201698513801,,,,0.9655172413793104,,0.8897435897435897,
NGDN,0.752851711026616,,,,,,,
NGLY1,,,0.8181818181818182,,0.9236453201970444,0.9219858156028369,,
NGRN,0.9094537575550233,0.9571428571428572,0.9590761750405187,0.9181892555222253,0.9340280626897514,0.9266553480475382,,
NHERF2,0.46449136276391556,,0.4444444444444444,,0.05482456140350877,0.11594202898550725,0.08648648648648649,
NHLRC3,,,,,0.8953341740226987,0.8582677165354331,,
NHP2,,0.8974358974358975,,,0.8872936109117013,,,
NHSL2,,,,,0.7304878048780488,0.7076923076923077,,
NIFK,0.6842105263157895,0.6296296296296297,0.7569060773480663,,0.7815577439570277,,,
NIFK-AS1,,,0.09859154929577464,0.7567567567567568,,,,
NIN,0.9309090909090909,0.8652482269503546,0.9056603773584906,0.9387755102040817,0.9749049429657795,0.8857142857142857,0.9123222748815166,
NIP7,,,,,0.8304498269896193,,,
NIPA1,,0.9133574007220217,0.9057017543859649,0.9611231101511879,0.9214023183488832,0.8530701754385965,,
NIPA2,,,,0.7163461538461539,0.5782021731972341,,0.6289222373806276,
NIPAL3,0.8640883977900552,,,,0.9739851343624929,,,
NIPBL,,0.9389671361502347,,,0.929159802306425,0.096,0.8270142180094787,
NIPSNAP2,0.8314661471018022,,0.8241042345276873,,0.8762561010623026,0.9530456852791879,,
NIPSNAP3B,,,0.5087719298245614,0.38372093023255816,0.31887755102040816,0.4835164835164835,,
NISCH,0.8219557195571956,0.9319371727748691,0.8870967741935484,0.903202846975089,0.8701517706576728,0.9037610619469026,0.9211129296235679,0.8910256410256411
NIT1,,,0.09740259740259741,,0.041170097508125676,,,
NIT2,,,0.17834394904458598,,0.6631067961165048,0.06550218340611354,,
NKAIN1,,,,,0.8604651162790697,,,
NKAIN2,,,0.5,0.9668674698795181,0.9692432213678672,,0.9482684908080377,
NKAIN3,0.756687898089172,0.6483516483516484,0.7672955974842768,0.8828125,,0.6666666666666666,0.8406779661016949,0.8181818181818182
NKAP,0.5088408644400786,0.42045454545454547,0.4482758620689655,,0.49038461538461536,,0.5913528591352859,
NKAPD1,,,,,0.652321630804077,,0.21894736842105264,
NKIRAS1,,,0.1073170731707317,0.8757763975155279,0.9160170092133239,0.10136986301369863,0.9345667870036101,
NKIRAS2,,,,,0.42696629213483145,,,
NKRF,,,,0.9404145077720207,,,0.9278668310727497,
NKTR,,0.41233766233766234,0.9101123595505618,,,0.8375,,0.5343137254901961
NKX6-2,0.13725490196078433,0.43930248155600266,0.18131101813110181,0.2476780185758514,0.8775968556990454,0.18478260869565216,0.2256596906278435,0.2054263565891473
NLE1,,,,,0.6486486486486487,,,
NLGN1,0.2811594202898551,0.5769230769230769,0.35443037974683544,0.7357512953367875,0.8978779840848806,0.2833333333333333,0.8285509325681492,
NLGN2,,,0.9572192513368984,,,,,
NLGN3,,0.1,,0.04772234273318872,0.09125,,0.1157382368848026,
NLGN4X,,,,,0.02459016393442623,,,
NLGN4Y,0.7310924369747899,,,0.35344827586206895,0.7588709677419355,0.6771300448430493,,0.42342342342342343
NLK,0.9766827980642323,0.9116022099447514,0.856,0.9592901878914405,0.938664373746059,0.9715061058344641,0.9537794896485315,0.931899641577061
NLN,0.889196675900277,0.4,0.5420560747663551,0.608,0.8715596330275229,0.5544554455445545,0.5765069551777434,
NMD3,0.9115755627009646,,,,,,0.9715596330275229,
NME1,,,,,,,0.021116138763197588,
NME9,,,,,0.6702508960573477,,0.6934097421203438,
NMNAT2,0.9777038269550749,,,,0.9887317719840919,0.9655172413793104,0.9855230386052304,
NMRAL1,,,,0.977924944812362,,,,
NMRK1,,,0.18478260869565216,0.9322916666666666,,0.9423076923076923,0.3885350318471338,
NMT1,,0.6170212765957447,0.911504424778761,0.804177545691906,,0.7,,
NMT2,0.8505154639175257,0.23958333333333334,0.147239263803681,0.9281045751633987,0.33043478260869563,0.8818565400843882,0.2014162077104642,
NNT,,,0.8926553672316384,0.9670781893004116,0.9628040057224606,0.9662650602409638,0.9710053577056413,
NNT-AS1,0.6209677419354839,0.6405228758169934,,0.8029197080291971,,,0.6933333333333334,0.7659574468085106
NOC3L,,,,,0.8475836431226765,0.7307692307692307,,
NOL10,0.4,0.3697478991596639,,0.6333333333333333,0.4300847457627119,,0.35294117647058826,
NOL12,0.4732824427480916,,,,0.5505952380952381,,,
NOL3,0.7589285714285714,,0.8442622950819673,0.9053254437869822,0.883442265795207,,,
NOL4L,0.7017543859649122,0.8833333333333333,,0.8509316770186336,0.8722592945662536,0.7983193277310925,,
NOL6,,,,,0.7503607503607503,,,
NOL7,0.32138660399529967,0.6592920353982301,0.3472222222222222,,0.36648394675019574,0.5128900949796472,0.4036281179138322,
NOL8,,,,,,0.7692307692307693,,
NOL9,,,,0.933579335793358,,0.9132231404958677,,
NOLC1,0.971635485817743,0.7096774193548387,0.9361702127659575,0.9713656387665198,0.9363172123760889,0.7945205479452054,,0.679324894514768
NOMO1,,,0.9787234042553191,,,,,
NOMO3,,,,0.99169921875,,,,
NONO,0.954,,,,0.9588694368276734,,0.9576361694553222,
NOP14,,,0.6103896103896104,,,,,
NOP14-AS1,,,0.5,,,,,
NOP56,,0.8174603174603174,,,0.834108951546674,0.8568464730290456,,
NOP58,,,0.788659793814433,0.6476510067114094,,,,0.4855072463768116
NOPCHAP1,0.1876750700280112,,0.24812030075187969,0.2543103448275862,0.7851162790697674,0.2606837606837607,0.3655705996131528,
NORAD,0.9317811197680739,0.9934102141680395,0.9937160811196801,0.9789902790843524,0.915948275862069,0.937220602526725,0.9361650923530473,0.9801111436092425
NOS1AP,0.8769716088328076,,0.8203592814371258,,0.9659270998415214,,,
NOTCH2NLA,0.7638190954773869,,,,,,,
NOVA1,0.812457221081451,,0.8021978021978022,0.4106324472960587,0.15166112956810632,0.7810945273631841,0.5217391304347826,0.9512195121951219
NOVA2,,0.3170731707317073,,0.171875,0.31696750902527077,0.24696356275303644,0.2566452795600367,
NPAS2,,0.8095238095238095,0.9016393442622951,0.89272030651341,,0.920265780730897,0.9070373588184187,
NPAS3,0.6598984771573604,0.6327433628318584,0.6076923076923076,0.7019230769230769,0.8077290076335878,0.8896551724137931,0.7573626373626373,
NPAT,,,0.7671232876712328,,0.6848958333333334,,,
NPC1,,0.1396761133603239,0.08695652173913043,0.1744186046511628,0.157593984962406,0.05759162303664921,,
NPEPL1,,0.7291666666666666,0.6959459459459459,0.875,0.8676923076923077,0.8130841121495327,0.846244131455399,
NPEPPS,0.032017075773746,0.514745308310992,,,0.7176176593086214,0.02197802197802198,0.01782775644541964,0.6217616580310881
NPEPPSP1,,,,,,,0.8461538461538461,
NPHP3,,0.4189189189189189,0.6910994764397905,,,0.8440366972477065,0.8850432632880099,0.6111111111111112
NPIPA9,,0.19166666666666668,0.08808290155440414,,,0.9305785123966942,,0.44868035190615835
NPL,,,0.2727272727272727,,,,,
NPLOC4,,,,,0.8827160493827161,0.9182692307692307,,
NPM1,0.5951727921009325,0.6466321243523316,0.6620111731843575,0.6521344232515894,0.7033187106618348,0.8633663366336634,0.9338077336197637,0.7039864291772688
NPM2,0.6428172163219675,,,,0.4912478825522304,0.88671875,0.6661290322580645,0.7298850574712644
NPR2,,,,,0.7662650602409639,,,
NPRL3,0.8310344827586207,,,0.3489208633093525,0.77906186267845,0.8130081300813008,0.8395967002749771,0.5
NPTN,,,,0.9864373940421409,,,0.9764514819326026,
NPTX1,,,,,,0.9896678966789668,,
NPTXR,,,0.973015873015873,,0.9614028213166145,,,
NQO1,0.2375296912114014,,,,0.3237657864523536,0.2358974358974359,,
NQO2,0.5401647785787848,,0.7947598253275109,0.5717439293598234,0.8186889818688982,0.8099173553719008,0.927023945267959,
NR1D2,,,,0.9573333333333334,0.9418026969481902,0.9040404040404041,0.904045643153527,
NR2C1,0.21515892420537897,,0.24836601307189543,0.23923444976076555,0.2714007782101167,0.2537313432835821,0.37969924812030076,
NR2F1,0.8061420345489443,,,,,,,
NR2F1-AS1,0.7531760435571688,0.23711340206185566,0.26,0.8743068391866913,0.328,0.8010657193605684,0.8163759689922481,
NR2F2,,,0.6818181818181818,,,,,
NR3C1,0.9417927823050058,0.91,0.7572115384615384,0.9507874015748031,0.9290420679168778,0.9658385093167702,,
NR3C2,,,,,,0.42857142857142855,,
NR4A2,,,0.9273743016759777,,,,,
NRAS,,0.8271604938271605,,,0.9012567324955116,0.9,0.6058426966292135,
NRBF2,0.5416666666666666,,,,,,,
NRCAM,0.8978754578754579,0.8879310344827587,0.9821538461538462,0.8770797962648557,0.9404982901807524,0.949874686716792,0.837356945952719,0.8813131313131313
NRDC,,0.7213622291021672,,0.9733333333333334,0.9857685009487666,0.7406855439642325,0.9824620573355818,
NRDE2,,,,,0.18156424581005587,,,
NREP,,,,,0.9165950128976784,,,
NRF1,,,0.5588235294117647,0.4431818181818182,0.6270096463022508,0.6716417910447762,,
NRG1,,,,,0.2903225806451613,,0.8787878787878788,
NRG3,0.9043743641912513,0.8842105263157894,0.7323943661971831,0.6918767507002801,0.5970319634703196,0.7628865979381443,0.8438159560996201,0.8076923076923077
NRIP1,0.9501424501424501,,0.9353233830845771,0.9593023255813954,0.8958868894601543,,,
NRIP3,,,,,,0.029023746701846966,,
NRN1,0.7950866231184323,0.9283276450511946,0.9333816075307748,,0.9074562850544374,0.9150612959719789,,0.9355531686358755
NRP2,,,,0.7475728155339806,0.7404921700223713,,,
NRSN1,0.7102991944764097,,0.8857644991212654,0.9527439024390244,0.913454438044602,0.8790697674418605,0.8947683109118086,
NRSN2,,,,,0.9638445314853872,,,
NRXN1,0.7079430498313976,,0.9286367795059469,0.8806702084184715,0.965249145953587,0.8397645519947678,0.9222284019280682,0.4403292181069959
NRXN2,,,,0.8369883040935673,,,,0.9786995515695067
NRXN3,0.0723781388478582,0.8778625954198473,0.822866344605475,0.9253731343283582,0.9272092398603277,0.9146039603960396,0.9284140969162996,0.8002793296089385
NSA2,0.3388717673857698,0.319376026272578,0.3333333333333333,0.4669421487603306,0.03473302229134267,0.3409090909090909,0.1122715404699739,0.3409090909090909
NSD1,,,,0.8545454545454545,0.6707152496626181,0.6307692307692307,0.17922077922077922,
NSD2,0.5093062605752962,0.7560975609756098,0.5829145728643216,0.9030837004405287,0.23037037037037036,0.8673835125448028,0.5805128205128205,0.45038167938931295
NSD3,0.7180433779418551,0.4147465437788018,0.8855218855218855,0.5796089385474861,0.6987994350282486,0.7703081232492998,0.9854582346973284,0.8206521739130435
NSF,0.9956560623482816,,,0.975609756097561,,0.9934370442391833,0.9922912482995401,
NSFL1C,0.8957203134418324,0.20854271356783918,0.2411214953271028,0.20634920634920634,0.9744713769984528,0.9561270801815431,0.4018941233608548,0.12406015037593984
NSG1,0.6817676486937188,0.6794871794871795,0.6818181818181818,0.7535953978907,0.7755660612092561,0.7486398258977149,0.7148305084745763,0.7326732673267327
NSG2,0.9612052730696798,,,,0.9476413516226163,,,
NSL1,,0.8695652173913043,0.0935672514619883,0.8693693693693694,0.28940217391304346,,0.960352422907489,
NSMCE2,0.8451612903225807,,,,,,0.9334677419354839,
NSMCE3,,,,,0.07286821705426356,,,
NSMCE4A,,,,,0.8942528735632184,,0.9258777633289987,
NSMF,0.048757470902799624,,,,0.0824317362184441,,,
NSRP1,0.5472370766488414,,,0.684887459807074,0.48370273794002605,0.7180094786729858,0.8220472440944881,
NSUN3,,,,,0.525,,,
NSUN4,,,,0.5,0.5409252669039146,,0.7164835164835165,
NSUN5P2,,0.23423423423423423,,0.20081967213114754,0.20685959271168275,,0.1753607103218646,
NSUN6,,,,,,0.803921568627451,,
NT5C2,0.8088607594936709,0.907563025210084,,0.8950617283950617,0.9450381679389313,0.9234042553191489,,
NT5C3B,0.9526119402985075,,,,,,0.9425418569254186,
NT5DC1,0.4298642533936652,0.31333333333333335,0.4144736842105263,0.4918032786885246,0.4267942583732057,0.21904761904761905,0.2921739130434783,
NT5E,,,,0.8024691358024691,0.7913669064748201,0.7786885245901639,,
NTM,0.7637096774193548,,0.8970331588132635,0.9826642335766423,0.924726831242412,0.5831435079726651,0.9813477737665464,0.9653333333333334
NTM-AS1,,,,,0.06948109058927,,,
NTNG1,,,0.2,,,,,
NTNG2,,0.21818181818181817,,,0.12321232123212321,,,
NTPCR,0.8316538233550682,0.14553990610328638,0.10725552050473186,0.9651898734177216,0.18779342723004694,0.19739696312364424,0.25511342506507995,
NTRK2,0.5134712643678161,0.30793157076205285,0.4735099337748344,0.7778402699662542,0.499269326318866,0.6080366584420163,0.6243919091917727,0.05159883720930233
NTRK3,0.5918079096045198,,0.9276139410187667,0.6766623207301173,0.7070884592852958,0.7134502923976608,0.9529159978598181,0.7025641025641025
NUAK1,,,,,0.973709699737097,,,
NUB1,0.34509803921568627,0.8043478260869565,0.7513227513227513,,0.8866916087653661,0.7560975609756098,0.7626359564939219,0.8625954198473282
NUBP1,,,,,0.8538681948424068,0.75,,
NUBPL,,,,0.5194805194805194,0.6690140845070423,,0.5652985074626866,
NUCB1,,,,0.982363315696649,,,0.969321351100093,
NUCB2,0.5770750988142292,0.42016806722689076,0.336,0.5639810426540285,0.28,0.535,,0.2857142857142857
NUCKS1,0.49988794262662484,0.4842254519673875,0.41633352370074245,0.42452830188679247,0.5971111684291979,0.5886542864411092,0.6602306425041187,0.6356560415122313
NUDC,0.9328961748633879,0.6223091976516634,0.8785529715762274,0.8185309649543927,0.704841228526809,0.04115586690017513,0.9604639764744323,0.06534090909090909
NUDCD1,0.5037593984962406,0.28205128205128205,,0.48360655737704916,0.43267776096822996,0.4473684210526316,0.5276497695852534,
NUDCD2,0.8103896103896104,0.8586956521739131,,,,0.048458149779735685,,
NUDCD3,0.9932728868090085,,0.060470324748040316,0.03475742215785663,0.975095400682868,0.08851422550052687,0.9816922315685305,
NUDT11,0.8601532567049809,,,,0.7552887364208118,,0.8034782608695652,
NUDT15,0.4353120243531202,,,,0.5676691729323309,0.5488721804511278,0.8811188811188811,
NUDT16,0.38430311231393777,0.4419889502762431,0.43157894736842106,0.6422764227642277,0.31719924812030076,0.2883895131086142,0.6062407132243685,0.4351851851851852
NUDT21,0.9779179810725552,,,,0.9717594473791141,,0.9756580249356818,
NUDT3,0.9639868120720264,0.6846846846846847,0.838810641627543,0.8120300751879699,0.8548335467349552,0.679322033898305,0.7157055595817372,0.89924670433145
NUDT4,0.14095940959409595,,0.25943396226415094,0.14551083591331268,0.1697050049718263,0.8637640449438202,0.6989302088639837,
NUDT5,,,0.352112676056338,,0.23169014084507042,,0.5732394366197183,
NUDT9,,,,,0.08089171974522293,,0.08108108108108109,
NUFIP2,0.7144168962350781,0.8226299694189603,0.7810945273631841,0.8109965635738832,0.9473301852524518,0.8634538152610441,0.971636642391721,0.890625
NUMB,0.8457772337821298,,,,0.7991183879093199,,0.935700575815739,
NUMBL,,,0.2116788321167883,0.17791411042944785,0.2748427672955975,0.18840579710144928,0.1746031746031746,
NUP133,,,,0.7468354430379747,,0.7359307359307359,,
NUP155,,,,,0.776735459662289,,,
NUP210,,0.6666666666666666,,,,,,
NUP214,0.2981366459627329,,,0.288135593220339,0.5169628432956381,0.20408163265306123,0.3047619047619048,
NUP42,,,,,,0.8316831683168316,,
NUP50,,,,0.8833746898263027,0.9252383341695936,0.9559748427672956,0.8430517711171662,
NUP50-DT,0.6295081967213115,,,,0.744578313253012,0.8888888888888888,0.8252279635258358,
NUP58,,,,,0.715939447907391,0.6403508771929824,,
NUP62,,,0.8333333333333334,0.908695652173913,,0.8277511961722488,,
NUP85,,,,0.6197183098591549,,,,
NUP88,0.627177700348432,,,,,,,
NUP93,,,,0.7704918032786885,0.3132867132867133,0.26262626262626265,,
NUP98,0.7366071428571429,,,0.8064516129032258,0.7476635514018691,0.7837837837837838,,
NUS1,0.4451672862453532,,,,0.759914255091104,0.7298136645962733,,
NUTF2,0.21496735308890005,0.23595505617977527,0.23672566371681417,,0.2327093083723349,0.20249221183800623,0.8654613134804573,
NUTM2A-AS1,,0.7906976744186046,,0.8421052631578947,0.7839506172839507,,,
NUTM2B-AS1,0.5964912280701754,,,,0.41944847605224966,0.43333333333333335,,0.4
NWD1,0.49809885931558934,,,0.5652173913043478,,,,0.6233766233766234
NXPE3,0.9152542372881356,0.7094972067039106,0.8844444444444445,,0.76832725799919,,0.8457283343577136,
NXPH1,,,,0.8291139240506329,0.9312101910828026,,0.9072164948453608,
NXPH3,,,,0.42857142857142855,0.3049095607235142,0.3854166666666667,,
OARD1,,0.8301886792452831,0.8,,0.8331735378715245,,,
OAZ1,,,,0.9927906976744186,,,0.979936067469224,
OAZ2,0.7651006711409396,0.8910891089108911,0.7367491166077739,0.7744270205066345,0.788039713691988,0.7659863945578231,0.7887382690302398,0.7808564231738035
OBI1,,0.6435643564356436,,,,,0.9113924050632911,
OBSCN,,,,,0.5842105263157895,,,
OBSL1,0.43522561863173215,0.8055555555555556,0.643979057591623,0.5549872122762148,0.5110184633710542,0.568904593639576,0.5777377196935557,0.5892857142857143
OCIAD1,0.030646799864544532,0.059813084112149535,,0.963700752545374,0.9946165966386554,0.03826086956521739,0.9498389772616376,
OCIAD2,0.7841258980499487,,,,,,0.856416054267948,
OCLN,,,,,0.31004366812227074,,,
ODF2,,,,,0.6867749419953596,,,
ODF2L,0.5411255411255411,,,0.8571428571428571,0.7502774694783574,0.9053254437869822,0.6582857142857143,
ODR4,0.824468085106383,,0.7654320987654321,0.8181818181818182,,,0.7904509283819628,
OFD1,0.7729257641921398,0.8701298701298701,0.7167235494880546,0.796923076923077,,,,
OGA,0.7057002367510472,,0.8179396092362344,0.8107838242636046,0.8321750702351027,0.7149505526468877,,
OGFOD1,0.7474226804123711,,,0.7554347826086957,0.7728215767634855,0.7753623188405797,,
OGFOD2,0.5,,,,0.3651685393258427,,,
OGFOD3,0.43568464730290457,,0.3157894736842105,,0.47619047619047616,,,
OGFR,,,,,,,0.9578093306288032,
OGFRL1,0.8492981007431875,,0.8097886540600667,0.844731977818854,0.7867452734295588,0.7191011235955056,0.8967882234861158,0.8439821693907875
OGG1,,,,,0.44421906693711966,,0.508,
OGT,0.9358974358974359,0.9601226993865031,0.8849693251533742,0.9237668161434978,0.9071908434934063,0.8606158833063209,0.9693578470556888,
OIP5-AS1,0.7537581699346405,0.8307849133537207,0.5859223300970874,0.5458471760797342,0.9571691484022085,0.4000786782061369,0.5413962989665946,0.5998995983935743
OLA1,0.48655913978494625,,0.9603174603174603,0.11705069124423963,0.07147778160523596,0.15422396856581533,0.9935319935319935,0.10826210826210826
OLFM1,0.27776520124960385,0.1953059513830679,0.2440944881889764,0.3051078320090806,0.41856301259096684,0.2243808710503843,0.8569944198576102,0.21795692045212198
OLFM3,0.6398066075745367,,,0.9410029498525073,0.5813720580871307,0.8,0.5205566097406704,
OLIG2,,0.788235294117647,0.7795698924731183,,0.8167330677290837,,,0.8529411764705882
OLMALINC,0.14285714285714285,0.1972318339100346,,0.22826086956521738,0.8904179408766565,0.24285714285714285,,0.26126126126126126
OMG,0.9601511508072827,0.052980132450331126,,,0.984927812152943,0.9778270509977827,,
OPA1,0.9508196721311475,,,0.8903456495828367,0.9208721215090642,0.8911917098445595,0.9503480887954814,
OPA3,,,,,0.42207792207792205,,,
OPALIN,0.6257668711656442,0.5833333333333334,0.5424657534246575,,0.5965734007149021,0.5402930402930403,,
OPCML,0.9547432550043516,0.7794117647058824,0.4681372549019608,0.8204334365325078,0.9239463150459147,0.858148893360161,0.5759753593429158,0.5277777777777778
OPN3,0.3919449901768173,0.22033898305084745,,0.40326340326340326,0.9739185750636132,,0.43413978494623656,
OPTN,0.7547945205479452,0.6970954356846473,0.8982772764561116,0.8105263157894737,0.9573323323323323,0.8515789473684211,,0.8329411764705882
ORAI2,0.7910447761194029,0.6056338028169014,,0.46464646464646464,0.5266323024054983,,0.7323943661971831,
ORC2,0.8627450980392157,,,0.6176470588235294,0.6771929824561403,,,
ORC3,,,0.8653846153846154,,,0.9396984924623115,,
ORC4,0.4535759096612296,,0.47150259067357514,0.44837758112094395,0.29931751706207343,0.41904761904761906,,0.47368421052631576
ORMDL1,0.1640746500777605,,,,0.2872194228126432,0.2023121387283237,,
ORMDL3,,,,,,,0.9594477998274374,
OS9,,,,,0.9803751803751803,,,
OSBP,,,,0.9236111111111112,0.802570093457944,0.9033232628398792,0.9475620975160993,
OSBPL1A,0.716298275443284,0.7160775370581528,0.8715498938428875,0.8771428571428571,0.8114176519765914,0.7673521850899743,0.9458840119866032,0.900497512437811
OSBPL2,0.6292749658002736,,,0.6116504854368932,0.6838942307692307,0.9456066945606695,0.7364756293519015,
OSBPL3,,,,,0.9364406779661016,,,
OSBPL6,,0.2765957446808511,0.4222222222222222,,,0.4027777777777778,0.24627976190476192,0.1404494382022472
OSBPL8,0.75,0.7534246575342466,0.8885448916408669,0.9334811529933481,0.9585889570552147,0.8521739130434782,0.9732837335136963,
OSER1,,0.29411764705882354,0.546875,0.4429530201342282,0.22641509433962265,,0.1940700808625337,0.38461538461538464
OSER1-DT,,,,,0.9334470989761092,,,
OSGIN2,0.5859969558599696,,,0.8192771084337349,0.7412587412587412,,0.6066810344827587,
OSTM1,0.13751375137513752,,,0.15384615384615385,0.11713665943600868,0.1640625,0.15310344827586206,
OTUB1,0.8157280906364545,0.7330960854092526,0.8474074074074074,0.8773333333333333,0.8376033891466613,0.8760504201680672,0.8515322296583304,0.8685344827586207
OTUD4,,,,,0.9653078924544666,,,
OTUD5,,0.9086294416243654,,,0.9014812263176025,,,
OTUD6B,0.9140625,,,,,,,
OTUD6B-AS1,0.08623548922056384,0.19718309859154928,0.05032822757111598,,0.25480622520598106,0.10095011876484561,0.673217854763491,0.8636363636363636
OTUD7A,,0.7406015037593985,,0.8,0.8525588952071487,,0.918918918918919,
OTUD7B,,0.7481481481481481,0.8536585365853658,0.5742574257425742,0.9552380952380952,0.5081967213114754,0.6288032454361054,
OTULIN,,,,,0.7222222222222222,,,
OXA1L,0.09840954274353876,0.1958762886597938,,0.1902439024390244,0.10598210080075365,0.14127423822714683,,
OXCT1,0.9602708803611738,,,,0.9692013593882752,,,
OXNAD1,0.43666666666666665,0.3137254901960784,,,0.33405797101449275,,,
OXR1,0.9311149121443011,0.570264765784114,0.9069462647444299,0.9028654686741137,0.8127463863337714,0.9230059935454127,0.9160983674312875,0.8653366583541147
P2RX7,0.8120300751879699,0.664,0.8654545454545455,0.8922413793103449,0.800755939524838,0.815068493150685,0.9414374445430346,0.6392405063291139
P3H1,0.75,,,,0.8482384823848238,,,
P4HA1,,0.7873563218390804,,,0.6151241534988713,0.8648648648648649,,
P4HA2,,,,0.3262411347517731,0.25562700964630225,,,
P4HTM,,,,,0.967662373252946,,,
PA2G4,0.937612477504499,0.554858934169279,0.5727482678983834,0.6805157593123209,0.9518920504546788,0.7888888888888889,0.6836313617606602,0.5942492012779552
PAAF1,,,,,0.04332313965341488,,0.04539559014267185,
PABIR2,,,,,,,,0.84
PABPC1,0.9726633689143452,0.9639575971731449,,0.009015256588072122,0.988862837045721,0.862380146644106,,0.8220701454234388
PABPC1L2B,0.6943127962085308,,,0.6722689075630253,0.7664720600500416,0.43209876543209874,0.28949691085613416,
PABPC4,,,,,0.9624652455977757,,,0.8797653958944281
PABPN1,0.6225820962663068,0.41919191919191917,0.8036984352773826,0.800561797752809,0.9292173370751481,,0.575621687729311,0.7314285714285714
PACRGL,0.22448979591836735,,,,0.48776223776223776,,,
PACS1,,,,,,0.9423868312757202,,
PACS2,0.23433874709976799,0.982200647249191,0.2543859649122807,0.286231884057971,0.9898213543830494,0.29533678756476683,0.3726161369193154,0.2296137339055794
PACSIN1,0.9209855564995751,,0.9263322884012539,0.8807724601175483,0.9071874370847595,0.9767441860465116,0.8592743302814514,
PADI2,,,,0.9478021978021978,0.9255786697919719,0.924812030075188,,
PAFAH1B1,0.9605093190625577,0.8539553752535497,0.98761835396941,0.9896091044037605,0.9511255323463801,0.9044805514524865,0.9781315765394821,0.9355877616747182
PAFAH1B2,0.9864406779661017,0.984869325997249,0.9728014505893019,0.973001588141874,0.9806858494284588,0.991174473862865,0.988578522656735,
PAFAH1B3,,,,,0.850412821758135,,,
PAG1,,,0.6736842105263158,0.6793893129770993,0.7091454272863568,0.5384615384615384,0.737151248164464,0.4827586206896552
PAGR1,,0.125,,,0.08647654093836246,0.896774193548387,,
PAICS,,0.9026548672566371,0.9230769230769231,0.7246835443037974,0.8382441371016236,0.8084507042253521,,0.8
PAIP1,0.9351032448377581,0.9130434782608695,0.8673684210526316,0.5067114093959731,0.9561000510464522,0.8963815789473685,0.9508670520231214,
PAIP2,0.8238426874231872,0.7978723404255319,0.836046511627907,0.8346281908990011,0.8762169680111266,,,
PAIP2B,0.6591760299625468,0.8886389201349831,0.9273356401384083,0.8507462686567164,0.9243243243243243,0.8378378378378378,0.9252243270189432,
PAK1,0.8884867287142365,,,0.9015766841853798,0.9822427293064877,0.886736214605067,0.9103089358874986,
PAK2,0.7384105960264901,0.5,0.7061611374407583,0.8153153153153153,0.8026819923371648,0.7967479674796748,0.9443173150266971,0.7578947368421053
PAK3,0.8233898305084746,0.26865671641791045,0.6808510638297872,0.44341801385681295,0.9404352806414662,0.7322461862177801,0.9360478490913273,0.4572192513368984
PAK5,0.8122529644268774,,0.8048780487804879,,,,,0.7264150943396226
PALLD,,0.7122302158273381,,0.8446215139442231,,,,
PALM,0.9870071684587813,,0.9768211920529801,,,,0.9827532141737222,
PALM2AKAP2,0.8518005540166205,0.5308056872037915,0.6988304093567251,0.5091383812010444,0.48312611012433393,0.5967078189300411,,0.5870445344129555
PALS1,0.3394495412844037,,0.9042553191489362,,0.9561369757599076,0.8666666666666667,,
PALS2,0.7392035894559731,,0.6530612244897959,0.5490566037735849,0.6729254996971532,0.688470066518847,0.7113180515759312,0.4620253164556962
PAM16,0.771021377672209,0.5223367697594502,0.58656330749354,0.7661870503597122,0.6235864297253635,0.7184035476718403,0.6232755571276972,0.7009063444108762
PANK2,0.7867256637168142,0.2982456140350877,0.14146341463414633,0.8310626702997275,0.14767096134786917,0.5763747454175153,0.043377226955848176,0.7077922077922078
PANK3,0.8805970149253731,0.904,,,0.9258777633289987,0.8776978417266187,0.8959968602825745,
PANTR1,,,,,,,,0.6455981941309256
PANX2,,,,,0.9375,,,
PAPOLA,0.6370023419203747,0.6913183279742765,0.6778947368421052,0.703030303030303,0.7250155183116077,0.6388888888888888,0.7230769230769231,0.8303964757709251
PAPOLG,,0.23728813559322035,,,0.487627365356623,,0.5859269282814614,
PAQR3,,,,,,0.9371428571428572,,
PAQR4,,,,,0.9849656357388317,,,
PAQR6,,,,,0.9836792262744308,,0.9700526102792392,
PAQR8,0.569593147751606,0.9074733096085409,0.6529850746268657,0.5527156549520766,0.6612652320456314,0.9721549636803875,0.6384704519119351,
PAQR9,,,,,0.8892857142857142,,0.9151898734177215,
PARG,0.2119487908961593,0.13004484304932734,0.8924731182795699,0.2776659959758551,0.41831057157309054,,,0.20851063829787234
PARK7,,,,0.9557148882328131,0.9480742085097802,0.9391338275458447,,
PARM1,,,,0.9663716814159292,0.9495718363463368,0.8891454965357968,0.9090579710144927,
PARP1,0.9719334719334719,0.9203539823008849,,,0.9783531409168081,0.9537037037037037,,
PARP2,,,,,0.9352972119936875,,,
PARP8,0.451505016722408,,,0.5032679738562091,0.4948453608247423,0.44554455445544555,0.4896049896049896,
PART1,0.7132018209408194,,,0.8301369863013699,0.8104575163398693,0.82,0.9137593100744806,
PARVA,0.3138075313807531,,0.4303030303030303,0.4631578947368421,0.3193916349809886,0.3942857142857143,0.9770466717674062,0.6190476190476191
PARVB,0.6331658291457286,0.6129032258064516,0.8382352941176471,,,0.7318840579710145,0.7989255564082886,0.7692307692307693
PATL1,,,,,0.8442622950819673,,,
PATZ1,0.7730496453900709,,,,0.6751592356687898,0.6967213114754098,0.7221052631578947,
PAX6,,,,0.7175141242937854,,,,
PAXBP1,,0.8879310344827587,,,,0.8828125,,
PAXBP1-AS1,,,,,0.7440758293838863,,,
PAXIP1-DT,0.44565217391304346,0.36363636363636365,,,0.42613636363636365,0.5443037974683544,0.9376693766937669,
PAXX,,,,0.7760617760617761,,,,
PBRM1,,0.5481481481481482,0.9257142857142857,,0.7342922028766087,,,
PBX1,0.9551924090669478,0.8909952606635071,0.9259259259259259,,0.9571305471779405,0.7744733581164808,,
PBXIP1,0.7509405568096313,0.8592814371257484,,0.7410562180579217,0.7961601307189542,0.9104166666666667,0.7883710987601539,0.9554367201426025
PCBD1,0.12071428571428572,,,,,,,
PCBD2,,,,,0.8093645484949833,,,
PCBP1-AS1,,0.20833333333333334,,,0.6793103448275862,0.7843137254901961,,
PCBP2,0.966643381068809,0.8477157360406091,0.9706070287539936,0.9671457905544147,0.9618969579022841,0.961100569259962,0.9469523080846722,0.04073436603557085
PCCA,,0.75,0.859504132231405,,,,,0.7272727272727273
PCCB,0.3617339312406577,,0.11170212765957446,0.516245487364621,0.47299509001636664,0.42105263157894735,0.5723727693324521,
PCDH10,0.872579637726421,0.6339869281045751,,0.9486607142857143,0.7027027027027027,0.8015463917525774,0.2926587301587302,
PCDH11X,0.7117117117117117,,,,,,,
PCDH11Y,0.717391304347826,,,,0.5347826086956522,,,
PCDH17,0.8813813813813813,0.7398373983739838,0.8179271708683473,0.9565217391304348,0.5571642536195707,0.8406940063091483,0.911280412877857,
PCDH19,,,,,,,0.9805890227576974,
PCDH7,0.9261190786614515,0.7711442786069652,0.889087656529517,0.9820426487093153,0.8562484950638093,0.8662659654395192,0.9554182299713088,0.9442567567567568
PCDH8,,,,,,0.038461538461538464,,
PCDH9,0.7008185153824442,0.6047366271947734,0.6019950124688279,0.6401475237091675,0.5057099614749587,0.6096916299559472,0.6277812435017676,0.4793926247288503
PCDHAC2,0.6168464304057525,0.827433628318584,0.6210131332082551,0.5498721227621484,0.6528319192845677,0.6560102301790282,0.5709868590569441,0.5443786982248521
PCDHB2,,,,,0.7269372693726938,,,
PCDHGC5,,,,,,0.9702541914548405,,
PCF11,0.8341232227488151,0.31901840490797545,0.6717171717171717,0.5213903743315508,0.7214854111405835,0.7114093959731543,0.7021857923497268,0.7524752475247525
PCGF2,,,,0.643312101910828,0.5787965616045845,,,
PCGF3,0.7683823529411765,,0.7328767123287672,0.7731481481481481,0.6593233674272226,0.9117647058823529,0.9103448275862069,0.8014705882352942
PCGF5,0.968031968031968,0.8242424242424242,0.9101796407185628,0.935672514619883,0.8252427184466019,0.9298701298701298,0.9530137636449929,0.9197994987468672
PCIF1,,,0.6986301369863014,,0.8678655199374511,0.6666666666666666,0.8469905728788978,0.8035714285714286
PCLO,0.7608881298035867,0.44537815126050423,0.35263835263835264,0.6494296577946768,0.374860646599777,0.5864661654135338,0.9060494067302082,0.6374407582938388
PCM1,0.7892095357590966,0.5626598465473146,0.8850931677018633,0.9054878048780488,0.8113081298093008,0.8466898954703833,0.8159660897209466,0.910377358490566
PCMT1,0.9234206471494607,0.9080962800875274,0.9334698055271239,,0.9362189534603328,0.9482484076433121,,0.9292763157894737
PCMTD1,,0.6290322580645161,,,0.6296914095079232,0.904,0.6878402903811253,
PCNP,,0.9477977161500816,0.9626955475330926,0.9451038575667656,0.9759229534510433,0.9719626168224299,,0.9532163742690059
PCNX1,,,,0.9485714285714286,0.8959563834620627,0.9176954732510288,0.9056603773584906,
PCNX2,,,0.6,,0.8897233201581027,0.5633187772925764,0.691044776119403,
PCNX3,,0.7027027027027027,,,,,,
PCNX4,0.14826498422712933,,,,0.9658536585365853,0.2713178294573643,0.05164992826398852,
PCSK1,,,,0.9667405764966741,,,,
PCSK1N,,,0.9822738386308069,0.9140969162995595,,,,
PCSK2,0.7602635580334516,0.42016806722689076,0.6313799621928167,0.9879781420765027,0.7267884322678844,0.9886492622020431,0.9653786017422381,0.468384074941452
PCSK6,,0.9215116279069767,0.10650887573964497,0.13131313131313133,0.11951219512195121,,,
PCSK7,,0.8842975206611571,,0.9210526315789473,0.9522417153996101,,,
PCYOX1,,0.9177215189873418,0.9753086419753086,0.931323283082077,0.9608264019318487,,0.9357124778537079,0.6739811912225705
PCYT1A,0.8785310734463276,,,,0.860774818401937,,,
PCYT2,0.10441044104410441,0.12777777777777777,0.10643015521064302,0.1603960396039604,0.1447661469933185,0.15483870967741936,0.3164046755340588,0.18354430379746836
PDAP1,0.8105932203389831,0.7050359712230215,,0.845222072678331,0.04696868754163891,0.8230403800475059,,
PDCD10,0.054414784394250515,,,,0.3515625,0.8389610389610389,0.05413105413105413,
PDCD11,,,,,0.8850889192886456,,,
PDCD2,0.32054176072234764,,0.6666666666666666,,0.7548161120840631,0.6312849162011173,0.5948275862068966,0.6486486486486487
PDCD2L,0.6896551724137931,,,,,,,
PDCD4,0.9088607594936708,0.9479166666666666,0.8928571428571429,0.3674540682414698,0.9549808429118773,0.9472049689440993,0.938386704499392,0.2482758620689655
PDCD5,,,,0.5773524720893142,,0.6391752577319587,,
PDCD6,,0.9298245614035088,,,0.9739167017248632,,,
PDCD6IP,0.9664758789860998,0.5102040816326531,,0.6976744186046512,0.681422351233672,,,
PDCD7,,,,0.8980582524271845,,,,0.7873563218390804
PDCL,,,,0.8675496688741722,0.7670753064798599,0.8266666666666667,0.7429378531073446,0.7272727272727273
PDE12,0.8865979381443299,,,0.3918918918918919,0.41899441340782123,0.42574257425742573,0.5004306632213609,
PDE1A,0.8532934131736527,,0.8857142857142857,0.7122302158273381,0.7349987123358228,0.6697892271662763,0.7697115384615385,0.8915094339622641
PDE1C,,0.9044117647058824,0.8434782608695652,0.30978260869565216,0.8800943078477602,0.25139664804469275,0.41679873217115687,
PDE2A,,,,,,,0.9815807880624854,
PDE3B,,,,0.6046511627906976,,,,
PDE4A,,,,0.8223443223443223,0.797265625,,,0.60828025477707
PDE4B,,0.9372549019607843,,0.9630390143737166,0.9658721560130011,,0.9443197126178716,
PDE4C,,,,,,0.631578947368421,,
PDE4D,0.8860971524288107,0.5384615384615384,0.49477351916376305,0.8560794044665012,0.8143904674610449,0.7681159420289855,0.7312072892938497,0.5454545454545454
PDE4DIP,0.6781536515965855,0.8450184501845018,0.8849144634525661,0.8480509148766905,0.9261992619926199,0.7165510406342914,0.805183199285076,0.8336106489184693
PDE7A,0.8447488584474886,,,,,,,
PDE7B,,,,0.8549618320610687,,0.8536585365853658,0.75,
PDE8A,,0.7245762711864406,,,0.9500680889695869,0.8502994011976048,0.6922455573505655,0.5661764705882353
PDE8B,,,,,,,0.761175996778091,
PDF,,,0.15,0.18435754189944134,,0.0670391061452514,0.08866995073891626,
PDGFA,,0.7437185929648241,,0.8854961832061069,0.7504017139796465,,,
PDGFRB,0.876953125,,,,,,,
PDHA1,,0.3558282208588957,0.3957703927492447,0.36259541984732824,0.9847447073474471,0.27239488117001825,,0.42276422764227645
PDHB,,,,,,,,0.9181818181818182
PDHX,0.9431089743589743,,,,0.05110132158590308,,,
PDIA3,0.08941709111488398,0.9191374663072777,0.11368421052631579,0.0730050933786078,0.12217732350843832,0.03851851851851852,0.9829007633587786,
PDIA4,,,,,0.29297994269340977,0.2698412698412698,,
PDIA6,,0.604982206405694,0.6386363636363637,0.6451104100946372,,,0.6808510638297872,
PDK2,0.5558681672025724,0.13131313131313133,,,0.6891060441549041,0.6213235294117647,0.7408596837944664,
PDK3,,,,,,0.9716494845360825,,
PDK4,,0.7192429022082019,0.7955390334572491,,,,0.7393397524071527,
PDLIM5,,0.8257575757575758,,,0.6205405405405405,0.8325358851674641,0.7647058823529411,
PDLIM7,,,,0.2026431718061674,,,,
PDP1,0.9745813397129187,,,,0.9579732248771394,0.9496644295302014,0.9317887652083873,0.9325153374233128
PDP2,,,,0.8461538461538461,0.8886986301369864,,,
PDPK1,,,,,,0.8823529411764706,0.9411428571428572,
PDPN,,,,,,0.7605633802816901,,
PDS5A,0.9568567026194145,0.5922330097087378,0.8103448275862069,0.7597911227154047,0.6296026248632883,0.8622047244094488,0.6986211424819435,0.6954022988505747
PDS5B,0.3906432748538012,0.7154471544715447,0.91,0.9125596184419714,0.6350550381033023,0.3333333333333333,0.9854333576110706,0.5437262357414449
PDXK,0.7115875446656458,0.7810810810810811,0.6955665024630542,0.8766556291390728,0.7165098929614012,0.8617021276595744,0.8789500509683996,0.905224787363305
PDXP,0.9878154917319408,,,,,,,
PDZD11,,0.168141592920354,,,0.023312883435582823,,,
PDZD2,,,0.946236559139785,0.980276134122288,0.9388038942976356,,,
PDZD4,0.9698596201486375,,,,,,,0.9859265050820953
PDZD7,0.907103825136612,,,,0.9402985074626866,0.8421052631578947,,
PDZD8,0.8354253835425384,0.8342541436464088,0.6796875,0.7918088737201365,0.8445908841295992,0.4272300469483568,0.6910569105691057,0.36486486486486486
PDZRN3,,,,0.8955223880597015,,0.9035532994923858,0.954225352112676,0.875
PDZRN4,,0.2876712328767123,0.6025641025641025,0.35514018691588783,0.5154185022026432,0.6029411764705882,0.5320600272851296,
PEA15,0.9227525200576013,0.9848596750369276,0.8418679549114332,0.7866344605475041,0.6797709432505469,0.9809116809116809,0.7255869703165762,0.8622412562455389
PEAK1,,,,,,0.8728323699421965,,
PEBP1,0.5987037424210746,0.9936395759717315,0.7263184203949012,0.9957870857976181,0.7119372314589949,0.70052211604768,0.7167933655839668,0.7277597092022192
PECAM1,0.3791208791208791,,,,,0.6666666666666666,,
PEDS1,,0.10231023102310231,,,0.08453887884267632,0.1619718309859155,,
PEG10,,,,0.6963226571767497,,,,
PEG13,,,,,,,0.3256121773659828,
PEG3,0.9770290964777948,,0.9922879177377892,0.8623775031955688,,0.945280437756498,0.9887344199424737,0.9710920770877944
PELI3,,,,,,,0.9657401422107305,
PELO,0.2494172494172494,,,,,0.14705882352941177,0.3939393939393939,
PELP1,,0.621301775147929,,,,0.08080808080808081,0.14439946018893388,
PER3,,0.6941176470588235,0.8415094339622642,0.9364548494983278,0.8994646044021416,0.8762886597938144,0.9607032057911065,
PEX10,,,,0.9095744680851063,0.3881019830028329,0.9067796610169492,,
PEX11A,,,,,0.7817589576547231,,,
PEX13,,,,,0.8483290488431876,,,
PEX16,,0.125,,,0.08855850032320621,,,
PEX19,0.921146953405018,0.2695035460992908,,0.07335907335907337,0.37707006369426754,0.9498069498069498,0.43931159420289856,
PEX2,0.8513853904282116,0.2782608695652174,,,0.9285714285714286,,,
PEX26,,,,,0.9666136724960255,,,
PEX3,0.8366666666666667,,,0.7701149425287356,0.8330757341576507,,0.8828671328671329,
PEX5,0.0609597924773022,,0.051515151515151514,,,,,
PEX5L,0.9215786776012301,0.8776290630975143,0.9540669856459331,0.9661417322834646,0.9546328951587048,0.9571428571428572,0.9369423862089823,0.9232
PFDN1,,0.9372384937238494,,,,,,
PFDN4,0.6990185387131952,0.6452380952380953,,0.6793802145411204,0.7311552423660047,0.6738505747126436,,0.3983903420523139
PFDN5,0.5132640216327101,0.5319462647444299,0.4870728620502622,,0.8092006247337782,0.8761460243373895,0.4510731870548305,
PFDN6,,,0.8928571428571429,0.07252747252747253,0.06134663341645885,,,
PFKFB2,0.6772247360482655,,0.39316239316239315,0.5486111111111112,0.3972602739726027,0.391304347826087,0.301704966641957,0.5547445255474452
PFKM,,,,0.9863301787592008,,,,
PFKP,,0.9548192771084337,,,0.547945205479452,0.98989898989899,0.9683155512447462,
PFN2,,,,,0.9522001859312055,0.9770444763271162,,
PGAM5,,,,0.8590909090909091,0.8608058608058609,0.9017857142857143,0.8854748603351955,
PGAP1,,0.5576923076923077,0.8888888888888888,,0.4319218241042345,0.3617021276595745,0.9232505643340858,
PGAP4,0.7835517397198373,0.7005649717514124,,,0.9748446285883398,,,
PGBD1,0.45408163265306123,,0.49206349206349204,0.3793103448275862,,,,
PGBD5,0.37369207772795215,0.8906882591093117,0.19081272084805653,0.2727272727272727,0.9729518855656697,0.9603698811096433,0.3705871917686713,0.9451754385964912
PGGT1B,,,0.7058823529411765,,0.8414634146341463,,,
PGK1,0.16223096505438556,0.06605922551252848,0.21052631578947367,,0.1055940160738442,0.16179001721170397,0.13897604652942527,0.13164556962025317
PGM2,,,,,,,0.6234939759036144,
PGM2L1,0.9024038461538462,0.7323943661971831,0.8981818181818182,0.8938879456706282,0.9823008849557522,0.9725085910652921,0.9095603813559322,0.9679144385026738
PGM3,0.6467391304347826,0.6,,0.8217821782178217,0.6213872832369942,,0.7903682719546742,
PGP,0.32831451275616896,,,0.38666666666666666,0.31115017579105975,0.27371273712737126,0.26808016264885276,0.42409638554216866
PGPEP1,,,,,0.8380566801619433,0.8051948051948052,,
PGRMC1,0.9241842610364683,0.9411057692307693,,,0.9780927835051546,0.9368671828469327,,
PGRMC2,0.7432900432900433,0.8966666666666666,,0.34392265193370164,0.9097472924187726,0.8197278911564626,0.5692929292929293,0.8954802259887006
PHACTR1,0.9264201296225696,0.2641509433962264,0.8968133535660091,0.906576980568012,0.8760907504363001,0.9623529411764706,0.9528200729144327,0.8571428571428571
PHACTR2,,,,,0.9022556390977443,,,
PHACTR3,0.9368055555555556,0.8395303326810176,0.8491921005385996,0.8812709030100334,0.8893316983445739,0.8932203389830509,0.907560706401766,0.7972270363951474
PHACTR4,,0.6436781609195402,,,0.7884940778341794,,,
PHAX,0.7062937062937062,,0.583969465648855,0.6972318339100346,0.8821096173733195,0.7419354838709677,0.8215962441314554,
PHB1,0.16176470588235295,0.3413173652694611,0.20641282565130262,0.22870662460567823,0.15230875258442453,0.1412037037037037,0.9110922946655376,0.2222222222222222
PHC1,0.5144124168514412,,,,0.6633499170812603,,,
PHF10,0.12195121951219512,0.1330049261083744,0.12152777777777778,0.1317365269461078,0.3970037453183521,,0.10344827586206896,
PHF12,,,0.7474747474747475,,,,,
PHF14,0.6081504702194357,,0.625531914893617,0.8120300751879699,0.5745807590467784,0.3867735470941884,0.6323731138545954,0.8172043010752689
PHF19,,0.47115384615384615,0.4810126582278481,,0.6132530120481928,,,
PHF20,0.9143167028199566,0.8257575757575758,0.8461538461538461,0.8642297650130548,0.9660664819944599,0.9003436426116839,0.9271488469601677,
PHF20L1,0.4478114478114478,0.43037974683544306,,0.5241379310344828,0.6730769230769231,0.49171270718232046,0.4959083469721768,0.5543478260869565
PHF21A,,0.753968253968254,,0.6666666666666666,0.6148814390842191,,,
PHF24,0.8182807399347116,,0.9263803680981595,0.880722891566265,0.813531799729364,,0.9141519250780437,
PHF3,0.8228346456692913,0.7648514851485149,0.7553191489361702,0.7515923566878981,0.8192457737321196,0.7474747474747475,0.9007314524555904,
PHF5A,,,0.7024793388429752,,,,,
PHF6,,,,,0.9368745188606621,,,
PHF7,,,,0.75,0.8905325443786982,,0.9162790697674419,
PHIP,0.8795454545454545,0.43983402489626555,0.9345794392523364,0.5253164556962026,0.5853403141361256,0.18725099601593626,0.5051464766429137,
PHKA2,,,,,0.26537216828478966,,,
PHKB,0.5130331753554502,,0.5642857142857143,,0.4697304463102077,0.30808080808080807,0.5731912507010656,
PHKG2,0.9497716894977168,,,,0.9412244897959183,,,
PHLDA1,0.6821345707656613,0.5897435897435898,0.6862745098039216,0.6257309941520468,0.8642857142857143,0.827027027027027,0.680628272251309,0.7567567567567568
PHLDB1,,,,,0.9904317386231039,,,
PHLPP1,,0.7879828326180257,0.966,,0.9741407528641571,,,0.9298892988929889
PHPT1,,,,0.7194430118617844,,,,
PHTF1,,,,0.84472049689441,0.7369281045751634,0.8195488721804511,0.6166077738515902,
PHYHIP,0.9725282197742418,,,0.9712670748940179,0.935035358983579,0.969718309859155,0.9483532300397934,
PHYHIPL,0.9422892720306514,0.7633587786259542,0.9225700164744646,0.824634655532359,0.934115212142118,0.9541759053954176,0.9865591397849462,0.930298719772404
PI16,,,,0.8591549295774648,,,,
PI4KA,,0.9056122448979592,0.9790897908979089,0.9780139245144742,,0.9870708872046366,0.9910538948287149,0.9471598414795245
PI4KAP1,,,,,0.9591836734693877,,,
PIAS1,,,0.8461538461538461,0.9066666666666666,0.9343236903831118,,,0.7866666666666666
PIAS2,0.4915254237288136,,0.6815286624203821,0.7686567164179104,0.5503355704697986,0.5925925925925926,0.5234899328859061,
PIAS4,0.7254901960784313,0.8606060606060606,,,,,,
PIBF1,,,,0.43103448275862066,,0.45652173913043476,,
PICALM,0.2418732782369146,0.8405612244897959,0.9657894736842105,0.908955223880597,0.944905813246911,0.8522920203735145,0.9371845204711161,
PID1,,,,0.8719211822660099,0.892992938620315,0.8782608695652174,,
PIEZO2,,0.8427672955974843,,,,,,
PIFO,,,,,0.4437869822485207,,,
PIGBOS1,0.8405797101449275,,,,,,,
PIGG,,,,0.29207920792079206,0.16549295774647887,,,
PIGK,0.45741324921135645,0.1349206349206349,0.510548523206751,0.4430379746835443,0.40658775090066906,0.4512820512820513,,0.3333333333333333
PIGL,,,,,0.33620689655172414,0.4583333333333333,,
PIGM,,,,,,0.5277777777777778,,
PIGN,,,0.5423728813559322,,0.7904967602591793,0.5135135135135135,,
PIGQ,,,,,,,0.967741935483871,
PIGT,,,,,0.9731951393852752,,,
PIGX,0.6220136518771331,0.2932330827067669,,0.7162162162162162,0.8594315245478036,0.5093167701863354,0.573632538569425,
PIGZ,0.8341793570219966,,,,0.8909329829172142,,,
PIH1D1,,,,0.36666666666666664,,,,
PIK3C2B,,0.8457446808510638,,,,,,
PIK3C3,0.8307508939213349,,0.865979381443299,0.9203539823008849,0.7423061140746819,0.6680851063829787,0.9776,0.49019607843137253
PIK3CA,0.5195035460992907,,0.646551724137931,0.25,0.6965944272445821,,,
PIK3CB,,,0.9686520376175548,0.9418416801292407,0.9687617613850207,,,
PIK3IP1,,0.9035087719298246,,,0.9092348284960422,0.9483568075117371,,
PIK3R1,0.28306957300686775,0.6748911465892597,0.802158273381295,0.31464833421470123,0.7048222719363659,0.7107704719645018,0.6549446081918894,0.3236914600550964
PIK3R2,0.9459459459459459,,,,0.9547629404088734,,,
PIK3R3,,,,0.7873563218390804,,,,
PIN4,0.14319620253164558,,0.09282700421940929,0.1606060606060606,0.15960374243258119,0.125,0.16646115906288533,0.16
PINK1,0.9901561439239647,0.8271308523409364,0.7933432687531048,0.7793455418793155,0.9905309435238417,0.9896840747904577,0.6921384125056913,0.7895490336435218
PIP4K2A,,0.9299967288191037,0.9242081447963801,,0.9747080003512778,,0.9102384291725105,
PIP4K2B,0.9919897468760013,,,,0.9464087521801173,,,
PIP4P2,0.9783295711060948,0.5245901639344263,,0.6190476190476191,0.5361323155216285,0.6362229102167183,,0.5882352941176471
PIP5K1C,,,,,,,0.9797535211267606,
PISD,0.9186128803963199,,,,0.8768980477223427,,,0.9053254437869822
PITHD1,,,0.9752520623281393,,,,,
PITPNA,0.9370308590492077,0.65625,0.7044025157232704,0.7128987517337032,0.5783356578335658,0.9478787878787879,0.8035649981994959,0.60431654676259
PITPNB,0.9493223335297584,,,0.9785202863961814,0.9183346677341874,,,
PITPNC1,0.7677130044843049,0.6473988439306358,0.9227272727272727,0.9480968858131488,0.8726772195457674,0.8119047619047619,0.9210918114143921,0.8285714285714286
PITPNM2,0.6843657817109144,,,0.8238993710691824,0.8533568904593639,,0.900785153461813,
PITRM1,,,,,,,0.9847172694854814,
PJA1,,,,,0.9703803433187479,,,
PJA2,0.9711154094132818,0.9670212765957447,0.9301775147928995,0.9462921901946292,0.9201778530594961,0.8543203371970495,0.9509090909090909,0.937123745819398
PKD1,,,,0.9825046040515654,0.9807317073170732,,,0.9467140319715808
PKD2,0.8938906752411575,0.47368421052631576,,0.7577639751552795,0.8343558282208589,0.6428571428571429,0.6385093167701863,0.5722543352601156
PKIA,,0.4936708860759494,0.49230769230769234,,0.9131243358129649,0.5225806451612903,,0.9451476793248945
PKIB,0.30337078651685395,,,0.42105263157894735,,,,
PKM,0.9878661813139192,0.9751655629139073,,,,0.9714229790565668,0.9879121536712345,0.9812792511700468
PKN2,0.7285714285714285,,,0.21465968586387435,0.9696233292831106,,0.9388264669163545,
PKNOX1,,,,,0.9330499468650372,,,
PKNOX2,0.8697829716193656,,,0.8741496598639455,0.894456289978678,,,
PKP4,0.8913946587537092,0.874337623012869,0.969059405940594,0.7038413878562577,0.856847463018928,0.632258064516129,0.9551754644647596,0.899390243902439
PLA2G12A,0.5018867924528302,0.8695652173913043,0.6029411764705882,0.4528985507246377,0.8183262711864406,0.5211267605633803,0.7951807228915663,
PLA2G4C,,0.7628865979381443,,,,,,
PLAA,0.8853333333333333,,0.415929203539823,,0.31484049930651875,0.31007751937984496,,
PLAAT3,,0.15755297334244703,,0.11891117478510028,,,0.1825782092772384,
PLAC9P1,,,,,0.38,,,
PLBD2,0.8930875576036866,,0.8532110091743119,,0.8735210118319053,0.88,0.8541893362350381,
PLCB1,0.9919511518179295,0.7305699481865285,0.9163059163059163,0.896551724137931,0.9906690490371253,0.9663425579655947,0.9180715764566696,0.8858858858858859
PLCB4,0.8974358974358975,,,,,,,
PLCG1,0.9482936918304034,,,,,0.9352941176470588,,
PLCL1,0.4941675503711559,0.7848101265822784,0.4085603112840467,0.2560553633217993,0.19624217118997914,0.8471074380165289,0.9462453836684448,
PLCL2,,,,,0.9767580452920143,0.8947368421052632,0.9333902647309992,
PLCXD1,,0.8076923076923077,,,0.952212389380531,,,
PLCXD3,,,0.841726618705036,,,,,0.4765625
PLD1,,0.8695652173913043,0.7307692307692307,,0.8022388059701493,,,
PLD3,0.035,,0.02154398563734291,,0.03814414083990464,0.03750689464975179,0.04292467215614516,
PLD5,,,,,0.2080536912751678,,,
PLEC,,,0.9797160243407708,,,,,
PLEKHA1,0.983890214797136,,0.9531531531531532,,0.893099121706399,0.9564356435643564,0.9597608645665671,0.9513888888888888
PLEKHA2,,0.8540145985401459,,0.9383177570093458,,,,
PLEKHA3,0.25307125307125306,,,0.9216589861751152,0.29236216489630756,0.19924812030075187,,
PLEKHA5,0.9168241965973535,0.6491228070175439,0.7554347826086957,,,0.933852140077821,0.972972972972973,0.8611111111111112
PLEKHA6,,,0.8534798534798534,,0.9502392344497608,0.836676217765043,0.9241344195519349,
PLEKHB1,0.9098463863006799,0.9938844369464361,0.9005580923389143,0.9079201545396007,0.9004854368932039,,,
PLEKHB2,,,,0.9432157800358637,0.9825941206807632,0.9110854503464203,0.9823983791313157,
PLEKHG3,,0.05714285714285714,,0.13690476190476192,0.16069651741293534,,,
PLEKHH1,,,,,0.970461334218387,,,
PLEKHO1,0.9641185647425897,,0.96875,,,0.9491017964071856,0.9662104362703166,
PLGLB1,,,,,,,0.9512195121951219,
PLK2,0.9803483698079499,,,,,,,
PLOD1,,0.9090909090909091,,,,,,
PLOD2,,,,,0.9478079331941545,,,
PLP1,0.9059126792331239,0.9723391598791983,0.9617590822179732,0.9399779182977015,0.947386588425846,0.9225569718037853,0.9877533504984486,
PLPBP,0.9333333333333333,,0.7882736156351792,0.7694117647058824,0.9218191108840061,0.898876404494382,,0.7659574468085106
PLPP1,,,,0.9522673031026253,,,,
PLPP3,0.9670219853431046,,,,,,,
PLPP4,,0.8723404255319149,,,,,,
PLPP5,0.2917369308600337,,0.591304347826087,0.5703703703703704,0.5523809523809524,0.6288659793814433,0.5126582278481012,
PLPP7,,,,0.9120879120879121,,,,
PLPPR5,,,0.6774193548387096,0.6764705882352942,0.9298642533936652,,0.7454981992797118,
PLRG1,,0.7215189873417721,0.5067873303167421,,0.4260178748758689,0.8354430379746836,0.4872389791183295,
PLS3,,,,,0.9654057549304882,,,
PLSCR1,0.44285714285714284,,,,0.5705882352941176,0.7802197802197802,,
PLXDC1,0.13953488372093023,,,,0.23228995057660626,,0.13573407202216067,
PLXDC2,0.46938775510204084,0.7777777777777778,0.577639751552795,0.47058823529411764,0.6948318293683347,0.41025641025641024,0.5641821946169773,
PLXNA1,0.8689095127610209,,,0.8585365853658536,0.8802035152636448,0.8645833333333334,0.8375912408759124,
PLXNA2,0.4082352941176471,,,0.8306188925081434,,,0.9670448406266883,0.31654676258992803
PLXNA4,,,,,,0.937799043062201,,
PM20D2,,,,0.5166666666666667,0.5489795918367347,0.5,,0.5109489051094891
PMEPA1,0.775,0.6054421768707483,,,0.7301410541945063,0.4954682779456193,0.6068376068376068,0.44717444717444715
PML,,0.7746478873239436,0.5647058823529412,0.4576271186440678,0.8604651162790697,0.29411764705882354,0.7223230490018149,
PMP2,0.5695593322304106,0.4464176362522964,0.6683168316831684,0.8698915763135947,0.9110292692382245,0.4898419864559819,0.9329768270944742,
PMP22,0.9348722176422094,0.9776902887139107,,,0.9688041594454073,0.8859375,,
PMPCB,,,0.12759643916913946,0.038539553752535496,,,0.027254509018036072,
PMS1,,0.5180722891566265,,0.7222222222222222,,,,
PMS2,0.7870216306156406,,,0.8548387096774194,0.598893499308437,0.785,0.9515726410384423,
PMS2P4,,,0.45652173913043476,,,,,
PNISR,0.9045801526717557,0.5566037735849056,0.8657718120805369,0.8443708609271523,0.8136160714285714,0.740916271721959,0.80341319330489,0.921146953405018
PNKD,0.26489734601902853,0.13052631578947368,0.29655990510083036,0.3810344827586207,0.35043961959447334,0.3540856031128405,0.4634065202927478,0.25771971496437057
PNMA2,0.9946377190687942,0.8695652173913043,0.913417951042611,0.9231816943612094,,,0.8599783170711367,
PNMA8A,,,,,0.9826720647773279,,,
PNMA8B,0.08985330073349633,,0.9722222222222222,0.98005698005698,0.12864463686163632,0.12774070543374644,0.8753187491611865,0.09175377468060394
PNN,,0.8082595870206489,0.7233009708737864,0.7959183673469388,,0.7425373134328358,,0.5026737967914439
PNPLA4,0.5265151515151515,,,,,,,
PNPLA8,0.10941475826972011,0.4175257731958763,,,0.8609827803443931,0.526797385620915,0.7643472022955524,
PNPO,,0.8125,,,0.5326278659611993,0.7508417508417509,0.8540843214756259,
PNPT1,0.39002932551319647,0.7480314960629921,0.7126436781609196,0.3135593220338983,0.3450479233226837,0.5612244897959183,0.5040783034257749,
PNRC1,,0.654126213592233,,,,,,
PNRC2,0.8298932384341637,0.8356164383561644,0.8571428571428571,,0.8315543695797198,0.8294573643410853,,
PODXL,,,,,0.9299867899603699,,,
POFUT1,,,,,0.43986254295532645,,,
POGZ,0.7484599589322382,0.6920415224913494,0.8680351906158358,0.9333333333333333,0.8775510204081632,0.9074074074074074,0.8295262267343486,0.8418367346938775
POLA1,,,,,0.827433628318584,,,
POLD3,,,,,0.8880208333333334,,,
POLDIP2,0.7218543046357616,0.8741721854304636,0.85,,0.8502796972688385,0.7974025974025974,,0.10504201680672269
POLE3,0.8795986622073578,,0.8454106280193237,,,,,
POLI,,0.5471698113207547,,,0.3795620437956204,,,
POLK,,,,,0.847547974413646,,0.8061068702290076,
POLN,,,,,0.5066666666666667,0.3181818181818182,,
POLR1A,,,,0.24691358024691357,0.46153846153846156,0.5357142857142857,,
POLR1B,,,,0.6862745098039216,,0.38461538461538464,,
POLR1D,0.512341062079282,0.44025157232704404,0.44776119402985076,0.39076923076923076,0.49381148841637573,0.5995893223819302,0.5678346810422282,0.7333333333333333
POLR2B,0.9756986634264885,,0.9625935162094763,0.9398058252427185,0.9691252144082333,0.9166666666666666,,
POLR2C,,0.5974025974025974,,,0.6164323374340949,0.5979643765903307,0.45473083197389885,
POLR2D,0.6769596199524941,0.7611940298507462,,,0.9244791666666666,0.7542372881355932,,
POLR2E,0.05675597810429271,,0.0989399293286219,,0.05571150939321961,0.07797029702970297,,
POLR2F,0.1498415572657311,0.31527093596059114,0.19914346895074947,0.2554347826086957,0.2205960617349654,0.959349593495935,,
POLR2I,,,,,,,0.4759181598678358,0.49564134495641343
POLR2J,,,,,,,0.018579234972677595,
POLR2K,,,,,0.8839744908455051,,0.8608141914942006,
POLR2L,,0.033236994219653176,,,,,,
POLR2M,0.38064516129032255,0.9024390243902439,,0.4618834080717489,0.9094094094094094,0.8571428571428571,0.8027888446215139,
POLR3A,0.7343511450381679,,0.8245614035087719,0.8253968253968254,0.5513966480446927,0.6436781609195402,0.9615912208504801,
POLR3C,0.266025641025641,,,,,0.896551724137931,0.41901408450704225,
POLR3D,,,,,0.2560706401766004,,,
POLR3E,0.08316008316008316,,,,0.06288873531444368,,,
POLR3GL,0.7297297297297297,0.5602836879432624,,,,,,0.8208955223880597
POLR3H,,0.23300970873786409,0.19155844155844157,,0.17218543046357615,,,
POLRMT,,,,,,,0.3044172432144758,
POM121,,,,,0.9677647892313143,,,
POM121C,,,,,,,0.7899159663865546,
POMK,0.723489932885906,0.48936170212765956,,,,,0.691044776119403,
POMP,0.6167098445595854,0.04074702886247878,,,,,0.609172482552343,
POMT2,0.4482758620689655,0.803030303030303,,,0.8027950310559007,,,
POMZP3,,,,,0.7910447761194029,,,
PON2,0.9625744258576694,,,0.9866666666666667,0.9797551789077212,0.9537512846865365,0.9730255164034022,0.9754990925589837
POP4,0.9547413793103449,0.4189189189189189,0.15602836879432624,0.12735849056603774,0.13333333333333333,0.053811659192825115,,
POP5,,,,,0.9603580562659847,,0.9263322884012539,
POPDC3,,,,,0.9754789272030652,,,
POT1,,,,,0.12213740458015267,,,
POU2F1,0.6812865497076024,0.7592592592592593,0.6845637583892618,0.7528089887640449,0.810126582278481,0.7253521126760564,,0.7322834645669292
POU2F2,,,,0.4722222222222222,,,,
POU3F1,,,0.8153846153846154,,,,,
POU3F2,,,,0.9087591240875912,,,,
POU3F3,0.8578154425612052,0.9087779690189329,,,,0.9039665970772442,,0.8927613941018767
POU6F1,0.35454545454545455,0.3173076923076923,0.4463276836158192,0.476027397260274,0.4378265412748171,0.3763440860215054,0.4528112449799197,0.3780487804878049
PPA1,,0.9573170731707317,,0.9696969696969697,,,,
PPA2,0.6844036697247706,0.8547008547008547,,0.9148936170212766,,0.8932806324110671,,
PPAN,0.23275862068965517,,,0.2589928057553957,,0.24752475247524752,,
PPARA,,,,0.7692307692307693,,0.6363636363636364,,
PPARGC1A,,,,,0.9442724458204335,0.823943661971831,0.8871794871794871,0.7407407407407407
PPDPF,0.48955132145052244,,,,0.6377444465540155,0.6578498293515358,,
PPFIA1,0.734982332155477,0.7293233082706767,0.9121951219512195,,0.9114219114219114,0.7852760736196319,0.8945420906567992,
PPFIA2,0.887109375,0.7722419928825622,0.9659090909090909,0.8347826086956521,0.9804676753782668,0.7799274486094316,0.8790397045244691,0.8731707317073171
PPFIBP1,,0.4976958525345622,0.8189415041782729,,0.9457773512476008,0.6389548693586699,,
PPHLN1,0.1053019145802651,0.2222222222222222,,,0.9139107611548556,0.9396825396825397,,
PPIA,0.04992867332382311,0.015643517421189856,0.0274415817855003,0.03219666931007137,0.7223121963373614,0.03573843330435623,0.061759818998126347,0.02881516587677725
PPIB,0.9807217004448838,,,0.9818181818181818,,,,
PPID,,,,0.9092783505154639,0.9675396532644781,0.9095607235142119,,
PPIE,,0.5135135135135135,0.4124293785310734,0.5594202898550724,0.5638998682476943,0.555,,0.5107913669064749
PPIF,,0.3968253968253968,0.376,,0.3923941227312014,0.2702702702702703,0.3494983277591973,
PPIG,0.4976808905380334,0.4963768115942029,0.5201342281879194,0.6286231884057971,0.7061371841155235,0.29508196721311475,0.8604252400548696,0.5058365758754864
PPIH,0.7240802675585284,,,0.6302521008403361,0.4619140625,0.6694915254237288,0.5546334716459198,
PPIL2,,,0.8985507246376812,,,,,
PPIL4,0.7189728958630528,0.5515151515151515,0.697841726618705,0.7088607594936709,0.6963216424294268,,,
PPIL6,,,,,0.28440366972477066,,,
PPIP5K2,0.15815085158150852,,,,,0.08633093525179857,0.20070011668611434,
PPM1A,0.33496332518337407,0.8821428571428571,0.8246268656716418,0.42328042328042326,0.8694716242661448,0.6505524861878453,0.774739281575898,0.8194842406876791
PPM1B,0.35200509229789945,0.9715762273901809,0.414,0.4206219312602291,0.6108579354071726,0.3615702479338843,0.989573750383318,0.34011627906976744
PPM1D,0.4025157232704403,0.47058823529411764,,0.4942528735632184,0.4266666666666667,0.45454545454545453,,
PPM1E,,,0.7008547008547008,,0.9600920951650038,,0.9242534595775673,
PPM1G,,,,,,,,0.3183856502242152
PPM1H,,,,,0.9623806850084222,0.9226804123711341,0.9372641509433962,0.7123287671232876
PPM1K,0.7316642120765832,0.85451197053407,0.6617766911165445,,0.6527050610820244,0.6255639097744361,0.6593769089798411,0.5553470919324578
PPM1L,0.8940256045519204,0.8529411764705882,,0.822550831792976,0.9736625514403292,0.7718120805369127,0.9770606531881804,0.8518518518518519
PPME1,0.8880723572639909,0.7575757575757576,,,0.9146730462519936,0.8096723868954758,,
PPP1CA,0.9580459770114943,,,,,,,
PPP1CB,0.36733615221987315,0.24860853432282004,0.2829293993677555,0.27546035325065765,0.23537709234530751,0.3467507274490786,0.3031537916371368,0.21756688541140837
PPP1CC,,,0.9789473684210527,,,,,
PPP1R10,0.9069767441860465,,,0.9419795221843004,0.923790589794566,,,
PPP1R12A,0.8286163522012578,0.737037037037037,0.45161290322580644,0.7975133214920072,0.7228228228228228,0.9259723964868256,0.8406926406926407,
PPP1R12B,,0.9166666666666666,0.8022598870056498,,0.9033189033189033,0.7700348432055749,0.17509727626459143,0.8928571428571429
PPP1R13B,0.8847583643122676,,,,,,,
PPP1R14A,,0.6006267409470752,0.5712530712530712,,,,,0.5364850976361768
PPP1R14C,0.560233918128655,,,,0.7977443609022556,0.719047619047619,0.7467438494934877,
PPP1R15B,0.8194690265486726,,,0.7990430622009569,,0.8529411764705882,,
PPP1R16B,,0.96045197740113,0.9425742574257425,,0.9713052310817674,,0.9691035683202786,0.917963224893918
PPP1R1A,,0.22023809523809523,0.32044198895027626,0.25735294117647056,0.36059479553903345,0.16182572614107885,,0.23293172690763053
PPP1R1B,,0.8556962025316456,,0.9329805996472663,,0.8371559633027523,,0.9386861313868613
PPP1R2,0.616504854368932,,0.6626865671641791,0.9700934579439252,0.6194398682042833,0.7736943907156673,0.9727240524264966,
PPP1R21,0.8652312599681021,0.9454545454545454,0.926829268292683,0.802,0.8252279635258358,0.9029850746268657,0.8812260536398467,0.9301075268817204
PPP1R3C,,,,,,0.8927335640138409,,
PPP1R3E,,0.3435114503816794,0.3670212765957447,0.43452380952380953,0.5854503464203233,0.5447761194029851,,0.5283018867924528
PPP1R3F,,,,,,,0.1825726141078838,
PPP1R7,0.9015025041736227,0.8705035971223022,0.8261538461538461,0.9061371841155235,0.8962264150943396,0.8729139922978177,0.6794308432726511,0.8852459016393442
PPP1R8,,,0.9455445544554455,,,,,
PPP1R9A,0.9663366336633663,0.9096385542168675,0.9429928741092637,,0.9771331058020478,,0.9765294343978453,0.9243986254295533
PPP2CA,0.2443330427201395,0.2914285714285714,0.33111322549952427,0.3524027459954233,0.2537737698490492,0.44634146341463415,0.289001238134544,0.2025028441410694
PPP2CB,0.9761811792268645,0.9828526890101325,,,0.9684439608269858,,,
PPP2R1A,,,,,0.9971899587860622,,,
PPP2R1B,,,,0.4675324675324675,0.43601895734597157,,,
PPP2R2A,0.2434928631402183,0.8727272727272727,0.2789317507418398,0.28709055876685935,0.9611650485436893,0.20935412026726058,0.2524271844660194,
PPP2R2B,0.9746346843121036,0.7114197530864198,0.7831325301204819,0.9000812347684809,0.8967859509609013,0.9367720465890182,0.8273531580240845,0.5447852760736196
PPP2R2C,0.906232132647227,0.9168765743073047,0.8832599118942731,0.8626334519572953,0.9293313069908815,0.8591639871382637,0.9917506874427131,
PPP2R2D,0.25929456625357483,0.15028901734104047,0.30566037735849055,,0.20551276854479125,0.35789473684210527,0.955310504933256,0.2644230769230769
PPP2R3A,,,0.8446601941747572,,,,0.9325581395348838,
PPP2R3C,0.9467120181405896,,,0.8928571428571429,,0.9515418502202643,,
PPP2R5A,0.7988636363636363,,,0.8730769230769231,0.9597173144876325,0.8464730290456431,0.9598705501618123,
PPP2R5C,0.7686305111197815,0.5328467153284672,0.9393939393939394,0.8303425774877651,0.8811745334796927,0.7085889570552147,0.8528008038181362,0.6577540106951871
PPP2R5E,0.728042328042328,0.5882352941176471,0.5346534653465347,0.41009463722397477,0.34996821360457725,0.6610878661087866,0.5165745856353591,
PPP3CA,0.8415532247266235,0.40613432046536224,0.9739682539682539,0.7981438515081206,0.9800062480474852,0.7838976439382119,0.9622797476615184,0.4551096400496483
PPP3CB,0.9117161716171617,0.8629032258064516,0.9338842975206612,0.9700551615445232,0.9143402529229301,,0.9268857520952801,0.9545014520813165
PPP3R1,,,0.32526315789473687,0.9775924960917144,0.9612791973663584,0.9074792243767313,0.16862799390834834,
PPP4R2,,0.7431506849315068,0.6876971608832808,,0.8364922206506364,,,
PPP4R3A,0.6331967213114754,0.375,0.7669172932330827,,0.8884057971014493,0.8394495412844036,,
PPP4R3B,0.7233883058470765,0.392,0.7972508591065293,0.782608695652174,0.7507280139778684,0.8017057569296375,0.6545454545454545,0.6504065040650406
PPP6C,0.659233449477352,0.7754010695187166,0.676737160120846,0.6277777777777778,0.7996102630724261,0.6097560975609756,0.5502751375687844,0.7577092511013216
PPP6R2,0.8012358393408857,0.7534246575342466,0.8259493670886076,0.6691358024691358,0.8242424242424242,0.8768768768768769,0.9632056451612904,
PPP6R3,0.9416342412451362,0.6590909090909091,0.9159159159159159,0.9156327543424317,0.9380733944954128,0.6215139442231076,0.8662926601215521,
PPT1,,,,,0.9902248289345064,,,
PQBP1,,,,,0.01647058823529412,,,
PRANCR,,,,,,,0.29427792915531337,
PRCP,,,,,,0.036011080332409975,,
PRDM10,,,,,0.7281323877068558,,,
PRDM11,0.47096774193548385,,,0.29,0.46533127889060094,,,
PRDM16,0.7753623188405797,,,,,,,
PRDM16-DT,0.41025641025641024,,0.44537815126050423,,0.4801980198019802,,,
PRDM2,0.9297407912687585,0.6635514018691588,,0.9251336898395722,0.7588591184096802,0.93048128342246,0.8988489710498779,0.6981132075471698
PRDM4,,,,,,0.6911764705882353,,
PRDX1,0.7039648477416718,,,0.9870493524676234,,,,
PRDX2,,0.9657794676806084,,,,,,
PRDX6,0.3743100852985449,0.5502063273727648,0.5121042830540037,0.5242966751918159,0.5154112712018968,0.5379250217959896,0.5452534562211981,0.650049850448654
PRELID1,,,,0.8423475258918297,,,,
PRELID3A,,0.8309859154929577,,,,,,
PRELID3B,0.7272727272727273,0.8524590163934426,0.7710843373493976,0.7228260869565217,0.8463136033229491,0.6593406593406593,0.5722610722610723,0.7517241379310344
PRELP,0.14326647564469913,0.3263157894736842,0.4588744588744589,0.39464882943143814,0.708548479632817,0.36231884057971014,0.43157894736842106,0.3626943005181347
PREP,,,,,0.07464114832535886,,,
PREPL,0.8704149685068544,0.8921651221566975,0.9672925499697154,0.8890801300439855,0.9666926373198286,0.9388480682626215,0.7760523089497343,0.9925636007827788
PREX1,0.6181102362204725,0.6221198156682027,0.5561497326203209,,0.5379439252336449,0.5575,0.5772960638904735,
PREX2,,0.8083333333333333,,0.8340807174887892,0.9047250193648335,0.9280575539568345,,0.8856209150326797
PRICKLE1,0.19289340101522842,,,0.38513513513513514,0.31633906633906633,0.155,0.2089783281733746,
PRICKLE2,,0.8343558282208589,,0.9611650485436893,,,0.9717475506949191,
PRKAA1,0.13120567375886524,,0.27586206896551724,,0.20188284518828453,,,
PRKAA2,0.7949852507374632,,0.7109375,,,0.7158671586715867,0.6727941176470589,
PRKAB1,0.9184652278177458,,,,,,,
PRKACA,0.9812332439678284,,,,,,,
PRKACB,0.9756782039289055,0.9228769497400346,0.9731136166522116,0.9771173066806944,0.9502698535080956,0.9675150703281983,0.9571428571428572,0.9778117827084928
PRKAG2,,,,,0.9238465814341301,,,
PRKAR1A,0.04537840718745241,0.967479674796748,0.9865083648138154,0.9300900900900901,0.909932733467284,0.956177924217463,0.9747544294501056,
PRKAR1B,0.9682675814751286,0.9841269841269841,,0.9903465346534653,0.9506401766004415,,,0.9835069444444444
PRKAR2A,,0.7068965517241379,0.7614213197969543,0.7862068965517242,,0.7563025210084033,0.6516956920256646,0.37962962962962965
PRKAR2B,0.983739837398374,,,,,0.9780775716694773,0.9803033733303147,
PRKCA,,,,0.9878048780487805,0.9761456371625863,,,
PRKCB,0.7505910165484634,0.29439252336448596,0.9808467741935484,0.6141857506361323,0.7376327624150799,0.9686697483307652,0.9937187540058967,
PRKCE,0.9891518737672583,,,0.9763851044504995,0.9907103825136612,,0.986052303860523,
PRKCI,,,,0.7683284457478006,,,,
PRKCQ-AS1,,,,,0.25045703839122485,,,
PRKCZ,,,,,0.9832781745340533,,,
PRKD1,,,,0.8775510204081632,0.9034090909090909,,,
PRKDC,,,,0.9166666666666666,0.9132207338380897,,,
PRKG1,,,,0.7846153846153846,,,,
PRKN,,,,,0.8945191313340227,0.9057591623036649,0.942110177404295,
PRKRA,0.9483253588516747,,,,0.9576993304930006,,,
PRKRIP1,0.4597402597402597,,0.7282608695652174,,0.7485148514851485,0.6,0.9034690799396682,
PRKX,,0.6595744680851063,,,,0.5517241379310345,,0.7321428571428571
PRMT1,,,,,,,,0.7096774193548387
PRMT2,0.7857894736842105,0.7977272727272727,0.8309409888357256,0.7836644591611479,0.5147734734077478,0.6034985422740525,0.8911213684496334,0.8819875776397516
PRMT3,,,,,,0.8444444444444444,,
PRMT7,,,,0.060897435897435896,,0.044715447154471545,,
PRNP,0.9735026423957722,,0.966474771418896,,0.9795940001060052,,0.8764747027279086,
PROSER1,,0.2631578947368421,,,0.8338557993730408,,,
PRPF18,0.2331288343558282,0.42857142857142855,,0.1834862385321101,0.38969957081545065,0.13580246913580246,0.13333333333333333,
PRPF19,,,,,0.9931132747565898,,,
PRPF38A,0.6425855513307985,,,0.375,0.7346072186836518,0.5970149253731343,,
PRPF38B,0.902803738317757,0.6928571428571428,,0.48014440433212996,0.8731848983543078,0.8211382113821138,,0.23303834808259588
PRPF4,0.1417910447761194,,,,0.12226512226512226,0.1568627450980392,0.12872628726287264,
PRPF40A,0.6181046676096181,0.5432098765432098,,0.7093023255813954,0.7396207073295745,0.8617886178861789,0.2578740157480315,
PRPF4B,0.640506329113924,0.40482573726541554,0.40641711229946526,0.45325779036827196,0.3202062822315987,0.45202952029520294,0.34465753424657536,0.4726027397260274
PRPF6,,,,,,0.823943661971831,,
PRPSAP2,,0.8506787330316742,,,,,,
PRR13,,0.78839590443686,0.8006932409012132,,0.888615687238751,,,
PRR14L,,,0.9147727272727273,,,0.88,,
PRR18,,,,,0.8149537384346086,0.8225806451612904,,0.8823529411764706
PRR3,,,,,0.9268755935422602,0.8333333333333334,,
PRR5L,,0.6764705882352942,,,,,,
PRRC1,,,,,0.9311594202898551,,,
PRRC2B,0.7796947577969475,0.6103151862464183,0.620253164556962,0.9840425531914894,0.9256277554149894,0.94655704008222,,0.6687797147385103
PRRC2C,,0.19926650366748166,,0.45534407027818447,0.9716646989374262,0.4165341812400636,,
PRRG1,,,,,0.9382504288164666,,,
PRRT2,,,,,,,0.9485943775100402,
PRRX1,,,,,0.7624584717607974,,,
PRSS12,,,,,0.6343283582089553,,,
PRSS23,0.1576923076923077,,,0.2582781456953642,0.29707112970711297,0.21621621621621623,,
PRSS23-AS1,,,,,0.7989690721649485,,,
PRTFDC1,,,,,0.8831018518518519,0.8598726114649682,0.8651226158038147,
PRUNE2,,0.8812199036918138,0.9781491002570694,0.9414784394250514,0.9623119556611243,0.979702300405954,,0.8643067846607669
PRXL2A,0.822243090957875,0.10872894333843798,0.5491671144545943,0.6096219931271478,0.23997509339975093,0.6282792352156514,0.1482468730777117,0.9742372881355932
PRXL2C,0.484472049689441,,,,0.6878531073446328,0.44776119402985076,,
PSAP,,0.9928571428571429,0.9739862280030605,0.9936667749269243,0.9804178649974623,0.978818998716303,0.9464876435104106,0.9950194889562581
PSAT1,0.981159420289855,0.981679389312977,0.9807302231237323,,,,,
PSD,,,0.9892569382273948,,,,,
PSD2,,,,0.9692307692307692,,,,
PSD3,,,0.9792605951307484,,0.9365298908867373,0.8963104325699746,,0.7102628285356696
PSEN1,0.3544715447154472,0.2021978021978022,0.2659846547314578,0.28296703296703296,0.9855156431054461,0.9539170506912442,0.3700564971751412,
PSENEN,0.0626808100289296,,0.08860759493670886,,,,,
PSIP1,0.4477401129943503,0.4793152639087018,0.8916776750330251,0.7729941291585127,0.7722288281146783,0.4119922630560928,0.4310762917366163,0.5562336530078466
PSMA2,,0.2033898305084746,,,0.2369899828976301,,0.9810981098109811,0.15990453460620524
PSMA3,0.9445745511319282,0.9107142857142857,0.9556313993174061,,0.9437726723095526,,,
PSMA3-AS1,0.7346938775510204,0.47058823529411764,,0.7469879518072289,,,0.7708978328173375,0.7894736842105263
PSMA4,,0.9411764705882353,,0.8815244407622204,,0.9144434222631095,,
PSMA5,0.9796380090497737,,0.24187725631768953,0.23870967741935484,0.16683383483784686,0.20801526717557253,0.20102152499087925,
PSMA6,,,0.7585669781931464,,0.7300443458980045,0.8403451995685005,0.7669354838709678,
PSMA7,0.9804813619019666,,,,,,0.4728043055078438,
PSMB1,,,,,,,0.9879616404815343,
PSMB2,,,,,,,,0.5138888888888888
PSMB3,0.3327072082648509,,,0.43837084673097537,0.4782215796132297,,,
PSMB4,,,,,,,,0.4837133550488599
PSMB5,,,0.023204419889502764,,0.022077004592016954,,0.053516819571865444,
PSMB6,0.7756837508618708,,,,,,,
PSMC1,,0.889795918367347,,0.9043151969981238,,0.8210412147505423,0.965738423028786,0.9377431906614786
PSMC2,0.08633879781420765,0.9274193548387096,0.9635258358662614,0.351123595505618,0.2933070866141732,0.9833333333333333,0.9794299147810756,
PSMC3,0.8466025539965316,,,0.937984496124031,0.9898052066266156,,0.9904633982538616,
PSMC5,0.33013040494166096,0.41492146596858637,,0.5951557093425606,,0.9272727272727272,,
PSMC6,0.9310021854511396,0.9574468085106383,,0.9826446280991735,,0.008764241893076249,0.9879608728367193,
PSMD1,,0.8009049773755657,,0.9092039800995025,,0.7653736991485336,0.9136920618007459,0.5700934579439252
PSMD10,,,,,,0.984984984984985,,
PSMD11,0.6311941510966693,0.4975369458128079,0.5972222222222222,0.6058631921824105,0.655383507382067,0.5686274509803921,0.5947136563876652,0.551094890510949
PSMD12,0.5098290598290598,0.9112426035502958,0.6694386694386695,0.6296791443850267,0.9349927501208313,0.8725824800910125,0.5975789784470033,0.5896551724137931
PSMD14,0.8275471698113207,,,,0.9820278060359444,0.978405315614618,,
PSMD2,,,,0.9823529411764705,,0.9554502369668246,0.991796718687475,
PSMD3,,,,,,,0.9909470752089137,
PSMD4,,,,,,0.9444444444444444,,
PSMD6,,,,,,0.972457627118644,,
PSMD7,0.9041743239695458,0.22244094488188976,,0.9852320675105485,0.9707283866575902,,,
PSMD9,,,,,0.08916586768935762,0.13227513227513227,,
PSME1,,,,0.9263959390862944,0.9117341640706127,0.7361477572559367,,
PSME3,0.5350553505535055,0.6097560975609756,0.7087087087087087,0.7413479052823315,0.7200674536256324,0.7256857855361596,0.8002694509936006,0.33
PSME3IP1,0.6760655737704918,0.48654708520179374,,0.7668393782383419,0.6320955341076394,0.7291666666666666,0.9029991894082681,0.3190883190883191
PSME4,,,0.5905511811023622,,0.6028659160696008,0.5698924731182796,,
PSMF1,0.1762427372498386,,0.2718204488778055,0.2510460251046025,0.2749924947463224,0.2738336713995943,0.25751957148743304,0.25461254612546125
PSMG1,,,,,,0.08097165991902834,0.14411441144114412,
PSMG2,0.7328111401218451,0.8057142857142857,0.7541436464088398,0.8406374501992032,0.8318385650224215,0.7642487046632125,0.7849242113887751,0.6875
PSPC1,0.2917139614074915,0.6515151515151515,0.6,0.4315245478036176,0.3092936802973978,0.31654676258992803,0.6365307998774135,
PSPH,,,,,0.7446808510638298,,,
PSTK,0.1368421052631579,,,,,,,
PTBP2,0.979557069846678,0.9344262295081968,,0.9784735812133072,0.9822503008423586,,,
PTCD2,,,,,0.22727272727272727,,0.3720316622691293,
PTCD3,0.935244161358811,,0.9145569620253164,0.8150470219435737,0.1987435750999429,0.20462046204620463,0.18606701940035272,
PTCHD1,,,,0.5113636363636364,0.9205128205128205,,,
PTDSS1,,,,,,,0.9428327645051194,
PTEN,0.966109785202864,0.9034090909090909,,0.9613259668508287,0.2246729930751475,0.9040650406504065,0.6182480275136557,0.9033232628398792
PTGDS,0.9480134413915794,0.5959637225263502,0.5329234075577578,0.46434455165921396,0.4902024148770528,0.5638699153838311,0.9593157076205288,0.9374889634469362
PTGES3,,0.9402677651905252,0.9701715137956749,,0.9509630503144654,0.9347426470588235,,0.9812909260991581
PTGFRN,,,,,,0.9230769230769231,,
PTGR1,0.9007633587786259,,,0.5209580838323353,0.742238946378175,0.7625,0.8615136876006442,
PTGR2,,0.6590909090909091,0.7304347826086957,0.6818181818181818,0.6575342465753424,0.676923076923077,,
PTGR3,0.4368421052631579,,0.6395348837209303,0.6692307692307692,0.6749072929542645,0.7409638554216867,0.4219858156028369,0.5961538461538461
PTK2,0.8587281263337602,0.8576,0.9508408796895214,0.825446898002103,0.9757076468103084,0.827217125382263,0.9691256186660382,0.9192399049881235
PTK2B,,,,,,,0.9923832652610663,
PTMA,0.5918978473360077,0.6315348057031032,0.7202637889688249,0.7520760380190095,,0.9894393741851369,0.6896682824826538,0.655361596009975
PTMS,,,,,,0.8543087414755115,,
PTN,0.6747667185069984,0.8612244897959184,,0.7817745803357314,0.8920741989881956,0.8693994280266921,0.9075949367088607,0.9136630343671417
PTP4A2,0.4822814714816065,0.39721385542168675,0.528135593220339,0.9460916442048517,0.5919174548581255,0.9177115987460815,0.936072280941016,
PTP4A3,,,,,0.2003257328990228,,0.09579100145137881,0.256
PTPMT1,,0.08780487804878048,0.09843400447427293,,0.08516949152542373,0.07042253521126761,0.05231037489102005,
PTPN11,0.8596796657381616,0.7815750371471025,0.9446808510638298,0.9525193798449613,,0.9174503657262278,0.9771581133194898,
PTPN12,0.9524647887323944,,,,0.9768518518518519,,,
PTPN13,,,,,0.9451137884872824,,,
PTPN18,0.8188235294117647,0.76,0.7851239669421488,0.808,0.795880149812734,,,
PTPN2,,,,0.34210526315789475,0.8533057851239669,0.6375,0.4813895781637717,
PTPN3,,,,,0.43023255813953487,0.375,,
PTPN4,0.6227364185110664,,,0.8685897435897436,0.7116827438370846,0.8644859813084113,0.8675986842105263,0.7247706422018348
PTPN9,,,,0.9285714285714286,0.9355531686358755,0.8482758620689655,0.8371531966224367,
PTPRA,0.07246376811594203,,,,0.977221324717286,0.9401444788441693,0.9745025792188652,
PTPRB,,,,0.3958333333333333,,0.7391304347826086,,
PTPRD,0.9779448621553885,0.8475177304964538,0.8415730337078652,0.8765957446808511,0.8365467625899281,0.9123867069486404,0.9105626326963907,0.7057613168724279
PTPRD-AS1,,,0.46296296296296297,,0.4773662551440329,,,
PTPRE,,,,,0.9349680170575693,,,
PTPRF,0.6922011998154131,0.7594202898550725,0.7751677852348994,0.7757125154894672,0.8178761557859344,,,
PTPRG,,,,,0.8122555410691004,0.92,0.9349240780911063,0.6987951807228916
PTPRK,0.8583525789068515,0.8964285714285715,0.8579088471849866,0.8769470404984424,0.9224890829694323,0.84251968503937,0.979230507320395,
PTPRM,,0.9136690647482014,,,0.9846005774783445,,,
PTPRN,0.9934625262666356,,,0.9915407854984895,0.9896981745888307,,,
PTPRN2,0.8649743451255738,,0.8752808988764045,0.9157381615598886,0.993892581282558,0.9096234309623431,0.9142156862745098,0.8852988691437803
PTPRS,,,0.9860990443092963,,0.8696106221095032,0.9549319727891157,,
PTPRT,,,,0.9726315789473684,,0.8767123287671232,,
PTPRZ1,0.980542043085476,,0.9467455621301775,,0.981335952848723,0.9351464435146444,0.9911202185792349,0.9873417721518988
PTRH1,0.13524590163934427,,,,0.16271186440677965,,,
PTRH2,0.05263157894736842,,,0.107981220657277,,,,
PTTG1,,,,,0.7353951890034365,,,
PUM1,,,,,0.8035222894881673,0.9554234769687965,0.9681807141122176,0.7308085977482088
PUM2,,0.65625,0.7727272727272727,0.7888655462184874,0.74048688253368,0.7676056338028169,0.7312077702702703,0.7800369685767098
PUM3,,0.2727272727272727,,,,0.23255813953488372,,
PURA,0.30536130536130535,0.4954128440366973,0.44274809160305345,0.47058823529411764,0.5046728971962616,0.3075,0.18573627501282708,0.27071823204419887
PURB,0.8131600324939074,,,0.9697624190064795,0.9708691499522445,0.9104477611940298,,0.7924528301886793
PURG,0.8205128205128205,,0.8666666666666667,,0.7545008183306056,,0.9544072948328267,
PUS10,0.5222222222222223,,,,,,,
PUS7L,,,,,0.42329545454545453,0.38333333333333336,0.49258160237388726,
PWP1,,,0.5692307692307692,,0.5476787954830615,0.9226804123711341,0.49117069980379335,
PWWP2A,,0.43037974683544306,0.4267515923566879,0.544,0.49224806201550386,0.3790322580645161,,
PWWP3A,0.7647897362794013,0.6962616822429907,0.8205128205128205,0.7555938037865749,0.7763205828779599,0.9731543624161074,0.6584569732937685,0.7244444444444444
PXK,,0.93717277486911,,,0.9452084228620542,,0.8283018867924529,0.9329608938547486
PXMP4,,,,,0.8057971014492754,,,
PXYLP1,,,,,,,,0.7435897435897436
PYCR3,,,0.8648648648648649,,,,,
PYDC1,,,,,0.46835443037974683,,,
PYGB,,,0.9310734463276836,0.924812030075188,,,,
PYGO1,,,,,0.7358490566037735,,,
PYGO2,,0.7375,0.6163934426229508,0.6784869976359338,0.6357615894039735,0.6809338521400778,0.42411812961443807,0.6342412451361867
PYM1,0.4234875444839858,,,0.7029702970297029,0.5879478827361564,0.672,0.8329238329238329,
PYROXD1,,,,0.7528735632183908,0.8654592496765847,0.7590361445783133,,
PYURF,,,,,,,0.9849198868991518,
QARS1,,,,,,0.7923728813559322,,
QDPR,0.9793574647477831,0.08380041011619958,0.8427152317880795,0.10651361452215696,0.13104056437389772,0.09090909090909091,0.9834635952283011,0.08873873873873873
QKI,0.8956383190599482,0.8752748350989407,0.9111181905065308,0.9093945720250521,0.866469539096968,0.8439516129032258,0.8477079107505071,0.965945697192821
QRSL1,,,,0.325,0.15813953488372093,,,
QSER1,,,,,,0.6242424242424243,,
QSOX1,0.2788586251621271,0.10256410256410256,0.2,0.24024024024024024,0.13290420295342673,0.304,0.25748884639898023,
R3HCC1L,,0.5223880597014925,,,,,,
R3HDM1,0.8673176335439403,,0.9050505050505051,0.9135371179039301,0.9822306238185256,0.8369304556354916,0.9921735241502684,0.7975903614457831
R3HDM2,,0.8192090395480226,0.36283185840707965,0.9251824817518248,0.9675973802137194,0.9625,0.8911062906724512,0.8246268656716418
R3HDM4,,,,,,0.8876811594202898,,
RAB10,,0.7986425339366516,0.8717632552404438,,,0.8664921465968587,0.9648334214701216,0.8785834738617201
RAB11A,,0.4722222222222222,,0.24651810584958217,0.23550600343053174,0.8007518796992481,0.6,0.44873949579831934
RAB11FIP2,0.7767295597484277,0.7815126050420168,,,,0.9545454545454546,0.9654800431499461,
RAB11FIP3,,,,0.05089820359281437,0.8850488354620586,0.9466666666666667,0.9676044330775788,
RAB11FIP4,0.48714144411473786,0.8445692883895131,0.6977099236641221,0.5818561001042752,0.5515326064595762,0.96398891966759,0.6276944704779757,0.7903448275862069
RAB11FIP5,,,,0.9675925925925926,,,,
RAB12,0.481981981981982,,0.4945652173913043,,0.5617892342683851,0.5330296127562643,,
RAB14,0.036627505183137524,,,0.9303322615219721,0.9524765729585006,0.9378818737270875,0.9343837686164472,0.8817480719794345
RAB15,,,,0.9302325581395349,0.9217814371257484,,0.9372448979591836,
RAB18,0.8500174398325776,0.5368421052631579,0.7633802816901408,0.784037558685446,0.849953574744661,0.8501006036217303,0.7323472442331397,0.9161290322580645
RAB1A,0.1711803781297905,0.21212121212121213,0.23587570621468926,0.18155893536121673,0.2504996668887408,0.15935919055649242,0.21108511786935397,0.2086021505376344
RAB21,0.36441234405778067,0.39335180055401664,0.7702127659574468,0.776566757493188,0.3981888745148771,0.6265060240963856,0.8200772200772201,0.39058171745152354
RAB22A,0.9329173166926678,,0.7984189723320159,,0.7756076388888888,,,0.7621621621621621
RAB23,,,,,0.3778580024067389,0.37254901960784315,,
RAB27B,,,0.8487394957983193,,,,0.9735449735449735,0.6881720430107527
RAB28,0.9429735234215886,,,,,,,
RAB29,0.8329297820823245,0.54,,0.8193548387096774,,0.5806451612903226,,
RAB2A,0.8978617793050783,0.7184466019417476,0.8970283344851416,0.24478888295029397,0.9380201489268506,0.2702380952380952,0.9350722041867234,0.9363057324840764
RAB30-DT,,,,,0.10899182561307902,,,
RAB31,0.7789839339991316,,,0.7931034482758621,,,0.7648414985590778,0.881159420289855
RAB33B,,,,,,,0.9128367670364501,
RAB35,0.8876755070202809,,0.8098159509202454,,0.7538167938931297,0.9203539823008849,0.91005291005291,
RAB36,,,0.29213483146067415,,,,,
RAB39B,,,,,,0.8893280632411067,0.9320817228050801,
RAB3A,,,,,0.9768583450210379,,,
RAB3B,,,,,,0.7391304347826086,0.9132882882882883,
RAB3C,,,,0.9853300733496333,0.9892359272983942,0.947840260798696,0.9754262788365096,
RAB3GAP1,0.9312938816449348,0.9175824175824175,0.03626943005181347,0.914651493598862,0.9597974985110185,0.857379767827529,0.9689534301452178,
RAB3GAP2,,0.6620689655172414,,0.5933682373472949,,,,0.6363636363636364
RAB3IP,0.5517241379310345,0.5630252100840336,0.7,,0.5282784338098198,0.47107438016528924,0.47126436781609193,
RAB40B,0.07752515840477078,0.9326923076923077,0.8335625859697386,0.8943589743589744,0.9898096519900019,0.9036860879904876,0.9253763910102553,0.6064400715563506
RAB4A,0.869597895527997,0.26299694189602446,0.41379310344827586,0.3565217391304348,0.3140607424071991,0.3686868686868687,0.387496224705527,0.34490238611713664
RAB5A,0.9881038211968277,,,,0.9826357969723953,0.9795134443021767,0.8756306760847629,
RAB5B,0.9265762170790104,0.9585326953748007,0.1648793565683646,0.9241316270566727,0.9412034910427194,0.9351955307262569,0.9272430002043736,0.15875912408759124
RAB5C,,,0.9708029197080292,0.9727520435967303,,,,
RAB5IF,,,,,0.9634769905040176,,,
RAB6A,0.9700938659681292,,,0.9809422975119111,0.9720960415314731,0.9655549480590486,0.9554919312857887,
RAB6B,0.9624150339864055,0.9578392621870883,,0.8472896013499261,,0.7988826815642458,0.9375639713408394,0.9779627815866797
RAB7A,0.7763225475089882,0.8929088277858177,0.9484066767830045,0.8148361127084531,0.8877129581827569,0.7265563435776202,0.9719801811037075,
RAB8A,,,,,,,0.09248554913294797,
RAB8B,,,,,0.9377632194665418,,0.9485111662531017,
RAB9B,,,,0.915,,,,
RABAC1,,,,,0.7394415885495413,,,
RABEP1,0.8243243243243243,0.6512141280353201,0.9145129224652088,0.87115165336374,0.7864932885906041,0.684931506849315,0.9233753637245393,0.7422680412371134
RABEPK,0.8998778998778999,,,,,,,
RABGAP1,0.8489646772228989,0.8969957081545065,0.9497816593886463,0.9446107784431138,0.9448681629984746,0.8718861209964412,0.9608647036898994,0.9651162790697675
RABGAP1L,,,0.9411764705882353,0.9673469387755103,0.985258579023683,0.9378330373001776,0.9455746367239102,
RABGEF1,0.8975609756097561,,,,0.9667447306791569,0.799373040752351,0.7758620689655172,
RABGGTB,,,,,0.9406867845993756,,,
RABIF,0.26032540675844806,0.7272727272727273,0.44370860927152317,0.39166666666666666,0.42256482130343376,,,0.4634146341463415
RABL2A,0.9367924528301886,,,,0.9678765123070505,,,
RABL2B,,,0.6046511627906976,,0.9075144508670521,,,
RABL3,,,,0.9090909090909091,0.5961768219832736,0.8895348837209303,0.6582278481012658,0.7289719626168224
RABL6,,,,0.9863169897377423,,,,
RAC1,0.9687625150180216,0.5276752767527675,0.6227616394747314,0.631159634110357,0.7745998027463774,0.6770577933450087,0.7495428278838417,0.46911898274296093
RACK1,0.2932399117685221,0.9551789077212806,,0.9142185663924794,0.987953957348086,,0.9510660608178958,0.4899713467048711
RAD1,0.5407725321888412,,,,0.6521739130434783,,0.6440329218106996,
RAD21,0.8294596165020337,0.9783889980353635,,0.9465346534653465,0.9297314178638351,0.7600297176820208,0.9822380106571936,
RAD23A,,,,,,,,0.9122257053291536
RAD23B,0.8559471365638767,0.07905138339920949,0.908745247148289,0.8660531697341514,0.239606346655955,0.17631917631917632,0.158891375451885,0.1561712846347607
RAD50,0.4406779661016949,0.6313559322033898,,0.803030303030303,0.5597620335316387,0.4711934156378601,0.7296774193548388,
RAD51C,0.6996838777660696,0.7884615384615384,0.6242774566473989,0.6963350785340314,,,0.6699248120300751,0.7608695652173914
RAD51D,,,0.29508196721311475,0.2261904761904762,0.2361111111111111,,,
RAD52,,,,,0.5214285714285715,,,
RAD9A,0.653179190751445,,,,,0.7058823529411765,,
RAE1,0.28287841191067,0.3904761904761905,0.49382716049382713,0.4549019607843137,0.41367437284800784,0.3952380952380952,0.5787815126050421,
RAF1,,0.8823529411764706,,,,,,
RAI1,,,,,,0.9660493827160493,,
RAI14,,0.5974025974025974,,,,,,
RALA,,0.7586206896551724,0.8238341968911918,,,,,
RALBP1,0.7102425876010782,,0.8870967741935484,0.6552748885586924,0.9570724841660803,0.5782122905027933,0.9737458977965308,0.7842401500938087
RALGAPA1,,,,0.9467680608365019,0.9046497939964685,0.7800511508951407,,
RALGAPB,,,0.9345238095238095,,,,0.5180400890868597,
RALGPS1,,0.9,0.9421965317919075,0.8844444444444445,,,,
RALY,,0.8423423423423423,,,0.9901326981966655,,,
RALYL,0.9861842105263158,0.8521739130434782,0.9396984924623115,0.843441466854725,0.9559500328731098,0.9617834394904459,0.8100664767331434,0.9153605015673981
RAN,0.38637820512820514,,0.4240062353858145,0.43613861386138614,0.5168667810177244,0.45014245014245013,0.894314534617148,
RANBP1,,,,0.8153034300791556,,,,
RANBP2,0.499140154772141,0.888235294117647,0.8291139240506329,0.3316062176165803,0.22717103925157617,0.3768939393939394,0.9048192771084337,0.9119496855345912
RANBP3,,0.6796875,,0.5921985815602837,0.6330645161290323,0.6186770428015564,,0.7969924812030075
RANBP3L,0.7802128991859737,0.5688073394495413,0.8966666666666666,0.7876344086021505,0.8307692307692308,0.8389261744966443,0.814,0.7915407854984894
RANBP6,,,,,0.938985736925515,0.927860696517413,,
RANBP9,0.9717336683417085,0.8424242424242424,0.9240986717267552,,0.9703748488512697,,,
RANGAP1,0.9825391051291379,,,0.9821192052980132,0.9900446275317542,0.97997997997998,,
RANGRF,,,0.8238636363636364,,,,,
RAP1A,0.22869565217391305,0.15295629820051415,0.9293361884368309,,0.24589266155531217,0.8436781609195402,0.26388181355068774,
RAP1B,0.9304099142040038,,,,0.9666666666666667,,,
RAP1GAP,,,,0.986878453038674,,,,
RAP1GDS1,,0.36363636363636365,,0.9818376068376068,0.9937926753569212,0.9666666666666667,,0.37184115523465705
RAP2A,0.7841750841750842,,,,0.94032,0.7538779731127198,0.9485054006531022,
RAP2B,0.2950191570881226,,0.6829268292682927,,0.629695885509839,,0.2979002624671916,
RAPGEF2,,,,0.9769696969696969,0.986873508353222,0.9766355140186916,0.991304347826087,0.9646017699115044
RAPGEF3,0.13229571984435798,0.7833333333333333,0.18691588785046728,0.11643835616438356,0.8378099173553719,,,
RAPGEF4,,,0.9032258064516129,0.9836956521739131,0.9873769790329482,0.9851380042462845,0.980615981046737,0.9607250755287009
RAPGEF5,,0.8998144712430427,0.9538784067085954,0.9564528899445764,0.9867300674554904,0.9491341991341992,,0.9482758620689655
RAPGEF6,,,,,0.7859624739402363,0.5693430656934306,,0.30357142857142855
RAPH1,,,0.9086021505376344,,0.04736275565123789,0.9055793991416309,0.9168316831683169,
RARA,,,,0.6064516129032258,,0.5254237288135594,,
RARS1,0.7866273352999017,,,0.7395833333333334,,0.8274111675126904,,
RARS2,,,,,0.4911242603550296,0.5465116279069767,,
RASA1,,,,0.9728395061728395,,,0.9862689393939394,
RASA2,0.9411764705882353,,,,0.9077090119435396,0.9047619047619048,,
RASA3,,0.875,,,,,,
RASA4,0.11899313501144165,,,,0.03221884498480243,0.1678832116788321,,0.12558139534883722
RASA4B,0.14285714285714285,0.2441860465116279,,,0.07292707292707293,0.10837438423645321,0.206,
RASAL2,0.7547445255474453,,,0.6867469879518072,0.5105576610720086,0.8426395939086294,0.301707779886148,
RASGEF1A,,,,,0.916083916083916,,0.9455223880597015,
RASGRF1,0.9850961538461539,0.8424657534246576,,,,0.978405315614618,,
RASGRF2,0.9017142857142857,0.6730769230769231,0.9076923076923077,0.8093841642228738,0.7581365666879387,0.8656987295825771,0.9696819085487077,0.5739130434782609
RASGRP1,0.7308533916849015,,,0.752895752895753,0.6794055201698513,0.9166666666666666,0.9418543740178104,
RASGRP2,0.6474226804123712,,0.5333333333333333,0.6101694915254238,0.7168874172185431,0.7218045112781954,0.7925531914893617,0.42857142857142855
RASGRP3,,0.6794258373205742,,,0.8498122653316645,,,
RASSF4,,0.75,0.9354838709677419,,0.8863636363636364,0.8520710059171598,,
RASSF8,0.22994210090984285,,,,0.3917525773195876,,,
RASSF8-AS1,,,,,0.7777777777777778,0.8,,
RAVER2,0.8307692307692308,,,,,,,
RB1CC1,0.8415245737211635,0.22428748451053285,0.6756373937677054,0.8690292758089369,0.4874321622393602,0.9565217391304348,0.6194712132443786,0.624390243902439
RBBP4,0.37738330046022356,0.24867724867724866,0.9387254901960784,0.9588138385502472,0.9692898272552783,0.2792452830188679,0.3893516841724013,0.23283582089552238
RBBP6,0.6993006993006993,0.6296296296296297,0.8571428571428571,0.8854748603351955,0.7273456295108259,0.6436170212765957,0.8275520317145689,
RBBP7,,,,0.03770491803278689,,0.03732809430255403,,
RBBP8,,,,,0.34430379746835443,,,
RBBP9,0.8130081300813008,,,,,,,
RBCK1,0.7531760435571688,,0.8108108108108109,0.8443396226415094,0.8082474226804124,,,
RBFOX1,0.9651115618661258,0.8858447488584474,0.8527379053694844,0.8762475049900199,0.9295807819123881,0.9138056975894814,0.923097510928718,0.8313176320814768
RBFOX2,0.6849480550857695,0.5933609958506224,0.9083601286173634,0.9640287769784173,0.6903457719958919,0.8521825396825397,0.9550352258599254,
RBFOX3,0.9091511936339522,,0.8582089552238806,0.9745222929936306,0.9832900111399926,0.981021897810219,,0.8105726872246696
RBIS,,,,,0.0639614855570839,,,
RBL2,,,,,0.9822064056939501,0.8579881656804734,,
RBM11,,,,,0.8225538971807629,,,
RBM12,0.5593869731800766,,,0.2857142857142857,0.4201977401129944,0.5276381909547738,0.4641255605381166,
RBM12B,,,,0.5375,,0.42424242424242425,0.6030927835051546,
RBM15B,,,,,0.211864406779661,,,
RBM17,0.8167134831460674,0.5225225225225225,0.5452127659574468,,0.916793893129771,0.9156626506024096,,
RBM18,0.16427432216905902,,,0.19776119402985073,0.20542372881355933,0.09944751381215469,0.22072936660268713,
RBM19,,,0.75,,,0.6444444444444445,,
RBM23,,0.5491803278688525,,0.6929460580912863,,,0.950910530482977,
RBM25,0.7853107344632768,,0.671280276816609,0.8838709677419355,0.7515257192676548,,0.5317496573777981,0.7676056338028169
RBM26,0.25958702064896755,0.10687022900763359,0.9832635983263598,0.9546858908341915,0.4262338347849037,0.632172131147541,0.4159375,0.7535211267605634
RBM27,0.847385272145144,,,,,,0.938135593220339,
RBM28,0.8556701030927835,,0.8088235294117647,,,0.7246376811594203,0.8835758835758836,
RBM3,,,0.05699481865284974,0.08645533141210375,0.056640625,0.02920723226703755,0.041666666666666664,
RBM33,,0.6735537190082644,,,,0.825136612021858,,
RBM34,0.7536534446764092,0.688953488372093,,,0.7302466029189734,,0.10912981455064194,
RBM39,0.8134682263673727,0.5535307517084282,0.8411885245901639,0.8298722044728435,0.7782300884955752,0.8920454545454546,0.948685540950455,0.6643258426966292
RBM4,0.11720067453625632,,0.8435374149659864,0.141396933560477,0.05690171521916689,0.18414322250639387,,
RBM41,0.7575757575757576,,,,0.7280898876404495,,,
RBM48,,,,,,,0.16725559481743227,
RBM4B,0.7484848484848485,,,,0.6552062868369352,,,
RBM5,,,,,,0.9304347826086956,,
RBM6,,,,0.9502762430939227,0.9570621468926553,0.9041095890410958,0.9646464646464646,0.8260869565217391
RBM8A,0.5730096394144948,0.3674418604651163,0.5051546391752577,0.42735042735042733,0.4293040293040293,0.432712215320911,0.6249197174052665,0.23357664233576642
RBMS1,0.7875457875457875,,,,,,,
RBMS2,0.45161290322580644,,,,,,,
RBMS3,,,,0.6507936507936508,0.580327868852459,,,
RBMX,0.23056825604180275,0.3059210526315789,0.4609053497942387,,0.26639892904953144,0.19516728624535315,0.7690003743916136,0.29891304347826086
RBMX2,,0.5172413793103449,,,,0.5244755244755245,,
RBMXL1,,0.28888888888888886,,,0.7447368421052631,0.3225806451612903,0.8609271523178808,
RBPJ,,0.8636363636363636,0.9395770392749244,0.8830409356725146,0.98898756660746,,,0.47086247086247085
RBPMS,,,,0.4067796610169492,,,,
RBSN,0.9578783151326054,,,,,,,
RBX1,0.0056276379552915425,,,0.5633321952884943,,,0.5105907725487175,
RC3H2,,,,,,,0.9805680119581465,
RCAN2,0.9607413647851727,0.8882175226586103,,0.9818456883509834,0.9091410450847925,0.9059271343121261,0.9708915285210808,0.9158485273492286
RCAN3,,,,,0.19731543624161074,,,
RCBTB1,,,,0.9481132075471698,,,,
RCCD1,,,,,,0.5849056603773585,,
RCE1,,,0.5952380952380952,0.4965034965034965,0.6650563607085346,0.34545454545454546,,
RCN2,0.8805260212646894,,,,0.8641774009457036,0.840244731475187,0.987136803874092,
RCOR3,,0.7536231884057971,,,0.8522255192878339,0.7435897435897436,0.9306431273644389,
RCSD1,,,,,0.7138964577656676,,0.5785123966942148,
RDH11,0.5717625058438522,0.4355400696864111,0.4824742268041237,0.5713087248322147,0.622110705596107,0.9802065404475043,0.5674753601213041,0.5285053929121726
RDH13,,,,,,0.4576271186440678,0.4394250513347023,
RDH5,,,,,0.5757575757575758,,,
RDX,0.922037422037422,0.6694915254237288,0.7495527728085868,0.7690721649484537,0.7530666666666667,0.6751361161524501,0.884974533106961,
RECK,,0.7272727272727273,0.6440677966101694,0.7777777777777778,,,0.7302452316076294,0.6666666666666666
RECQL,,,,,,0.8333333333333334,,
REEP1,0.967741935483871,,0.7408256880733946,0.9353932584269663,0.7432701894317049,,0.7510330578512396,0.94
REEP2,0.9862919808087731,,,,0.9277894736842105,0.9239956568946797,,0.9374021909233177
REEP3,,0.8584905660377359,,,0.9553571428571429,,,
REEP5,0.7657439864619847,0.8699690402476781,0.8811354228267297,0.8665798893589326,0.8123537669630323,0.7864923747276689,0.7674977275678483,0.9429280397022333
RELCH,,,0.8428571428571429,0.08071748878923767,0.47750109217999126,0.16489361702127658,0.9453244762391415,
RELN,0.9510603588907015,,0.17142857142857143,,0.1282565130260521,0.9096774193548387,,
RELT,,,,,0.36944444444444446,,,
REPS1,0.9587301587301588,,0.6666666666666666,,,,0.8265582655826558,0.7333333333333333
REPS2,,0.875,,,,0.9636048526863085,0.9863621947351728,
RER1,,0.773972602739726,,0.42827868852459017,,,0.4869659666908038,
RERE,,0.9013761467889908,,0.7846743295019157,0.7568926974664679,0.7361268403171007,0.9698624595469255,0.6887921653971708
RESF1,0.7546296296296297,,,,,0.6464646464646465,,
RET,0.7311320754716981,,,,,,,
RETREG1,0.8489583333333334,0.893491124260355,0.845360824742268,0.8490566037735849,0.9793424498108816,0.8888888888888888,0.601878424210801,0.928388746803069
RETREG2,0.04089296891299812,,,0.04371584699453552,0.06633196409554237,0.06381620931716656,,
REV1,0.14573643410852713,0.6777777777777778,,,0.36658354114713215,0.38016528925619836,0.37910085054678005,
REV3L,0.7322580645161291,0.37735849056603776,,,0.7990580847723705,0.6886792452830188,0.8435754189944135,
REXO2,,,,,0.9403095062638173,,,
REXO4,,,,,0.8529411764705882,0.8,,
RFC1,0.636734693877551,0.8846153846153846,0.8380281690140845,,0.908493870402802,0.9019607843137255,0.9454713493530499,
RFFL,,0.9490740740740741,,,0.8818984547461368,,,
RFK,0.6859265373503921,0.8365384615384616,0.8434782608695652,0.806993006993007,0.99185667752443,0.9301634472511144,0.8652094717668488,
RFPL1S,0.8625235404896422,,0.7037815126050421,0.9051833122629582,0.8357098574085555,0.8529411764705882,,
RFT1,,,,,0.19023136246786632,,,
RFTN2,,0.920892494929006,0.8422939068100358,0.28921568627450983,0.4539614561027837,0.32061068702290074,0.33989071038251367,
RFX3,0.9243391066545124,,,0.9394904458598726,,,,
RFX4,,,0.9080459770114943,,,0.8484848484848485,0.8924302788844621,0.8387096774193549
RFX5,0.7229299363057324,,,,0.7479131886477463,,,
RFX7,,,0.5357142857142857,0.8651685393258427,0.925476603119584,,0.8679738562091504,
RFXAP,,0.5714285714285714,,,,,,
RGCC,,,,,,,0.9803354540196646,
RGL1,0.9739970282317979,,,0.9732888146911519,,0.962800875273523,0.990029542097489,
RGMB,,,,,0.9481132075471698,,,
RGP1,,,0.3188405797101449,,,,,
RGPD5,,0.8881118881118881,,0.9806835066864784,0.9351198871650211,0.9752851711026616,0.8218981592158737,0.7811764705882352
RGPD8,,,0.9052132701421801,,0.9887543252595156,,,
RGS11,,,0.9477911646586346,,,,,
RGS12,0.8532731376975169,,0.3645320197044335,0.9375,0.44979508196721313,0.39862542955326463,0.9461474730737366,0.37640449438202245
RGS16,,0.375,,,0.39864864864864863,,,
RGS17,,,0.5443037974683544,,,,,
RGS20,0.6312292358803987,,,0.8794326241134752,0.8017751479289941,0.8178137651821862,0.8349900596421471,
RGS3,,0.8073394495412844,0.7622377622377622,,0.7633587786259542,,,
RGS4,0.9441813261163735,0.952,0.9636552440290758,,0.9140398775543973,0.9188021883098186,0.9248583639797237,
RGS5,0.39243645381277126,0.507537688442211,0.2857142857142857,0.9061488673139159,0.5468801045409997,0.39602803738317754,0.9845242015146526,0.4365482233502538
RGS6,0.8494623655913979,,,0.8652173913043478,0.8707482993197279,0.5362318840579711,0.5365344467640919,
RGS7,,0.7659574468085106,0.8443496801705757,0.8869565217391304,0.9596739596739596,0.8673946957878315,0.9444311377245509,
RGS7BP,0.7508196721311475,,,,,,,
RHBDL3,0.6030042918454935,,,0.6798679867986799,0.6693613581244947,0.56,,0.6195652173913043
RHCG,,,,,,,0.9265644955300127,
RHEB,0.05328596802841918,0.07468879668049792,0.06230769230769231,0.06003873466752744,0.06578752407764113,,0.06038908403134288,0.04096170970614425
RHNO1,,,0.5929203539823009,,,,,
RHOA,,0.9857142857142858,,,,,,
RHOB,,0.968944099378882,,,,,,
RHOBTB2,0.5973813420621932,0.6621621621621622,0.6267123287671232,,0.6616979909267661,0.628032345013477,0.05870841487279843,
RHOBTB3,0.9027624309392265,0.8062913907284768,0.7590132827324478,0.9676025917926566,0.9054621848739496,0.8351177730192719,,0.775623268698061
RHOF,,,,,0.6980728051391863,,,
RHOJ,,,,,0.8174904942965779,,,
RHOQ,0.8077695914266577,0.7948113207547169,,0.8664192949907236,0.7179851010996807,0.6850533807829181,0.847007722007722,
RHOT1,0.023157894736842106,0.1,,0.9498207885304659,,,,
RHOU,,0.9633507853403142,,,,0.9361702127659575,0.9320809248554913,
RHPN1,0.22660098522167488,,,,,0.14622641509433962,0.28823529411764703,0.33727810650887574
RIC3,0.8271028037383178,0.5135135135135135,0.45320197044334976,0.5527156549520766,0.5771715721464465,0.2099644128113879,0.6821862348178138,
RIC8B,0.5070093457943925,0.35443037974683544,0.5483870967741935,,0.48794489092996557,0.8934426229508197,0.5415244596131968,
RIF1,0.8252730109204368,0.7054263565891473,0.8888888888888888,0.6190476190476191,0.8916494133885439,0.6460481099656358,0.808982683982684,0.5714285714285714
RIGI,,,,,0.5153061224489796,,,
RILPL1,,0.19553072625698323,0.2422360248447205,0.3601694915254237,,0.9301310043668122,,0.35658914728682173
RILPL2,0.17083333333333334,,,,0.10377358490566038,,,
RIMBP2,,,0.8706467661691543,0.8260869565217391,0.8663366336633663,0.8945868945868946,0.9544740973312402,
RIMKLA,0.8070175438596491,,0.23076923076923078,0.8789237668161435,0.7873799725651578,0.8155339805825242,0.09821428571428571,
RIMKLB,0.8761329305135952,0.7931034482758621,0.6848484848484848,,0.5785997357992074,0.5885714285714285,0.6472361809045226,
RIMOC1,,,,,,0.6551724137931034,,
RIMS1,0.8379617834394905,0.299412915851272,0.9528857479387515,0.811336717428088,0.8473953013278857,0.963294538943599,0.9225071225071225,
RIMS2,0.37710018668326073,,,0.729957805907173,0.8074433656957929,0.7725806451612903,0.8358974358974359,0.7853260869565217
RIMS3,,,0.9822109275730623,0.9808049535603716,0.9861904761904762,,0.9858679603459186,
RINL,,,,,0.7074829931972789,,,
RIOK2,0.37333333333333335,,0.3707865168539326,,0.28503184713375795,,,
RIOK3,,0.9020618556701031,,,0.7764127764127764,,0.9720518064076347,0.7205882352941176
RIOX2,,,,,0.8437001594896332,0.8348623853211009,,
RIPK2,,,0.3880597014925373,,,,,
RIPOR2,0.8243243243243243,,,0.8406593406593407,0.9440885264997088,,0.9081429990069514,
RIT1,0.7254901960784313,0.43243243243243246,0.36363636363636365,,0.507399577167019,,0.6967213114754098,
RIT2,,0.6428571428571429,0.8571428571428571,,,,,0.5714285714285714
RITA1,,,,,0.9664848012470771,,,
RLF,,,,,,,0.9359430604982206,
RLIM,0.9462875197472354,,,,,0.9281437125748503,0.9650163059590868,
RMC1,,,,,,,0.9297520661157025,
RMDN1,,,,0.7843137254901961,0.8932038834951457,,,
RMND1,0.93354943273906,,,,,,,
RMND5A,0.9373219373219374,,,0.9145454545454546,0.9561379310344827,,0.9346625766871166,
RMND5B,,0.4107142857142857,,,0.1970954356846473,,0.937007874015748,
RMST,,,,0.6774193548387096,,0.6055045871559633,0.3220779220779221,
RNASEH1,0.7714285714285715,,0.8702290076335878,,0.7869222096956031,,,
RNASEH2B,,,,,0.14676034348165495,,,
RNASEH2C,,,0.4816753926701571,,0.4245671887881286,0.3652694610778443,0.5282758620689655,0.5172413793103449
RND2,,0.25380710659898476,,,0.10638297872340426,0.13333333333333333,,
RNF10,0.10832137733142037,,,,0.9891263592050994,,,0.73224043715847
RNF11,0.9875806451612903,0.9406060606060606,0.9771622934888241,,0.9936974789915967,0.9841437632135307,,
RNF111,0.14800759013282733,0.5740740740740741,,,0.970018281535649,0.8914027149321267,0.827891156462585,
RNF114,0.7589189189189189,0.9077669902912622,0.8178571428571428,,0.8709856035437431,0.7290076335877863,0.8183361629881154,
RNF115,0.6141479099678456,0.45714285714285713,0.7155555555555555,0.8421052631578947,0.5433391506689936,0.4743935309973046,0.8386167146974063,
RNF13,0.9321074964639321,0.8833107191316146,,0.8626609442060086,0.9840462833099579,,0.9329575793533076,0.935064935064935
RNF130,0.5946142649199417,0.8962025316455696,0.9016129032258065,0.9541547277936963,0.9326036866359447,0.9256965944272446,0.8815097945532728,0.5568181818181818
RNF138,,0.26804123711340205,,0.46218487394957986,0.44936708860759494,,0.5503355704697986,
RNF14,0.8734177215189873,,,,0.9089394780677401,,,
RNF141,0.8779637377963738,,,,0.9679180887372013,0.9404761904761905,,
RNF144A,,,,,,,,0.8798586572438163
RNF145,,,,0.7004754358161648,,0.9250720461095101,,
RNF146,0.9066558441558441,,,,,,,
RNF149,,0.6764705882352942,0.49635036496350365,0.14838709677419354,0.20380818053596614,0.3732394366197183,0.09054325955734406,
RNF150,0.823076923076923,,0.7777777777777778,0.7799227799227799,0.8417564208782105,0.7268041237113402,0.880184331797235,0.7558139534883721
RNF157,0.8899308983218164,,,,0.8853996737357259,0.9661016949152542,0.8813685384901451,
RNF165,0.6016260162601627,,,,0.728310502283105,,0.8065693430656934,
RNF166,,,,,0.8231292517006803,,,
RNF168,,0.4556213017751479,,0.8467432950191571,0.794180269694819,0.6224489795918368,,
RNF169,,,,,0.684931506849315,,0.8900279589934762,
RNF170,,,,,0.9432624113475178,,,
RNF175,,,,,0.9292667099286178,,0.965076660988075,
RNF180,,,,,,,0.6406779661016949,
RNF187,,,,,0.9882002383790226,,0.9858567122652446,
RNF19A,0.7557557557557557,0.6161616161616161,,0.951048951048951,0.6663720724701724,,0.9873932492883286,
RNF2,,,,0.8257575757575758,,0.6341463414634146,,
RNF20,,,,,,,,0.8513513513513513
RNF207,,,,,0.5238095238095238,,,
RNF213,,0.782051282051282,0.7339449541284404,,0.7323420074349443,,,
RNF214,,,,,,0.6555555555555556,,
RNF216,0.8866328257191202,0.8533333333333334,,0.8260869565217391,0.8709897610921502,0.7735849056603774,,
RNF216P1,,,,,,,0.8946395563770795,
RNF217,,,,,0.8059299191374663,0.7555555555555555,,
RNF220,0.9126455906821963,0.8517412935323383,0.9834815756035579,,0.9569165378670789,,0.9592290585618977,0.8626373626373627
RNF24,0.8029925187032418,,0.5263157894736842,0.5695067264573991,0.9163214581607291,0.584070796460177,0.9007569386038689,0.3496932515337423
RNF32-DT,,,,,0.8496503496503497,,,
RNF34,0.8856548856548857,,,,0.9471276054905948,0.9387755102040817,0.986822840409956,
RNF40,0.04491725768321513,,,,0.03513337670787248,0.05791505791505792,,
RNF41,0.9629355077835434,,,,0.8969422423556059,,,
RNF7,0.014613778705636743,,,,0.04160789844851904,,,
RNFT2,0.7939560439560439,,0.7619047619047619,,0.8115693012600229,0.8125,,
RNH1,,0.9442815249266863,,,,,,
RNMT,,0.5090361445783133,0.625531914893617,0.5756207674943566,0.7090600775193798,0.8564814814814815,0.9609028617492946,
RNPC3,0.4730077120822622,0.3333333333333333,,0.5572354211663066,,,0.5602350636630754,0.5486381322957199
RO60,0.8988269794721407,,,0.9356913183279743,0.6587937579080557,0.5616438356164384,,
ROBO2,0.9327073552425665,0.4065934065934066,0.6707920792079208,0.8357289527720739,0.8099906629318394,0.8167053364269141,0.6470317533364013,0.6139240506329114
ROCK1,0.4191468253968254,0.4335154826958106,0.6678571428571428,0.7299382716049383,0.46151603498542276,0.638671875,0.8297872340425532,0.19665271966527198
ROCK1P1,,,,,0.7,,,
ROCK2,0.797071129707113,0.6645569620253164,0.7667731629392971,0.7202572347266881,0.8086243083381034,0.5680933852140078,0.9772144688123042,0.9092872570194385
RORA,0.9407176287051482,0.7727272727272727,0.8769230769230769,0.7854251012145749,0.8985024958402662,0.7934272300469484,0.8815958815958816,0.8
RORB,0.8310708898944194,,0.9065040650406504,,0.9828178694158075,0.9525691699604744,0.9434546862896979,0.9115646258503401
RORB-AS1,,,,,0.8976377952755905,,,
ROS1,,,,0.4838709677419355,,,,
RP9,,,,,,0.6451612903225806,,
RP9P,,,,,0.7110552763819096,,,
RPA1,0.09832841691248771,,,,,,,
RPA3,,,,,0.6013150029886432,,,
RPAIN,0.9209125475285171,,,,,,,
RPAP2,,,0.4888888888888889,,0.5685483870967742,,,
RPAP3,,,,,0.7922912205567452,,,
RPE,0.7944162436548223,,,,0.13949433304272013,,,
RPF1,,,,,0.9634408602150538,,,
RPF2,0.52,,,0.3103448275862069,0.6712328767123288,0.15263157894736842,0.15767634854771784,
RPGR,,,,,,0.7777777777777778,,
RPGRIP1L,0.5974025974025974,,,,0.7675233644859814,0.509090909090909,0.39271255060728744,
RPH3A,,,,,0.9934242571846079,0.9474903474903474,,
RPIA,,,,,0.9351620947630923,,,
RPL10,0.7453320947515095,,,,,,,
RPL10A,0.7768258320006093,0.8258726899383984,0.8310236220472441,0.7963882618510159,0.8223636216260031,0.8058252427184466,0.7695482866043614,0.6835703978561122
RPL11,0.7545851205442982,0.7721031076848952,0.7890941295546559,0.7286642902075907,0.6489407463168082,0.8183941081372373,,
RPL12,,0.5638781939096955,0.46115237904035333,0.4812710811290609,,,,0.4264705882352941
RPL13,0.44811002741696254,0.00581811672037236,0.9696111609917812,0.00843396588077439,0.017642303485662657,0.007803400885161891,0.904233207924439,0.5648879500367376
RPL13A,0.3521781597968353,0.41197623514696685,0.32239796914665103,0.6471186035389765,0.6991013325069724,0.37329093799682034,0.3665693904020752,0.2569491525423729
RPL14,0.6239356669820246,0.03546361285555966,0.024107643431134366,0.015023055183697754,0.5573829423923788,0.7188512200388685,0.717858709960509,0.02254428341384863
RPL15,0.38304222860933007,0.24035686171608503,0.3613028472821398,0.3748374512353706,0.42358526883100217,0.4199212340006564,0.39263829430034414,0.21038750253601135
RPL17,0.14503257642931494,0.7214734950584007,0.7633652222847496,0.9394919168591224,0.7826484888931261,0.9365356922443941,0.8834791020112047,0.6955949245870242
RPL18,,0.48944908653165276,0.42447987030532286,,0.8105328979364969,,,
RPL18A,0.47086717892425906,0.48956384050669355,,,,,,0.44348179233789087
RPL19,0.5181796291837226,0.5453485242666188,0.49631842919645713,0.5141566265060241,0.8824257758875939,0.9218408736349454,,0.47084034899739785
RPL21,,0.6407804688637577,,,0.5794613511148944,,,
RPL22,0.548358690866396,0.10172612197928653,0.17435424354243542,0.5582362728785357,0.4189681127685781,0.41563010428445785,0.2441330126876192,0.1111111111111111
RPL23,0.3264293687213196,,,0.3475489452117165,0.41870824053452116,,0.3401383885171842,0.2505316886431306
RPL23A,,0.287984496124031,0.22350273946722085,0.6609120237161042,0.6540960451977401,0.3009072580645161,0.2664753794890781,0.16303953572723975
RPL23AP7,,,,,0.9372727272727273,,,
RPL24,,0.7354891452447997,0.41469723691945914,0.582327645998058,0.7188617154762187,0.6462573867367039,,0.5233454635169309
RPL26,0.6998472639174171,0.4755672578022148,0.7166797885502193,0.7536935842946771,0.7157658195123892,0.44817902588854763,0.4357657780195865,
RPL26L1,,,,,,,0.7252525252525253,
RPL27,0.4976319465739889,,,,,,,
RPL27A,0.008986340762041696,,0.006473801335221525,0.010020411950269066,0.03185689948892675,0.09105960264900662,,
RPL28,0.04579025110782865,0.02001212856276531,0.00967741935483871,0.52,0.03812197679531847,0.03982597054886212,0.030381992570826633,0.03130812151270924
RPL3,0.7481755829903978,0.8906543225322157,0.693347755543537,0.7476854107786766,0.9626729164284897,0.8232726597325408,0.9716905444126075,0.19334418520528124
RPL30,0.6700847188652067,0.7124494661552815,0.41257557436517533,0.3745173745173745,0.6599181276141319,,0.36467507736253274,0.2533247137052087
RPL31,0.3919039942683145,,0.621952826459349,0.5763763129300978,0.012979512432366709,0.009313154831199068,,0.006164499239993244
RPL32,0.35090620562933267,0.642919026991003,0.4864429862572737,0.49818749651441635,0.36801725357092346,0.6721186763027768,0.33766233766233766,
RPL34,0.1898565330803889,0.3915765247410817,0.2670686514666164,0.2905076875903456,0.405463217938631,0.34261002588844436,0.021633039551314737,0.009174311926605505
RPL35,,,0.5230273498899717,,,,,
RPL35A,0.17185580774365822,0.2170053264943776,0.06434668417596848,0.053456221198156684,0.2573079371297067,0.11458333333333333,,0.08826666666666666
RPL36,,0.46283086164820725,,,0.6469403952997658,,0.37462691807998877,
RPL36A,,,,0.5258455034588778,,0.5581132608388646,0.5443133316595531,
RPL37,0.9739478957915831,0.027029267888234808,0.05400313971742543,0.05504700643245918,0.9680038204393505,0.04125717621874088,0.07564853970373668,0.05526189332051898
RPL37A,0.030046779417056496,0.010272007345346034,0.0017363623209376356,0.010597898083546763,0.22085159841762,0.028313334232169342,0.02522974414643733,
RPL38,,,,0.0035161744022503515,0.18316569613552144,0.548328611898017,0.0032228778937812073,
RPL39,0.5066234026895029,0.5750573131591014,0.5092422336204394,0.5389360751005812,,0.5422442244224422,0.5238773232770231,
RPL4,0.8766787465359198,0.9668838219326819,0.9023834560112163,0.9701680012560842,0.3703170028818444,0.9502982107355865,0.8555571367582183,0.7013063261412007
RPL5,0.7139506915213469,0.9340962360402592,0.5730706075533661,0.6770948349895718,0.682071312553175,0.5882697947214076,0.8771563526834611,0.3370998116760829
RPL6,0.6040559974173099,0.7229341581970835,0.9018163125428376,0.6718959400867166,0.6979511901175053,0.6943498296934482,0.6349793973731651,0.7868020304568528
RPL7,0.7540076824583867,0.8319488817891374,0.6749323715058612,0.8022058153313281,0.8345860263796684,,0.005091995383257519,
RPL7A,,,0.5471882640586797,,0.9244302708900674,0.6432449696582562,0.8196251641399069,
RPL7L1,0.8712402838796891,0.73125,0.8977900552486188,0.8746569075937786,0.8829956297179181,0.7398230088495575,0.5199794203395643,0.7452107279693486
RPL8,0.5253070441152172,0.7948273728498948,,0.5688605392867497,0.5337110730443185,0.8322147651006712,0.7845377258235919,0.5188364941055869
RPL9,0.45103696207120525,0.7030284991442816,0.5688599600438229,0.7711057234392588,0.626570256853011,0.6178979965872464,0.4433485905260099,0.6051776649746193
RPLP0,,,0.599388379204893,,,0.9871134020618557,,
RPLP1,0.34517930264300783,0.39033888090491864,0.27619100438134325,0.0010750648200847405,0.3663523598225091,,0.30871106683465677,0.24355300859598855
RPLP2,0.575402747484024,0.7578014898328971,0.29553583256060406,0.32860998650472334,0.5856507936507936,0.6770910896003971,,0.23706896551724138
RPP14,,,,,0.4051724137931034,0.2765957446808511,,
RPP25,0.18162393162393162,,,,0.2115839243498818,,,
RPP30,0.400679117147708,,0.5035460992907801,0.5091743119266054,0.4427860696517413,0.4768211920529801,,
RPP38,,,0.573170731707317,0.6741573033707865,,,,
RPP40,,,,,0.5644028103044496,,,
RPRD1A,0.9831878435176205,0.8106666666666666,0.780281690140845,0.7741659538066724,0.974156949259376,0.9844206426484907,0.7695338148391333,0.780281690140845
RPRD1B,,,,,,,0.8906581740976646,
RPRD2,0.366325369738339,0.912751677852349,0.35826771653543305,0.9330985915492958,0.3870967741935484,,0.5072296124927704,0.24456521739130435
RPS10,,,0.33842364532019703,0.33997020181498033,0.9913599640933572,,,
RPS11,,0.5663189269746647,,,0.7146291358888063,,,0.43858447488584473
RPS12,,0.6442155309033281,0.6099946647696959,0.49772520473157417,0.6325306312799424,0.6170655567117586,0.5999079524259381,
RPS13,,0.5295882647107851,0.485047915945041,0.5445740699977988,0.48668414069831406,,0.0027529249827942187,
RPS14,0.6749191656628416,0.4886372510737993,0.8532059861296994,0.4488656823910695,0.004421789596511699,,0.8262929997594419,0.3667171632160691
RPS15,0.4454051657244208,,0.4264390850666851,,0.7060015951083345,0.5014284306964831,0.42799768765022667,
RPS15A,0.4055900322316833,0.021801859570375122,,0.04806786050895382,0.14235725868396348,0.02728264823572208,0.0793507664562669,
RPS16,,,0.5777526962628543,,,,0.5863133055000908,0.584593067643915
RPS17,,0.5398863011186503,0.7767302828236377,,,,,
RPS18,0.7443542275630616,0.6643437194033289,,0.6343840230991338,0.7427497196631561,0.4355602314571278,0.7892536635237987,0.22079223181257707
RPS19,,0.6565910999160369,0.16923685251087386,0.1573675423952201,0.5821596244131455,0.021870286576168928,,
RPS2,0.531471598801082,0.9889349930843707,,,,,0.6015860833972884,
RPS20,0.030068015925680158,0.044244560593168836,0.45901639344262296,0.04289517799033626,0.09529470654486297,0.06416758544652701,0.049947238832219486,0.49116060153828495
RPS21,0.5167069529361581,0.5161876632966035,,0.46417567643269286,0.4495453903048005,,0.4152968568102445,
RPS23,0.05989442005032315,0.3953049370764763,0.046747967479674794,0.08667992047713717,0.08096573588586757,0.6341229631658223,0.37605986141550996,
RPS24,0.14170786893488646,0.1682689436914074,0.43388732738604424,0.4598562949078413,0.14965616704638088,0.13135567723689753,0.10486965076242007,0.1300026621705564
RPS25,0.3930674698147202,0.6483666061705989,0.2880790686393403,0.8759331674369001,0.3320951274176143,0.3784697252984323,0.2880597396619185,0.4545719560781265
RPS26,0.005968778696051423,,,,0.2560938452163315,0.2155053974484789,,
RPS27,,0.19380203515263644,,0.14514468717831408,0.2882154114921575,,0.1654498255861118,0.4719553586837715
RPS27A,0.6124303401323195,0.6538381814413045,0.9932712692414047,0.838392813070734,0.7855747253557472,0.7406467977171846,0.8116369515818913,0.770172868444184
RPS27L,0.02169463774048301,,,0.7079261672095548,0.6129474694829241,,0.06066666666666667,
RPS28,0.046253570643814544,0.007262823422605538,0.03048780487804878,0.027530364372469637,0.24816140705864043,0.3148058016158863,0.3376040703052729,0.028387787895018748
RPS29,0.1715224534501643,0.051098162259076645,0.17194183062446536,0.1552298467688208,0.030867792661619105,0.07726027397260274,0.25021855269548327,0.2664526484751204
RPS3,0.0632027917797596,,,0.16480206540447503,0.2694304473965491,0.049099258212645706,,
RPS3A,0.5996881554767695,0.9186415501991763,0.6874642711310739,0.6683655157562272,0.8818062216186394,0.7220116249684104,0.7237698170326898,0.6798679867986799
RPS4X,0.547730030010855,0.5212615722579633,,0.8574564612907947,0.5147656054148909,0.5413053400273847,,0.7478680430879713
RPS4Y1,,,,0.48548621190130625,0.02071500167056465,,,
RPS5,,,,,0.9460839954597049,0.7243020991127461,,
RPS6,0.5047546125916961,0.789743031358885,0.5393189985990132,0.5898955687270675,0.7108117364996004,0.7366651923927465,0.7346656611362494,0.585519634394042
RPS6KA2,,0.8521739130434782,,0.8487084870848709,0.8437067773167358,0.9686684073107049,,
RPS6KA3,0.5731225296442688,,,0.5138121546961326,0.5201005025125628,0.5909090909090909,0.5959409594095941,
RPS6KA5,0.5159235668789809,0.5172413793103449,0.40225563909774437,0.6495327102803738,0.48902346707040123,0.2760416666666667,0.4435946462715105,
RPS6KA6,0.781021897810219,,,0.5434782608695652,,0.425,,
RPS6KB1,0.783203125,0.5961538461538461,0.841025641025641,,0.9400179051029544,0.8102564102564103,,
RPS6KC1,,,0.8361581920903954,,,0.8155737704918032,,
RPS6KL1,,,,,0.9494117647058824,,,
RPS7,0.6270320483046912,0.3772080999569151,0.6442824710240173,0.6907671767484852,,0.7075289575289575,0.26781956864807993,0.6727192205491586
RPS8,0.7296801695601438,0.7239188358270138,0.6121968874411872,0.4555870063350856,0.45308375329973605,0.26779473974618356,0.5462352078751702,0.7427059212702614
RPS9,,,,0.9436477479297112,,,,
RPSA,,,,0.4229014598540146,0.9927869202821116,0.9835069444444444,0.4100334448160535,0.5347025495750708
RPUSD2,0.6173469387755102,,,,,0.5,,
RPUSD3,0.3737259343148358,,,0.960431654676259,0.4397233201581028,0.4727272727272727,,
RRAGA,,,,0.990204081632653,,,,
RRAGB,,0.6727272727272727,0.9,,,,0.9001547987616099,0.7313432835820896
RRAGC,,0.8606060606060606,0.8355555555555556,0.8512820512820513,,,0.8620457604306864,
RRAGC-DT,0.3905109489051095,,,,,,,
RRAGD,,0.9485981308411215,0.5828877005347594,,0.9520337682271681,0.8875739644970414,,0.4838709677419355
RRBP1,,,,,,0.6115107913669064,,
RRM1,0.9580745341614907,,,,,,,
RRM2B,,,,,0.6451287228672388,,,
RRP1,,,,,0.26021180030257185,,,
RRP15,0.7219917012448133,,,0.72,0.5498866213151927,,0.6968973747016707,
RRP36,,0.4745762711864407,,0.19900497512437812,0.29383116883116883,0.16363636363636364,0.295873573309921,
RRP7A,0.2770137524557957,0.1724137931034483,0.5550239234449761,0.10596026490066225,0.6372093023255814,0.3051948051948052,0.4610909090909091,
RRP7BP,,0.21671018276762402,0.36496350364963503,0.3236842105263158,,0.9392265193370166,0.24848484848484848,
RRP8,0.5515695067264574,,,,,,,
RSAD1,,0.7572815533980582,,,,,,
RSBN1,0.905511811023622,,,,,,,0.9257142857142857
RSBN1L,0.6762886597938145,0.5,,0.8863636363636364,0.7609277430865299,0.5483870967741935,0.7702702702702703,
RSF1,0.36739659367396593,0.32961783439490444,0.23193916349809887,0.4,0.6136975759907657,0.1445578231292517,0.29173989455184535,0.3333333333333333
RSKR,0.676923076923077,0.5138888888888888,,0.8805970149253731,0.9437086092715232,0.6381909547738693,0.5121338912133891,0.47474747474747475
RSL1D1,0.055780933062880324,0.6645161290322581,0.7860576923076923,0.3350877192982456,,0.7031539888682746,0.2955145118733509,0.38222222222222224
RSL24D1,0.7420212765957447,0.7319587628865979,0.8248847926267281,,0.013233601841196778,,,0.8333333333333334
RSPH3,0.5924932975871313,,,,0.6968911917098446,,,
RSPO3,,,,,0.41329479768786126,,,
RSPRY1,,,,,,0.7155172413793104,,
RSRC1,,0.3048327137546468,0.7309417040358744,0.5949367088607594,0.5441860465116279,0.776595744680851,,0.7230769230769231
RSRC2,0.801922050186866,0.62,0.7984496124031008,0.7395715896279594,0.8253760627861347,0.7711738484398217,,0.7064516129032258
RSRP1,0.9828532235939643,,,0.9581529581529582,,,,
RSU1,0.24757281553398058,,,0.18686868686868688,0.9422863485016648,,,
RTCA,0.4702108157653529,0.5858585858585859,0.51440329218107,,,0.4915254237288136,0.503968253968254,
RTF1,0.7301492537313433,0.5118110236220472,0.7185185185185186,0.8387681159420289,0.9372074882995319,,0.9107142857142857,
RTF2,,0.6466666666666666,,,,0.8187134502923976,,
RTL10,,,,,,0.7485714285714286,,0.7916666666666666
RTL5,,0.5857142857142857,,,,,,
RTL8B,,,,,0.37093275488069416,,0.34300791556728233,
RTN1,,,0.9977519670288497,0.9985669930737998,0.9966553651608173,,0.9975122167925367,
RTN3,0.9415499239204576,0.9887179487179487,0.9373467112597548,0.9641803195278315,0.954710425908118,0.9074641500183847,0.7150328103660771,
RTN4,0.9050434308063122,0.5744030563514804,0.8437878787878788,0.9315030759342576,0.8124325245752599,0.8556709882373144,0.8523787313432836,
RTRAF,0.0653142008906482,,0.05868544600938967,,0.0843312101910828,0.052980132450331126,0.027916251246261216,
RUBCN,0.8713592233009708,0.25735294117647056,,,0.9594777127420081,0.20618556701030927,0.27187948350071733,
RUFY2,0.4300202839756592,0.5241935483870968,0.5527426160337553,0.27419354838709675,0.31770334928229665,0.5136363636363637,0.31636363636363635,0.6376811594202898
RUFY3,0.09693593314763231,0.10927152317880795,0.9714285714285714,0.8421319796954315,0.05761988450916394,0.7006543075245365,0.9910076373491008,0.8808962264150944
RUNDC1,,,,,0.7984161267098632,0.7584541062801933,0.7807560137457045,
RUNDC3A,0.9711214503449382,0.4357894736842105,0.407091267235719,0.35212385867407703,0.4055039397859579,0.3699360341151386,0.40947108022146306,0.41109625668449196
RUNX1T1,0.9411027568922306,,0.38095238095238093,0.13333333333333333,0.22517207472959685,0.8273809523809523,0.9323031640912436,
RUSC1,0.953757225433526,0.7795275590551181,,,,,,
RWDD1,0.6342925659472423,0.48187633262260127,0.4017467248908297,0.6571428571428571,0.273972602739726,0.5346938775510204,0.6512915129151291,0.6256684491978609
RWDD2A,0.3822937625754527,,0.5081081081081081,0.46638655462184875,0.37790697674418605,0.38311688311688313,0.4699759807846277,
RWDD2B,,,,0.6198347107438017,,0.49206349206349204,,
RWDD4,,,,,0.8298192771084337,,0.8953488372093024,
RXRA,,,0.8222222222222222,0.9306122448979591,0.7454068241469817,0.8758169934640523,0.9187866927592955,
RXYLT1,,,,,0.9623955431754875,,,
RYBP,0.9195250659630607,,,,0.9466783216783217,,,
RYK,,,,0.23295454545454544,0.1865203761755486,0.2909090909090909,,
RYR2,0.8483033932135728,0.24745762711864408,0.8144654088050315,0.848,0.8324982104509664,0.9069767441860465,0.8989928909952607,0.8071216617210683
RYR3,0.8971631205673759,,,,0.8735408560311284,0.8854166666666666,,
S100A13,,0.9195837275307474,,,,,0.9797375086345844,
S100A6,,0.630976430976431,,,,,,
S100B,0.8075588957941899,0.9184445453169919,0.0435313262815297,0.9016524520255863,0.8665184991502157,0.8787436084733382,0.8923408458292179,0.906405051871899
S100PBP,,,,0.8363636363636363,0.8655913978494624,,,
S1PR5,,0.9121621621621622,,,,,,
SACS,,,,0.9614325068870524,0.9792626728110599,0.9330855018587361,0.08514851485148515,
SAE1,0.102061337355455,,,,0.9855961589757268,0.10989010989010989,0.14347392892726668,
SAFB,0.9061444969615124,0.9506578947368421,0.9422680412371134,,,0.7733755942947702,,
SAFB2,0.8415233415233415,0.7706422018348624,,0.8317535545023697,0.9757694826457105,,,
SALL1,,,0.9497716894977168,,0.9539089848308051,,,
SALL3,,,,,0.6735537190082644,,,
SAMD12,,,,,0.8567351598173516,0.9602888086642599,0.9527638190954774,
SAMD14,0.9190140845070423,,0.41714285714285715,0.5176470588235295,0.5049115913555993,0.5639097744360902,,0.3939393939393939
SAMD4B,0.6426426426426426,0.6811926605504587,0.6810344827586207,0.762589928057554,0.7373205741626794,,,0.7223427331887202
SAMD8,0.9484536082474226,,,,0.9025044722719141,0.9171974522292994,,
SAMHD1,0.6478102189781022,,0.8011049723756906,,0.842587292501431,0.7668161434977578,0.7517385257301809,
SAMM50,,,,,0.051787016776075855,,,
SANBR,,,,,0.7680751173708921,,,0.4672897196261682
SAP130,,,,,0.97568093385214,,,
SAP18,0.5712031558185404,0.42815814850530376,0.23423423423423423,0.2991150442477876,0.39669138619509414,,0.2368498817966903,0.15698587127158556
SAP30BP,0.3426651735722284,0.9420289855072463,0.4264705882352941,,0.9761146496815286,0.22134387351778656,0.5996457041629761,0.4248927038626609
SAP30L,0.8675654242664552,,,0.7745901639344263,0.7669376693766937,0.7623762376237624,0.7145003756574004,
SAPCD1-AS1,0.7876631079478055,,0.6746987951807228,0.6604938271604939,0.667262969588551,,0.6461538461538462,
SAR1A,0.8671113391482812,0.18181818181818182,0.17270788912579957,0.22748815165876776,0.25613219726310354,0.2658662092624357,0.9789915966386554,0.23564954682779457
SAR1B,0.6917372881355932,0.6493055555555556,0.6975476839237057,0.6997635933806147,0.7094750742819412,0.6666666666666666,0.8074477747502271,0.637065637065637
SARAF,0.976985960547361,0.9888888888888889,,,0.9938091510709457,0.9825606125053169,0.9772889494516903,
SARM1,0.6277128547579299,,,0.3798449612403101,0.21670428893905191,,,
SARNP,0.04243191893603546,0.7439759036144579,0.03968253968253968,,,0.037109375,0.7520485584218513,
SARS1,0.9683679410052397,0.8714285714285714,0.8896551724137931,,0.8990011098779135,0.9434984520123839,0.9043018867924528,
SART3,,,0.8794642857142857,,,,,
SASH1,0.8404351767905711,0.9174311926605505,,0.9463869463869464,0.9917945058865502,0.8885714285714286,0.9573215599705666,0.8819561551433389
SAT1,,,,0.9656652360515021,,,,
SATB1,0.8398215733982157,0.11842105263157894,0.9730337078651685,0.26763285024154587,0.45056472632493483,0.29325153374233126,0.8808345120226309,0.8435897435897436
SATB1-AS1,,,,,0.6946564885496184,,,
SATB2,0.920863309352518,,0.9448051948051948,0.9760956175298805,0.9652733118971061,0.9518072289156626,,
SATB2-AS1,,,,,0.2814614343707713,,,
SAV1,0.1694915254237288,,0.0970873786407767,,0.1951219512195122,0.24299065420560748,,
SBDS,0.8819776714513556,0.8844984802431611,0.9049773755656109,0.9315789473684211,0.9149241819632881,0.8426573426573427,0.9560585885486018,0.8903318903318903
SBDSP1,,,0.8820754716981132,,0.9324721080446271,,,
SBF1,0.06405693950177936,0.1391304347826087,0.14025974025974025,0.08857808857808858,0.16961826052735143,0.16363636363636364,0.05613425925925926,
SBF2-AS1,,,,0.45098039215686275,,,,
SBNO1,,,0.8767772511848341,0.9038901601830663,,0.8223495702005731,0.8452631578947368,
SC5D,0.8693086003372681,0.915929203539823,0.33228346456692914,0.40820980615735464,0.9240148436119455,0.9245742092457421,0.9449378330373002,
SCAF11,0.2525684931506849,0.6845238095238095,,0.5343283582089552,0.6921780175320297,0.49146757679180886,0.5305466237942122,0.6384615384615384
SCAF4,,,,,0.9435261707988981,,,
SCAF8,,0.5620915032679739,0.8814432989690721,,0.8179396092362344,,,
SCAI,,,,,,,0.4578313253012048,
SCAMP1,0.9399538106235565,0.28773584905660377,0.333955223880597,,0.9807938540332907,0.9017735334242838,0.28507795100222716,0.46265060240963857
SCAMP2,0.48497854077253216,0.3872549019607843,,0.5248868778280543,0.36740146960587844,0.34782608695652173,0.5116279069767442,0.49122807017543857
SCAMP5,,,,,,0.9913967611336032,,
SCAPER,0.6080562659846548,0.4538653366583541,0.3333333333333333,0.7878787878787878,0.44932671863926293,0.5719424460431655,0.5081682307959681,0.49
SCARA3,0.11983471074380166,,0.8587570621468926,,,0.10638297872340426,0.9370199692780338,0.16184971098265896
SCARB2,0.8982608695652174,0.9615384615384616,0.8952299829642248,,,0.8809801633605601,0.9885457148701166,
SCCPDH,,,,,0.9084121453459433,,,
SCD,0.7853872917048159,0.9870604781997188,0.8571139445456385,0.8778877887788779,0.8034678888950245,0.9631317315658657,0.8502148557397177,0.909433962264151
SCD5,0.9491549699226582,0.9707757704569607,0.990139687756779,,0.9560058288807162,0.9400736524941413,0.9527858176555717,
SCFD1,,,,,0.9191430545957153,,0.9385644768856448,
SCFD2,0.13761467889908258,,,,0.27685325264750377,,,
SCG2,0.8870616207648108,,,,,,,
SCG3,0.6501607717041801,0.8541176470588235,0.906519065190652,0.8816120906801007,0.9059955588452998,0.5601826974744761,0.7734862540057346,0.6552814674256799
SCG5,,,0.9636118598382749,,,,,
SCHIP1,,0.9794238683127572,,,0.9829588624769348,,,
SCLT1,0.8806366047745358,0.59375,0.5867346938775511,0.12666666666666668,0.5153321976149915,0.6882352941176471,0.36446469248291574,
SCN1A,0.9321133412042503,0.8533333333333334,0.9391634980988594,0.9028662420382165,0.9709263015551048,0.8271186440677966,0.9460984017549358,
SCN1B,,,,,,,0.9901691815272062,
SCN2A,,0.6338028169014085,0.9871657754010695,0.815028901734104,0.9338259993281828,0.5294985250737463,0.9848918575063613,0.9773071104387292
SCN2B,0.8718226068144943,0.7777777777777778,0.7058823529411765,0.7836919592298981,,0.7624521072796935,0.8080155138978669,0.7231404958677686
SCN3A,0.9511627906976744,0.8,0.7973568281938326,0.7659033078880407,0.7854330708661418,0.7548387096774194,0.8286792452830188,
SCN3B,0.9815413891531874,0.7741176470588236,0.8171466845277964,0.9800272355878348,0.9587452220904178,0.957796852646638,0.9941556069645684,0.7854855923159018
SCN8A,0.9557474365893146,,0.8967213114754098,0.9797160243407708,0.8163941670349094,0.9009584664536742,0.8993506493506493,0.819634703196347
SCNM1,0.7845601436265709,,,,,,,
SCO1,,,0.12244897959183673,0.24347826086956523,0.17785234899328858,,,0.25925925925925924
SCO2,,,,,0.8419282511210763,0.8622448979591837,0.8039585296889726,
SCOC,0.8086290883785665,,,0.8757396449704142,0.9489445262641139,0.8977142857142857,0.926368401804218,0.8988326848249028
SCP2,0.6789099526066351,0.9460227272727273,0.8938714499252616,0.818069306930693,0.9832140891579527,0.8282387190684134,,
SCRG1,0.541321734250035,0.6808905380333952,0.01224105461393597,,0.8464686268566233,0.525065963060686,0.7643824857647752,
SCRN1,0.9176829268292683,,0.9852272727272727,,,0.9672619047619048,0.9720315717227179,0.9744623655913979
SCRN3,,,0.2857142857142857,,,0.2191780821917808,,
SCRT1,,,,0.9459459459459459,0.8876772082878953,,,
SCYL2,0.7302504816955684,,0.7662337662337663,0.788,0.9449929478138223,0.6706586826347305,,
SCYL3,,,,,0.3505747126436782,,0.6056782334384858,
SDAD1,,0.46774193548387094,,0.7803921568627451,0.8631178707224335,0.8805309734513275,,
SDC2,,0.20987654320987653,,0.1881720430107527,0.2967992240543162,0.1952054794520548,0.9593023255813954,0.1585677749360614
SDC3,0.9710610932475884,,,,,,,
SDCBP,,,,,0.9481041411846933,,,
SDCCAG8,0.426583850931677,0.41809672386895474,0.6767123287671233,0.5998962117280747,0.5758594346829641,0.5081967213114754,0.36019417475728155,0.17777777777777778
SDHAF4,,,,,,0.5041322314049587,,
SDHAP1,0.796078431372549,,,0.835016835016835,0.7167487684729064,,,
SDHAP4,0.1975,,0.46464646464646464,0.2799097065462754,0.7437407952871871,0.4295774647887324,0.5940959409594095,
SDHC,0.8865336658354115,,,,,,,
SDR16C5,0.3085399449035813,,,0.38144329896907214,0.25235109717868337,0.2882882882882883,0.3772893772893773,
SEC11A,,,,,,0.8636363636363636,,
SEC11C,0.7975896168108776,0.8213552361396304,,,0.9674358421393142,0.9629294755877035,0.9458492975734355,0.9548872180451128
SEC14L1,0.9545064377682403,0.8571428571428571,0.8286516853932584,,0.9603305785123967,0.8367875647668394,,0.8257080610021786
SEC14L2,0.2773892773892774,,,0.8471615720524017,0.742296918767507,0.8970588235294118,,0.852760736196319
SEC14L5,,0.8186274509803921,0.8637992831541219,0.9530201342281879,0.9270146984287887,0.9217877094972067,,0.7880794701986755
SEC16A,,,,0.9750479846449136,,,,
SEC16B,,,,,0.8529411764705882,,,
SEC22A,,,,,0.541019955654102,0.6909090909090909,0.648036253776435,
SEC22B,0.18219461697722567,0.8389830508474576,,0.16845878136200718,0.22764227642276422,0.06818181818181818,,0.5957446808510638
SEC22C,0.9381720430107527,0.8300970873786407,,,0.9683188553909045,0.953307392996109,,0.9343434343434344
SEC23IP,,,,0.16981132075471697,0.9339735894357744,0.22330097087378642,,
SEC31A,,,,,,,0.9619084263178146,
SEC61A2,0.6474543707973103,0.569620253164557,0.7401960784313726,0.7136038186157518,0.7280530628170113,0.6972222222222222,,0.7294117647058823
SEC62,0.39793795785475267,0.16844207723035953,0.47890295358649787,0.3477034649476229,0.40574823378291586,0.37155337155337154,0.45962828719056065,0.32653061224489793
SEC63,0.25162488393686167,0.6633165829145728,0.26422764227642276,0.8222222222222222,0.817929393097977,0.33564814814814814,0.8904933814681107,0.22131147540983606
SECISBP2,0.9283333333333333,,,,,,0.898406374501992,
SECISBP2L,0.8176795580110497,0.7906371911573472,0.9127272727272727,0.9520295202952029,0.8670360110803325,0.8414893617021276,0.9840240796480667,0.9339285714285714
SEH1L,,,,,0.869942196531792,,,
SEL1L,0.25257452574525746,,0.9740566037735849,0.8880733944954129,0.9372462163159837,0.8760162601626016,0.029180040852057193,
SELENOH,,,,,0.02259259259259259,0.6050830889540567,,
SELENOI,,,,,,0.9627659574468085,,
SELENOK,0.06302717900656045,0.08952959028831563,,0.1016949152542373,0.126094927683846,0.11375947995666305,0.09793075189510346,
SELENOP,,0.9745986588091852,0.9713831478537361,0.9892156862745098,0.9751014239121788,0.9850057670126874,,
SELENOS,0.06727272727272728,,,,,,,
SELENOT,0.905587668593449,0.5403422982885085,0.44655581947743467,0.49032882011605416,0.5536606880329314,0.49131274131274133,0.49255728382672687,0.4175152749490835
SELENOW,,,,,0.9627192068979881,,,
SEM1,0.02286401925391095,0.645933014354067,,,0.03958436417615042,,0.023841777296125712,
SEMA3A,,,,0.14,,0.6086956521739131,,
SEMA4D,0.4671857619577308,0.9307450157397692,0.5568,0.5464601769911505,0.5319444444444444,0.4119318181818182,0.48485995457986375,0.5491071428571429
SEMA4F,0.707977207977208,,0.7046979865771812,0.6148148148148148,0.6515837104072398,,0.7331399564902102,0.48214285714285715
SEMA5A,,,0.8041958041958042,,0.8774193548387097,0.7843137254901961,,
SEMA6A,0.5862785862785863,0.5116279069767442,,,0.3730437559885021,0.5118110236220472,0.48755490483162517,0.6375838926174496
SEMA6D,,,,,,0.9212962962962963,,
SEMA7A,0.9452054794520548,,,,,0.9047619047619048,0.9340767464742539,
SENP1,0.6571428571428571,,,,,,,
SENP2,0.8913857677902621,0.3925233644859813,0.9137931034482759,0.8901960784313725,0.9499198717948718,0.8938356164383562,0.3339407744874715,
SENP5,,,,,0.9657085224407463,,,
SENP6,0.5323545405111474,0.5875486381322957,0.5794392523364486,0.37373737373737376,0.2735238095238095,0.36133603238866396,0.4369134515119917,0.8066666666666666
SENP7,,,,,0.939034716342083,,,
SENP8,0.5208333333333334,,,,0.5269709543568465,,0.15818181818181817,
SEPHS1,0.48223350253807107,0.8472222222222222,,0.5375722543352601,0.7220248667850799,0.678391959798995,0.5794871794871795,0.6162790697674418
SEPTIN11,0.6539424280350438,0.20411160058737152,0.8673740053050398,0.44206426484907496,0.679140832595217,0.509783728115345,0.7625560538116591,0.3717171717171717
SEPTIN2,,,,,0.9921891058581707,0.9850374064837906,0.9732991014120668,
SEPTIN3,0.9927831236121392,,,0.9944922547332186,0.9951249238269348,,,
SEPTIN4,0.8516729906864436,0.9283740211883924,0.9396367521367521,0.9623824451410659,0.9035369774919614,0.9516587677725118,0.587712476391512,0.9544740973312402
SEPTIN5,,,0.9940217391304348,,0.9932910920611256,,0.9666788722079824,
SEPTIN6,0.9356435643564357,,,,0.9761747187293184,,,
SEPTIN7,0.5958755426917511,0.5895511405445181,0.7235920062289125,0.6861575178997613,0.6543506627292082,0.5012935813724282,0.6783515910276474,0.7894283251939098
SEPTIN8,0.9546968687541639,0.2737819025522042,0.5679530201342282,0.6962209302325582,0.4657372654155496,0.7339593114241002,0.5838704346389026,0.6997206703910615
SERAC1,,,,,0.8688845401174168,,,
SERBP1,0.8456549935149157,0.46017699115044247,0.04776119402985075,0.5276243093922652,0.5844104195665142,0.1509433962264151,0.09834065397755003,0.6606648199445984
SERF1A,0.3381597384399813,,0.44339622641509435,0.9623893805309734,0.48739164696611503,0.48490945674044267,0.686838124054463,0.272108843537415
SERF1B,0.22071861875874943,0.2922077922077922,0.29245283018867924,,,0.3053016453382084,0.3620327593448131,0.7336683417085427
SERF2,,0.013904653802497162,0.022659647516594186,0.02277564921243082,0.6841449342257097,0.031119755487635455,0.042571092041056705,
SERGEF,0.9327146171693735,,0.9237804878048781,0.932,0.9173748819641171,,,
SERINC1,,0.980068060281964,0.9841200783119426,0.9719292803970223,0.9861349119800592,0.9820724273933309,0.9629912441457952,0.9852180339985218
SERINC3,0.8290183387270766,0.8101851851851852,0.4522246535375638,0.38784433756012243,0.32971014492753625,0.8259629101283881,0.8395681006631526,0.4178154825026511
SERINC5,,0.8980582524271845,,,0.9740848720440557,,,
SERP1,0.7397124442240952,0.6151898734177215,0.9364341085271318,0.7076271186440678,0.9468730391131562,0.931098696461825,0.7258351893095768,0.6273830155979203
SERPINB1,,,0.6559139784946236,0.4807692307692308,0.5700757575757576,0.41025641025641024,,
SERPINB9,,,,0.8297872340425532,0.7428087986463621,,,
SERPINE2,0.9877682403433476,,,,,,,
SERPINI1,0.7760532150776053,,0.9884198729921554,0.9762752075919335,0.9832391218614434,0.964362639514392,,
SERTAD2,,0.75,,,0.8164852255054432,,,
SERTAD4,,,,,0.17489270386266095,0.5106382978723404,,
SERTM1,,,,,,0.9354838709677419,,
SESN3,0.9610111396743788,0.9479553903345725,,0.9317118802619271,0.8938837920489296,0.8854860186418109,,0.959546925566343
SESTD1,0.922077922077922,0.8021978021978022,0.5855513307984791,0.6244897959183674,0.6420454545454546,0.7094594594594594,0.8360891445003594,0.5620437956204379
SET,0.5617977528089888,0.7174177831912302,0.8825100133511349,0.9441371681415929,0.8189161266084343,0.9481132075471698,0.9605026929982047,0.9160467587672688
SETBP1,,,0.75,0.7883211678832117,,0.8543689320388349,,0.5555555555555556
SETD2,0.9084507042253521,0.8698224852071006,0.9341317365269461,0.7568627450980392,0.740620957309185,0.8851063829787233,0.8466780238500852,0.9259259259259259
SETD3,,0.8306451612903226,,0.8804347826086957,0.9248473461719117,0.8333333333333334,0.9704996989765202,0.9188034188034188
SETD4,,,,0.5517241379310345,0.11437908496732026,0.30927835051546393,,
SETD5,0.5853658536585366,0.8089887640449438,,0.5912408759124088,,0.8520408163265306,0.7158671586715867,
SETD6,,,,,0.5030674846625767,0.6911764705882353,,
SETDB1,,0.6341463414634146,,,0.9504310344827587,,,
SETDB2,,,,,0.48717948717948717,,,
SETX,0.9495575221238938,0.8110236220472441,0.8661087866108786,,,0.9323671497584541,,
SEZ6L,,,,,0.9799904716531682,0.9186834462729913,0.918387034535983,
SEZ6L2,,0.7167300380228137,,,,,,
SF1,,,,,,0.9851851851851852,0.9893943622662573,
SF3A1,0.5604562737642586,,0.6317460317460317,0.47278911564625853,0.6985396383866481,0.6511627906976745,0.4093628088426528,0.6620370370370371
SF3A3,,0.5882352941176471,0.5637254901960784,0.48363636363636364,0.4219247928616954,,0.5115979381443299,
SF3B1,0.22291993720565148,0.9557522123893806,0.19708029197080293,0.953125,0.21611721611721613,0.9328968903436988,0.24358974358974358,0.2042042042042042
SF3B2,0.6061973525872443,0.9320652173913043,0.5905974534769833,0.9854251012145749,0.6021871638580136,0.9676498572787822,0.5097032878909382,
SF3B3,,,0.18487394957983194,,0.21370750134916353,,0.2652439024390244,0.22279792746113988
SF3B6,0.8758565094719871,,,0.7357237715803453,0.9419291338582677,,0.9469536223097909,
SFMBT2,,0.5283018867924528,,,,,,
SFPQ,0.23755071929177426,0.5238095238095238,0.5768667642752562,0.7092288242730721,0.7242443729903537,0.24305555555555555,0.6993233303912916,0.43119266055045874
SFSWAP,,,,,0.9244391971664699,,,
SFTPC,,0.8333333333333334,,,,,,
SFXN1,0.6592920353982301,0.4583333333333333,,,0.9356820975010242,0.6615720524017468,0.6268788682581786,0.595
SFXN5,0.5774550484094052,0.6717557251908397,0.6945010183299389,0.9516616314199395,0.7406576980568012,0.5404312668463612,0.7469072164948454,0.6610455311973018
SGCB,0.7615539182853316,0.867704280155642,0.9680851063829787,0.775,0.8147942157953282,,0.9047860217776652,0.8539823008849557
SGCE,,,,,0.9838560885608856,,,
SGIP1,0.49876948318293685,,0.5194029850746269,0.577054794520548,0.611492281303602,0.6904761904761905,0.6144578313253012,0.7651006711409396
SGK1,,0.6874292185730464,0.9717741935483871,,0.9896417781614156,,0.9864077669902913,
SGK2,,,,,0.657608695652174,,,
SGMS1,,,,0.7381546134663342,,,,
SGPL1,0.4943181818181818,0.6125,,0.48125,0.4677835051546392,,0.5236994219653179,
SGPP2,,,,,0.9164691943127962,,0.8958207147183526,
SGSM1,,,,,,,0.9458995276942894,
SGTB,,0.84375,,,,0.9500805152979066,0.9145527369826435,
SH2D1B,,,,,0.3425925925925926,,,
SH3BGRL,0.7260924635845472,0.8156424581005587,0.8950276243093923,0.8567708333333334,0.9223854417890813,0.8142514011208967,0.8009015777610818,
SH3BGRL2,,,0.7456445993031359,0.7051509769094139,,0.675603217158177,0.7730039384174723,
SH3BP2,,,,0.36923076923076925,,,0.39953271028037385,
SH3BP5,,0.7535211267605634,0.8032,0.7876447876447876,0.794480755265069,0.7055837563451777,,
SH3D19,,0.8378378378378378,,,0.07350689127105667,,,
SH3GL2,,0.8412698412698413,0.9673247106875426,0.9695505074915418,0.9789176849738149,0.964122635355512,0.9553765781454071,0.8317191283292978
SH3GL3,0.8908839779005525,0.9022457067371202,0.9240162822252375,0.9238451935081149,0.9533158813263525,0.7769230769230769,0.9792518994739918,0.8578811369509044
SH3GLB1,0.7387486278814489,0.6861313868613139,0.6258064516129033,,0.7512495194156094,0.6062992125984252,,
SH3GLB2,,,,,0.027439024390243903,0.015677491601343786,,
SH3KBP1,0.3251184834123223,0.24413145539906103,0.3375796178343949,0.33264033264033266,0.9479196974105324,0.969626168224299,0.32466708941027267,
SH3PXD2A,0.6559139784946236,0.8085106382978723,,0.6446540880503144,0.7272727272727273,0.5668016194331984,0.7106382978723405,
SH3RF1,,0.8409090909090909,,,0.8878648233486943,,,
SH3TC2,,0.4827586206896552,,,0.4617996604414261,,,
SHANK1,0.5815085158150851,,0.6906474820143885,0.6844919786096256,,,,0.6983240223463687
SHANK2,0.6238053866203301,0.19672131147540983,0.40540540540540543,,0.4504830917874396,,0.4740673339399454,0.6901408450704225
SHB,,0.3333333333333333,,,,,,
SHC2,,,,0.9645669291338582,,,,
SHC3,,,0.7880184331797235,0.8135775862068966,0.7476442873969376,0.7419753086419754,,0.7301092043681747
SHF,,,,,0.7632450331125827,,0.8002773925104022,
SHFL,0.8752969121140143,,0.9183673469387755,0.8944281524926686,,,0.9487179487179487,
SHISA4,0.05982905982905983,,,,,0.0807061790668348,,
SHISA6,,,,0.8674698795180723,,,,
SHISA9,,,0.6545454545454545,0.8501742160278746,0.7892824704813806,0.8134715025906736,0.8079681274900399,
SHOC2,,,,,,,0.5660948536831484,
SHPRH,,0.7446808510638298,,0.8252427184466019,,,,
SHROOM1,,,,0.2894736842105263,0.315058986814712,0.37735849056603776,,
SHROOM2,0.8923418423973363,,,0.8042704626334519,0.8336776859504132,0.7892156862745098,0.8389261744966443,
SHROOM3,,,,0.14893617021276595,,0.2711864406779661,0.22485207100591717,
SHROOM4,,0.09821428571428571,,,0.9152215799614644,,,
SHTN1,0.795774647887324,0.465565379246161,0.8797595190380761,0.7788554801163918,0.7460042012969221,0.6591500433651344,0.7315780475294922,0.9649923896499238
SIAE,,,,,0.957259585166562,,,
SIAH1,,0.8623853211009175,,0.8495934959349594,,,,
SIAH2,,0.9299363057324841,,,,,,
SIDT2,,,,,,0.93125,,
SIK2,0.8528974739970282,0.7863247863247863,0.8344594594594594,0.9621212121212122,0.9709645669291339,0.9528985507246377,0.9236641221374046,0.8760330578512396
SIK3,0.9342960288808664,0.9536784741144414,,0.9739413680781759,0.9149389653167991,0.9685863874345549,0.9663644340450425,
SIKE1,0.7553191489361702,,,0.704,0.7149059334298119,,,
SILC1,,0.6677018633540373,0.783625730994152,,0.7946428571428571,0.12745098039215685,0.9271417133706965,0.6530612244897959
SIN3A,0.26843657817109146,,,,0.18297331639135958,,,
SIN3B,,,,0.979002624671916,0.9887595343235648,,,
SIPA1L1,0.7316,0.5263157894736842,0.9702194357366771,0.8405466970387244,0.9647286821705426,0.9618528610354223,0.9780385078219013,0.7701949860724234
SIRPA,0.8875705115736238,0.9106145251396648,0.8952336007550732,0.8844850948509485,0.8696205215179139,0.322884012539185,0.8839224180368219,0.859781121751026
SIRT1,,,,,0.844700944386149,,,
SIRT3,0.23782771535580524,0.5714285714285714,,0.2323943661971831,0.47373358348968103,0.3854748603351955,,0.4132231404958678
SIRT5,0.612565445026178,,,,0.3710217755443886,0.48760330578512395,0.7166666666666667,
SIRT7,0.31917336394948337,0.4472049689440994,0.32978723404255317,0.344559585492228,0.31182266009852216,0.27598566308243727,0.27154370737755734,0.2420091324200913
SIX3-AS1,,,0.59375,,,,,
SKA2,,,0.49777777777777776,,,,0.6857451403887689,
SKAP2,0.6515609264853978,0.625,,0.8896103896103896,0.7489438744719372,,,
SKI,,,0.8571428571428571,,,,,
SKIC3,,,,,,0.9494949494949495,,
SKIC8,0.03997501561524047,,,,,0.975,,
SKIL,,,,,0.9349670122525919,0.782608695652174,,
SKP1,0.6834671678341592,0.8181818181818182,0.015131136516476126,0.4248536109303839,0.7525287584291948,0.8878868258178603,0.023382867132867132,0.05070302513847465
SKP2,,,,0.1978021978021978,,,,
SLAIN1,,0.975298126064736,,,,,,0.9587912087912088
SLAIN2,0.7219251336898396,,0.4605263157894737,0.4152823920265781,0.4075993091537133,0.912,,
SLBP,,,,,,,0.9900677200902934,
SLC11A1,,0.49122807017543857,,,0.6459627329192547,,,
SLC11A2,0.085383502170767,0.18333333333333332,,,0.14928698752228164,0.8390804597701149,0.11291291291291292,
SLC12A2,0.9361207897793263,0.9002932551319648,0.9139194139194139,,0.8846058808994317,0.8661567877629063,0.8219017926734217,
SLC12A2-DT,0.9135135135135135,,0.5733333333333334,0.5039370078740157,0.7562604340567612,0.7023809523809523,0.7944325481798715,0.4473684210526316
SLC12A5,0.9047267355982275,0.7654867256637168,0.8933901918976546,,0.9496148503598939,0.9242902208201893,0.9285268024490816,0.8524762908324552
SLC12A6,,,,,0.9604743083003953,0.8578431372549019,,
SLC12A8,0.7276507276507277,,,,,,,
SLC13A3,,,,,0.4796573875802998,,0.59,
SLC14A1,,0.46842105263157896,0.6730158730158731,0.6791666666666667,0.8128374325134973,,0.846441947565543,0.7030567685589519
SLC15A2,0.738562091503268,,0.5384615384615384,0.288135593220339,,0.872,0.8096774193548387,
SLC15A4,,,,,,,0.959866220735786,
SLC16A1,0.14135021097046413,,,,0.1537842190016103,,,
SLC17A5,,,,,0.7111111111111111,,,
SLC17A7,0.9809893500547427,,,0.9899273237281653,0.997067868125581,0.9806403574087863,0.9729787690328114,
SLC19A1,0.20297029702970298,,,0.5,0.20760233918128654,,0.3987341772151899,0.2909090909090909
SLC1A1,,,0.9146341463414634,,,,0.9783869267264101,
SLC1A2,0.9333087693441415,0.9570469798657718,0.948394081559004,0.9414510536142972,0.996782709123907,0.8966431095406361,0.9611386026240523,0.9615001659475606
SLC1A3,0.9400650781988034,,0.967644084934277,0.9656862745098039,0.9624814688105827,0.9245345744680851,,0.9929832503395202
SLC1A4,0.8222857142857143,0.5632183908045977,0.4807692307692308,0.5482142857142858,0.7965217391304348,0.4651741293532338,0.8366710013003901,0.8465608465608465
SLC1A6,,,,,,0.4036144578313253,0.4388133498145859,
SLC20A1-DT,,,,,0.15625,,,
SLC20A2,0.9368070953436807,0.7,0.8739255014326648,0.8820638820638821,0.8090909090909091,0.9410029498525073,0.9538389072067829,0.8165137614678899
SLC22A15,,0.7551020408163265,0.7070707070707071,0.20618556701030927,0.8975741239892183,,,
SLC22A17,,,,,,0.9967291757522896,,
SLC22A23,0.9393939393939394,0.8051282051282052,0.8828451882845189,0.5170731707317073,0.6001003512293026,0.906832298136646,,
SLC23A2,,,,0.917960088691796,,,0.9719188767550702,
SLC24A2,0.9832674170976574,0.9238302502720348,0.8699878493317132,0.9484126984126984,0.9261036468330134,0.9383730484798686,0.9016730261226886,0.7763975155279503
SLC24A4,,,,,0.8070175438596491,,,
SLC25A11,0.9755445166220864,,,,,,,
SLC25A12,0.46771037181996084,0.36666666666666664,,0.39918809201623817,0.9910361191668864,0.37142857142857144,0.9716791979949875,0.39487179487179486
SLC25A13,,0.7706422018348624,,,,,,
SLC25A16,,,,,,0.8432835820895522,,
SLC25A17,,,,0.9183673469387755,,,,
SLC25A23,0.9798234552332913,0.016778523489932886,0.983756345177665,,0.11638591117917305,0.097581317764804,0.08266051518646675,0.9809885931558935
SLC25A24,,,,,,0.7916666666666666,,
SLC25A26,0.12012012012012012,,0.1402439024390244,0.16666666666666666,0.1287375415282392,0.1541501976284585,0.11695137976346912,0.12
SLC25A27,0.46153846153846156,0.5853658536585366,0.9130434782608695,,,0.47058823529411764,,
SLC25A3,0.10476629058254662,0.651685393258427,0.504739336492891,0.9666666666666667,0.7824307534897318,0.11257162116616111,0.10375169212918198,0.18824609733700642
SLC25A32,0.548,,,0.551219512195122,,,,
SLC25A33,,,,,0.06887532693984307,0.07924528301886792,,
SLC25A36,0.8701633705932932,0.7963800904977375,0.9482758620689655,0.9327731092436975,0.9762093576526566,0.917098445595855,0.9142776043145047,
SLC25A37,0.47005988023952094,0.17105263157894737,0.6268656716417911,0.5,,0.3880597014925373,0.7638603696098563,
SLC25A4,0.13757981149285498,0.09219858156028368,0.10993485342019543,0.13470205307961944,0.18438556318831098,0.11409090909090909,0.14634428505321612,0.11726384364820847
SLC25A40,0.19765739385065886,,0.2518518518518518,,0.1879652605459057,,0.22634069400630916,
SLC25A46,,0.8536585365853658,,0.8761904761904762,,,,
SLC25A5,0.9276139410187667,,,,,,,
SLC25A51,,0.13559322033898305,,,0.9422053231939164,0.8847926267281107,,
SLC25A53,,,,0.25,,,0.8897849462365591,
SLC25A6,0.9287054409005628,,,,,,,
SLC26A4,,,,,0.7595628415300546,,0.6160714285714286,
SLC26A4-AS1,0.8440779610194903,,0.7564575645756457,0.8926553672316384,0.7940836607349203,0.7207207207207207,0.5442554668517876,
SLC27A3,,,,,,,0.827354260089686,
SLC27A4,,,,,,,0.9622747747747747,
SLC27A5,0.0898972602739726,,,,0.029565868263473054,0.11914893617021277,,0.06937799043062201
SLC2A1,,,0.9673469387755103,,,,,
SLC2A11,,0.25925925925925924,0.7898089171974523,0.7911392405063291,0.7328959700093721,0.7467532467532467,0.8801498127340824,
SLC2A12,,,,,0.6322869955156951,,0.2838709677419355,
SLC2A13,,,0.9582417582417583,0.9706214689265537,0.9697355845810768,0.9263322884012539,0.9694458829621958,0.9671361502347418
SLC2A3,0.9277620396600567,0.7604166666666666,0.959758551307847,0.8450292397660819,0.8045047646549235,0.957968476357268,,
SLC2A8,0.12424849699398798,,,,,,0.13376623376623376,
SLC30A1,,,0.8151815181518152,,,0.8871595330739299,,
SLC30A10,,,,,0.832807570977918,0.8115942028985508,,
SLC30A3,0.26240208877284593,,0.20774647887323944,,0.23644166991806476,0.2655367231638418,0.23829548640313988,
SLC30A5,,0.5,0.7637795275590551,0.2318840579710145,0.8404746209624259,0.6894409937888198,,
SLC30A6,,,,0.8837209302325582,,,,
SLC30A7,,,0.7358490566037735,,0.7859078590785907,0.4492753623188406,0.8820346320346321,
SLC30A9,0.9298162976919454,0.9251700680272109,,0.9145299145299145,0.8910558170813719,0.9559118236472945,0.9783071033602723,
SLC31A1,0.47577092511013214,0.5116279069767442,,,0.6876832844574781,,0.572139303482587,
SLC33A1,,0.4594594594594595,0.6904761904761905,,0.7123473541383989,0.5277777777777778,0.7967914438502673,
SLC35A2,,0.6081081081081081,,,0.260233918128655,,0.11970802919708029,
SLC35A3,,,,0.6027397260273972,,,,
SLC35A5,,,,,0.021312021312021312,,,
SLC35B4,,,0.8761467889908257,0.9491525423728814,0.9578082191780822,,0.9751732101616628,
SLC35C1,,,,,0.686046511627907,0.6511627906976745,,
SLC35C2,0.8653465346534653,,,0.9082125603864735,0.9328703703703703,,,
SLC35D2,,,0.6712328767123288,,0.8653465346534653,,,
SLC35E1,0.6068965517241379,0.3902439024390244,0.6264367816091954,,0.5305810397553516,0.8483606557377049,0.9279493269992082,0.7040816326530612
SLC35E2B,,,,,0.9677228309150133,,,
SLC35E3,,,,,0.3155216284987277,,,
SLC35F1,,,,0.9440677966101695,0.9412084921066957,,,
SLC35F3,,,,,,,,0.863013698630137
SLC35F5,0.775974025974026,,0.6689655172413793,,0.7090163934426229,0.7156862745098039,,0.625
SLC35F6,,,,,0.9163701067615658,0.859375,,
SLC35G2,,,,0.8947368421052632,,,,
SLC36A1,,,,,0.9434628975265018,,,
SLC36A4,0.8309859154929577,0.40397350993377484,,,0.09050966608084358,0.37089201877934275,,
SLC38A1,,0.9481865284974094,,0.9815043156596794,0.8983050847457628,,,0.7654986522911051
SLC38A10,,,,,0.9373219373219374,,,
SLC38A11,,,,,,0.6304347826086957,0.696969696969697,
SLC38A2,,,,0.9916666666666667,0.9490806223479491,,,
SLC38A7,,,,,,0.8585858585858586,,
SLC39A10,0.9524361948955916,0.8063241106719368,0.9237611181702668,0.9581005586592178,0.8243524033799695,0.9306846999154691,0.9549190855381454,0.9166666666666666
SLC39A11,,0.8878504672897196,,,,,,
SLC39A13,,,,,0.8818297331639136,0.8475609756097561,,
SLC39A3,0.8545688545688546,,,0.8127090301003345,0.8592195868400918,0.8354978354978355,,
SLC39A6,0.9266503667481663,0.875,0.8571428571428571,,0.9332393041842971,,0.9573019801980198,
SLC41A2,0.7003484320557491,,,0.819672131147541,0.7660098522167488,,0.9704749679075738,
SLC43A2,,0.2926829268292683,0.20093457943925233,0.2271186440677966,0.3944723618090452,0.24904214559386972,0.2707024557395774,
SLC44A1,0.9145251396648044,0.8452508004268944,0.847571189279732,0.8211382113821138,0.7473547267996531,0.7765793528505393,0.8111475409836065,0.6737804878048781
SLC44A2,0.9288417865253595,,,,0.8705170004657662,,,
SLC45A3,,,,,0.9556313993174061,,,
SLC45A4,,,,,0.8563084112149533,0.6528925619834711,0.7422885572139304,
SLC46A1,0.48507462686567165,,,,0.7569444444444444,,,
SLC46A3,,,,,,0.8,,
SLC48A1,0.20941828254847644,0.20087976539589442,0.26418988648090813,0.25448430493273544,0.18271954674220964,0.9775280898876404,0.19041394335511982,0.22823984526112184
SLC4A10,0.9542639352072415,0.6038961038961039,0.9012605042016807,0.8639798488664987,0.9282679330167458,0.8411819021237303,0.9905494505494505,0.8391812865497076
SLC4A1AP,,,,,0.9285714285714286,0.8733850129198967,,0.6790123456790124
SLC4A4,,0.48366013071895425,0.930379746835443,,,0.7066929133858267,0.8644617380025941,0.8897849462365591
SLC4A7,0.7170731707317073,,,0.3259668508287293,0.7596899224806202,0.7922077922077922,,
SLC4A8,,,0.8677966101694915,,0.9698952879581152,0.8019169329073482,0.923668470521219,
SLC5A11,,0.7142857142857143,,,0.9796696315120712,,,
SLC5A3,,,,,0.8642560758743332,,,
SLC66A2,0.9111483654652137,0.8785046728971962,,,0.8914457228614308,0.8760683760683761,,
SLC6A1,,,,0.9656019656019657,,0.9543109801031687,,0.9488054607508533
SLC6A11,,,,0.7549019607843137,,0.7906976744186046,,
SLC6A12,,0.7171052631578947,,,0.62778730703259,,,
SLC6A13,,,,,0.6583850931677019,,,
SLC6A15,,,0.6822033898305084,0.6506024096385542,0.9569433669511249,0.47761194029850745,,
SLC6A17,0.9570860927152318,,0.9227323628219485,0.94018296973962,0.8990756461045086,0.9359205776173285,0.9376,
SLC6A8,,0.8534704370179949,0.8135593220338984,,0.8155795401220084,0.8366197183098592,,
SLC7A11,,,,,,,,0.5333333333333333
SLC7A14,,,,,0.9337160751565762,,0.9300177619893428,
SLC7A14-AS1,,0.8194444444444444,0.8292682926829268,,0.9082872928176795,,,0.40425531914893614
SLC7A2,,,,,0.7870662460567823,,,0.8431372549019608
SLC7A5,,0.9056603773584906,,0.9672897196261683,,0.9523809523809523,0.9565217391304348,
SLC7A6OS,0.5620915032679739,,0.5147058823529411,,0.6446469248291572,,,
SLC8A1,0.8279830405814658,0.5633333333333334,0.8440514469453376,0.5846153846153846,0.643801652892562,0.465818759936407,0.8396022481625595,0.6733576642335767
SLC8A2,0.37177650429799425,,0.41829085457271364,0.42143727161997563,0.40164254986312087,0.9833333333333333,0.5212392206962632,0.42280285035629456
SLC9A6,,,,0.9871007371007371,0.9920561610936635,,0.9817845013893177,
SLC9A8,,,0.5740740740740741,0.6,0.5070028011204482,,,
SLC9B2,0.22568093385214008,,,,0.2931726907630522,0.23809523809523808,,
SLCO1A2,,0.6631989596879063,0.944206008583691,,0.9056029232643118,0.776,,
SLCO1C1,,,,,,,,0.8571428571428571
SLCO3A1,,0.75,0.658008658008658,0.8648648648648649,0.7333979641299079,,0.8721227621483376,
SLCO4A1,,,,,0.12837837837837837,,,0.14457831325301204
SLF1,0.5244498777506112,,,0.7857142857142857,0.24180327868852458,0.15,,
SLF2,0.9213836477987422,0.8394160583941606,,0.8363636363636363,0.8007662835249042,0.8211382113821138,0.8795871559633027,
SLIRP,,,,0.20892125625853436,0.9787063077541182,0.24775179856115107,,
SLIT1,0.8937621832358674,,,0.9060402684563759,0.9909310761789601,,0.8864696734059098,
SLIT3,,,,,0.40619307832422585,,0.5162213740458015,
SLITRK1,0.7228739002932552,0.6238532110091743,,0.6322751322751323,0.9307923771313942,0.6554621848739496,0.7217090069284064,0.7468354430379747
SLITRK2,0.31901840490797545,,,0.3654390934844193,0.2955801104972376,0.9501915708812261,,
SLITRK3,,,,0.8698224852071006,,,,
SLITRK4,0.6042944785276073,0.10795454545454546,0.20689655172413793,0.3471264367816092,0.5037974683544304,0.3748148148148148,0.3456497997815799,
SLITRK5,,0.7424242424242424,,0.3075221238938053,0.20433255269320844,0.3074866310160428,0.24238227146814403,0.518348623853211
SLK,0.9127686472819216,0.6782608695652174,0.766798418972332,0.9492753623188406,0.8723192019950124,0.7272727272727273,0.8487903225806451,0.8343558282208589
SLMAP,0.7268602540834845,0.45454545454545453,0.20958083832335328,0.4182776801405975,0.6242038216560509,0.5122615803814714,0.9532093581283744,0.36619718309859156
SLTM,0.5710738671632526,0.3410071942446043,,0.4314159292035398,0.6047269763651182,0.4046094750320102,,0.24424778761061947
SLU7,0.7823890292313245,0.6491935483870968,0.9256756756756757,0.8520286396181385,0.8849800399201597,0.7875862068965517,0.9235949235949236,0.8
SLX1B,,,,,0.35313807531380753,,,
SMAD1,,,,0.7758620689655172,0.9506279774794283,,,
SMAD2,0.30060120240480964,0.49710982658959535,0.4021164021164021,0.25142857142857145,0.20787657328461226,0.18211920529801323,,0.38235294117647056
SMAD3,0.7274401473296501,,0.8055555555555556,,0.8657074340527577,0.729064039408867,,
SMAD4,0.524609843937575,0.9056603773584906,0.565,,0.41386782231852653,0.46774193548387094,0.6604696673189824,0.5991561181434599
SMAD5,0.5159680638722555,,0.6882352941176471,0.07751937984496124,0.8016157989228008,,,
SMAD9,,0.7727272727272727,,,,,,
SMAP1,0.957166392092257,0.68,0.5304568527918782,0.9798319327731092,0.9641517298874531,0.9525691699604744,,0.8208092485549133
SMAP2,,0.8926174496644296,0.9630252100840336,,0.9778263585259213,0.9770378874856487,,
SMARCA1,,,,0.8989071038251366,0.9412568306010929,,,
SMARCA2,,0.9081632653061225,0.975177304964539,0.9387590652699436,0.9827763496143959,0.9398186314921682,0.9421458625525947,0.9648351648351648
SMARCA4,,,0.8690476190476191,,,0.868663594470046,,
SMARCA5,0.8315565031982942,0.49713740458015265,0.5267175572519084,0.21209166260360798,0.3203236033672242,0.4125,0.6812481773111695,0.2571428571428571
SMARCAD1,0.6022222222222222,,,0.6538461538461539,0.6725219573400251,,0.9679037111334002,
SMARCC1,0.3065825067628494,0.310515873015873,0.42857142857142855,0.2794561933534743,0.37376460017969454,0.7222222222222222,0.5103969754253308,0.32473444613050073
SMARCC2,0.7073170731707317,0.9407114624505929,0.7651006711409396,0.9592169657422512,0.9732065687121867,0.9750889679715302,0.7036532170119957,0.9507494646680942
SMARCE1,0.7296248382923674,0.7262569832402235,0.16483516483516483,0.16770186335403728,0.773117254528122,0.8375796178343949,0.96801872074883,
SMC1A,0.3548387096774194,0.7740384615384616,,,0.18948322756119673,0.4307692307692308,0.22438162544169613,
SMC2,,,,0.375,0.7428115015974441,,,
SMC3,0.7969052224371374,,0.8407960199004975,,0.792402354200107,0.6866197183098591,0.09090909090909091,
SMC5,0.8514285714285714,,,,0.9295774647887324,,,
SMC6,,,,,0.8937093275488069,0.5955056179775281,,
SMCHD1,,0.3838383838383838,,0.5568862275449101,0.5726970033296337,0.87,0.9609856262833676,0.5166666666666667
SMDT1,0.5738453554748314,,0.05429864253393665,0.06305578011317704,0.06557377049180328,0.6712823600240819,0.08770108977685522,
SMG5,,,,0.9539473684210527,,,,
SMG6,0.7995049504950495,,,,,,,0.8650306748466258
SMG9,,,,,0.03867791842475387,,,
SMIM10L1,0.12462372065021071,0.3862433862433862,,,0.10167224080267559,0.14617169373549885,0.181850918257112,
SMIM10L2A,0.30987202925045704,,,,0.3126670229823624,0.3263888888888889,,0.22761194029850745
SMIM11,0.3491671807526218,,,0.35051546391752575,0.3365983971504898,0.4523809523809524,0.48959537572254336,0.2079646017699115
SMIM12,0.024927536231884057,,,0.02111324376199616,0.05551086082059534,0.02534562211981567,0.025768394908413535,
SMIM14,0.5916429249762583,,,0.6437994722955145,0.6827210884353742,0.7064989517819706,0.6169886537871818,0.849624060150376
SMIM15,,,,0.9207920792079208,0.8639240506329114,,,
SMIM19,0.03970880211780278,,0.1339712918660287,0.05947955390334572,0.16846846846846847,0.16382252559726962,,
SMIM27,,,,,0.03359173126614987,,,
SMIM39,,,,,,,0.9928071171682756,
SMIM43,0.9784860557768924,,,,,,,
SMIM7,0.5303584491587418,0.28431372549019607,,0.5103734439834025,0.5856651939126166,0.2955145118733509,0.4277692700357325,
SMIM8,0.395985401459854,,,0.3493975903614458,0.5983606557377049,,,
SMNDC1,,0.8872180451127819,,0.8958333333333334,,0.8164556962025317,,
SMOC1,,,,,0.9162121963311849,,,
SMPD1,,,,,,,0.9781704781704782,
SMPX,0.9106529209621993,,,,,,,
SMS,,0.9173553719008265,0.9470198675496688,,0.9759951382558493,,,
SMU1,,,,0.2907801418439716,0.7509792949076665,0.5,0.35255198487712663,0.42857142857142855
SMUG1,,,0.088,0.11320754716981132,0.13606194690265486,0.13157894736842105,0.048302872062663184,
SMURF1,0.7480916030534351,,,0.8333333333333334,0.8593615185504746,,,
SMURF2,,0.6666666666666666,,0.6836734693877551,,,,
SMYD3,,,0.5686274509803921,0.7181818181818181,0.9093406593406593,0.844,0.9195402298850575,0.42718446601941745
SNAI3-AS1,0.7623188405797101,,,0.8913043478260869,0.8403141361256544,0.8055555555555556,,
SNAP23,,,,,,,,0.11475409836065574
SNAP25,0.9646553983228512,0.9654972455784285,0.9875508130081301,0.9874926427310182,0.998245266464778,0.9939388154440891,0.9518543395864318,0.9883758826724606
SNAP29,0.8072289156626506,,0.7744360902255639,0.23557692307692307,0.5565912117177098,,,
SNAP47,,,,0.9708171206225681,,,0.9860069965017492,
SNAP91,,,,,0.9920925464928979,0.9282894736842106,,
SNAPC3,0.6539130434782608,,,0.6100917431192661,0.6189339697692919,0.7094594594594594,0.49390243902439024,
SNCA,0.46107784431137727,0.42782152230971127,0.46987951807228917,0.9665718349928877,0.5034167136856623,0.44256348246674726,0.4425962445339964,0.42811244979919677
SND1,,,,0.9764957264957265,,0.9066666666666666,0.9749872383869321,0.8222222222222222
SNED1,,,,0.7083333333333334,0.6767676767676768,0.5,0.762402088772846,
SNHG10,,,,0.18309859154929578,,,,
SNHG14,0.30257510729613735,0.4989106753812636,0.5777014127529592,0.6525237746891002,0.836013264093099,0.29182476716109,0.2722198883754426,0.7159420289855073
SNHG16,0.387459807073955,0.4065040650406504,0.5524475524475524,0.5163934426229508,0.5118733509234829,0.5135135135135135,0.5805168986083499,
SNHG29,,0.04293193717277487,,,0.009807767752059632,,0.015409352807182098,
SNHG32,,,,0.6158357771260997,,,,
SNHG5,0.13311819281968534,0.05236593059936909,0.14454976303317535,0.35359116022099446,0.5098984771573604,,0.3453815261044177,
SNHG6,,0.5376237623762377,,,,,,
SNIP1,0.4178082191780822,,0.6,,,0.8148148148148148,0.6384297520661157,
SNN,0.6636215996751929,0.7128712871287128,0.7320044296788483,0.8973105134474327,0.7678672449556855,0.8842696629213483,0.7309638249430812,0.6513222331047992
SNORC,0.7355543987506507,0.8181818181818182,0.8445273631840796,0.4447592067988669,0.6538214515093128,0.08636977058029689,0.6461611826418694,0.2413793103448276
SNPH,0.9764930114358322,,,,0.9640994169990794,0.9352941176470588,0.949271451699946,
SNRK,,,,,,,0.9638613861386138,
SNRNP200,,0.14285714285714285,,,,0.20098039215686275,,
SNRNP27,,0.5945945945945946,0.5990220048899756,,,,,
SNRNP35,,0.10784313725490197,,,,,,0.1650485436893204
SNRNP48,,0.6774193548387096,,,0.8378378378378378,,,
SNRNP70,,,,,,,,0.9292452830188679
SNRPB2,0.603257328990228,0.52046783625731,,,0.8741362290227048,0.8591269841269841,0.8419851682829436,
SNRPD1,,,,0.3067484662576687,0.44430590191188696,0.3469387755102041,0.12414733969986358,0.23622047244094488
SNRPD2,,,,,,,0.6532490974729241,
SNRPD3,0.3776630083925113,0.36607142857142855,0.5778364116094987,0.540650406504065,0.5522135856708348,0.5306930693069307,0.5,0.5642857142857143
SNRPE,,,,,0.05595315549772284,,,
SNRPF,,,,,0.08231884057971015,,,
SNRPN,,,,,0.9948539537580633,,,
SNTB2,,0.6582278481012658,,0.8305084745762712,,0.8285714285714286,,
SNTG1,,,0.43902439024390244,0.7254901960784313,0.7433090024330901,0.6857142857142857,0.7396449704142012,
SNU13,0.6411541381928626,,0.6563467492260062,0.7230619210141395,0.6881818181818182,0.7206812652068126,0.7361360515474807,
SNUPN,,,,0.9148936170212766,,,,
SNURF,,,,,0.9156833824975418,0.8661417322834646,0.7530810810810811,
SNW1,0.707742639040349,0.6387096774193548,0.8615384615384616,,0.9148657498362803,0.9033816425120773,,
SNX1,0.4479768786127168,0.37433155080213903,,0.4966216216216216,,0.4930232558139535,,0.4911242603550296
SNX10,0.8500768836494106,,0.8676122931442081,,,0.8337378640776699,0.912452741020794,0.8748221906116643
SNX12,,0.1366906474820144,,,,,,
SNX13,0.8134110787172012,,0.8636363636363636,,0.8998493975903614,0.9365079365079365,0.9428904428904429,
SNX14,0.9367660343270099,,,,0.9266994266994267,0.9137055837563451,0.70703125,
SNX16,0.75625,,,,0.8641509433962264,0.7735849056603774,,
SNX18,0.8914027149321267,0.15454545454545454,0.85,,,,0.3492407809110629,
SNX19,0.7349726775956285,0.8181818181818182,0.8,0.7739130434782608,0.7951918631530283,0.7619047619047619,0.6716681376875552,0.7285714285714285
SNX2,0.9602577873254565,,,0.8584070796460177,,0.8470588235294118,,
SNX21,0.14573991031390135,,,0.7105263157894737,0.2918807810894142,0.2468354430379747,,
SNX22,0.6422018348623854,,,,0.8949771689497716,,,
SNX24,0.8383233532934131,,,,,,,
SNX27,,,0.9407407407407408,,,,,
SNX3,,,,0.9763157894736842,0.9773813902169916,,,0.9828536436007348
SNX32,0.10648148148148148,,,,0.14535666218034993,0.0990990990990991,0.1444805194805195,
SNX33,0.36645962732919257,,,,0.46616541353383456,,,
SNX5,0.8186666666666667,,0.7957957957957958,0.8233830845771144,,0.723404255319149,0.8401015228426396,0.851145038167939
SNX6,0.7747105966162066,0.7400881057268722,0.3610223642172524,0.8390243902439024,0.6736501447794243,0.8746355685131195,0.8653185806943915,0.9039301310043668
SNX8,,,,,0.6734279918864098,0.6851851851851852,,
SNX9,,0.922077922077922,0.90234375,0.8840579710144928,0.8982324584895555,,,0.8674698795180723
SOAT1,,,,0.7685185185185185,,0.5909090909090909,0.7667910447761194,
SOBP,0.9755650580329872,0.2724014336917563,0.8992805755395683,0.9773413897280967,0.3716287215411559,0.3263157894736842,0.9575657894736842,0.24528301886792453
SOCS4,0.5961070559610706,,,,,,,
SOCS5,0.9174078780177891,,0.8497652582159625,0.10526315789473684,0.07828377869777944,0.902127659574468,0.04072398190045249,
SOCS6,,,0.7857142857142857,,0.8290422245108136,0.7884615384615384,,
SOD1,0.665915795119335,,0.7632482826300294,,,,,
SOD2,0.9684477199447259,0.9186535764375876,,0.9827890556045896,0.9499934546406598,0.9473386183465459,0.9899691358024691,0.9668737060041408
SOGA1,,,,,0.9810357403355215,,,
SOGA3,,,,,0.7311827956989247,,,
SON,0.7478016180091452,0.9315789473684211,0.7560321715817694,,0.7642907551164432,0.5865695792880259,0.8231264272368695,0.5112179487179487
SORBS1,0.9208356239692138,0.8547794117647058,0.958041958041958,0.962874251497006,0.9671174754706974,0.9701986754966887,0.983983286908078,
SORBS2,0.9556521739130435,0.7549019607843137,0.8984375,0.8461538461538461,0.9702750665483585,0.8927789934354485,0.9602272727272727,
SORD,,0.3617021276595745,,,0.3054298642533937,,,
SORD2P,0.8,,,,,,,
SORL1,0.9860368389780154,0.9369369369369369,0.9792438843587843,0.9894428152492669,0.9892433910665451,,,0.9694002447980417
SORT1,0.9810874704491725,0.9433471933471933,0.9236912156166814,0.949293734154292,0.9447669596948084,0.9873328641801549,0.9183510638297873,0.9909762100082035
SOS1,0.8726415094339622,0.8598130841121495,,0.7028571428571428,0.9537313432835821,0.6370370370370371,,
SOS2,0.847972972972973,0.8368794326241135,,,0.8753056234718827,,0.9726141078838174,
SOWAHA,0.8865740740740741,,,,,,,
SOX10,,0.06513409961685823,0.09619238476953908,0.1414141414141414,0.13879210220673635,,,
SOX12,,,,,0.21052631578947367,0.2073170731707317,,
SOX2,0.6551590380139644,0.559040590405904,0.7694704049844237,0.7653194263363755,0.4920136908157444,,,0.6648793565683646
SOX2-OT,0.5702457956015524,0.9250645994832042,0.5684210526315789,0.5253980288097043,0.6144650328750747,0.46526449968132566,0.5417943716912789,
SOX5,,,,,,0.911504424778761,0.6907020872865275,
SOX6,0.6368563685636857,,,,,0.8604651162790697,,0.56
SOX9,,0.8069164265129684,,,,0.7203579418344519,,0.9856957087126138
SP3,0.0935672514619883,,0.8917525773195877,,,0.8078817733990148,,0.8492063492063492
SPACA9,,,,,0.807909604519774,0.69,0.8690476190476191,
SPAG16,0.5133948177426438,0.43617021276595747,,0.9112903225806451,0.11578341013824885,,,
SPAG9,0.8606723369785338,0.6856677524429967,0.7429906542056075,0.8004338394793926,0.7906685734715767,0.8208333333333333,0.8326099264012078,0.7596153846153846
SPARC,0.9696132596685083,0.28303108808290156,0.9737954353338969,0.42025316455696204,0.32581036049681916,0.3957845433255269,0.41424802110817943,0.4107142857142857
SPARCL1,0.5759795220567627,0.46125373134328357,0.7959718871289206,0.6784857164976388,0.5649847783402085,0.5982514436880988,0.6286872951502694,0.7087797512044294
SPART,0.9631083202511774,0.22302158273381295,,0.189792663476874,0.22533704258506312,0.1756198347107438,0.18683651804670912,0.9377049180327869
SPAST,,0.8688524590163934,,,0.9726134585289515,,0.8775862068965518,0.9009009009009009
SPATA13,,,,,0.682230869001297,,,
SPATA2,0.6682134570765661,0.3619047619047619,0.5869565217391305,0.6004901960784313,0.6397875422501207,0.6594982078853047,0.6935403104656985,0.5857740585774058
SPATA33,0.31835205992509363,,0.65,,0.519927536231884,0.7575757575757576,0.45228215767634855,
SPATA6,,,,,0.88,,,
SPATA7,0.6991269308260577,0.2847222222222222,0.7722772277227723,0.8660714285714286,0.17421602787456447,0.6556016597510373,0.4271356783919598,
SPATS2,0.7635327635327636,,,0.726643598615917,0.8152866242038217,0.9409090909090909,0.7695810564663024,
SPATS2L,,,0.9666666666666667,,,0.8782608695652174,,
SPCS1,,0.07792207792207792,,,0.01780185758513932,0.038461538461538464,0.027783027783027783,
SPCS2,,,,0.7752707581227437,0.009347250350521889,,0.8472368884195706,0.8154180238870793
SPCS3,0.933375235700817,0.9180327868852459,,0.9739583333333334,0.9035804020100503,0.9613152804642167,0.8918772072806302,
SPDL1,,,,,,0.6666666666666666,0.7329192546583851,
SPECC1L,,0.1702127659574468,,,0.12303980699638119,0.4777777777777778,0.1684100418410042,
SPEF2,,,,,0.9768283852280956,,,
SPEG,0.3032069970845481,,,0.3184713375796178,0.3519108280254777,0.3310344827586207,0.3095623987034036,0.5789473684210527
SPEN,,,,,0.8945005611672279,,,
SPG11,,,0.9215686274509803,,,,,
SPG7,,0.8543689320388349,,,0.9842863378437363,,0.9769452449567724,
SPIDR,,,,,0.9659468438538206,,0.9051418439716312,
SPIN1,0.9877204030226701,,,,,,0.9834765366820886,
SPIN3,0.30392156862745096,,,0.30851063829787234,0.20109689213893966,0.34210526315789475,0.09074733096085409,
SPIRE1,0.8967701076630779,,,0.9711684370257967,0.8879829847571783,0.8817829457364341,,
SPIRE2,0.8578431372549019,,,,,,,
SPOCK1,,0.9298245614035088,0.9680679062247373,0.9769563130100816,0.9790949759119064,0.9893048128342246,0.9864318706697459,0.9585537918871252
SPOCK2,0.8722338204592902,0.8220338983050848,0.9040307101727447,0.944912012241775,0.9718785151856018,0.9163248564397046,0.8560931899641577,0.7811860940695297
SPOCK3,,0.9268887083671812,,,0.9698721317218427,0.9758064516129032,0.9669378115980057,
SPON1,0.9527027027027027,0.20833333333333334,,,0.8689138576779026,0.9004329004329005,,0.8652482269503546
SPOP,0.162748643761302,,,,0.07492654260528893,0.6161971830985915,0.7160906726124118,
SPOUT1,,,,,0.48945147679324896,0.5238095238095238,,
SPP1,,0.9885274241709885,,,,,,
SPPL2A,,,0.9038461538461539,,,0.7697841726618705,,
SPPL2B,,0.4307692307692308,,0.47126436781609193,0.46868091378039795,,,
SPPL3,0.18518518518518517,0.20327868852459016,,0.24812030075187969,0.731575793888556,0.2519230769230769,0.6987759446514104,0.08732394366197183
SPRED1,,0.8,0.5905044510385756,0.6682027649769585,0.6727009413468501,0.9131652661064426,0.744927536231884,0.6342592592592593
SPRED2,0.9431643625192012,,,,0.9355742296918768,,,
SPRING1,0.9154929577464789,,,,0.9177257525083612,0.9163636363636364,0.9331010452961672,0.803921568627451
SPRTN,,,,,0.41414141414141414,,,
SPRYD3,0.9818809318377912,,0.9833948339483395,0.993421052631579,,0.9895324494068388,0.9926888708367181,
SPRYD7,0.5493291239147593,0.452991452991453,0.4778156996587031,0.4372093023255814,0.6067084408403981,0.47058823529411764,0.5457343887423043,
SPTAN1,0.9646793254547869,0.9662261380323054,0.9586859133897462,0.9456840869054609,0.9722902183491628,0.9028591112642095,0.9805780559646539,0.9755434782608695
SPTB,,,,,,,,0.821656050955414
SPTBN1,0.9804741980474198,0.9577287066246056,0.9867659222497932,0.9760229345843107,0.9274680993955675,0.9257460097154754,0.9756894049346879,0.9590163934426229
SPTBN2,,,,0.9691176470588235,0.04435107376283847,,0.08711600183402109,
SPTBN4,,,0.9048672566371682,0.9457831325301205,0.9173758865248227,0.870722433460076,0.9612196566015394,
SPTLC1,0.9261083743842364,,,,0.9698492462311558,,0.9536423841059603,
SPTLC2,,0.9241706161137441,,0.9616519174041298,0.8815468940316687,0.9090909090909091,0.8573345259391771,
SPTSSA,0.37636080870917576,0.24242424242424243,0.3346456692913386,0.41007194244604317,0.36612789880534086,0.3659574468085106,0.3534416086620263,
SPTSSB,,,,,,0.9254658385093167,,
SPTY2D1,,,,0.6172839506172839,0.934228187919463,0.3333333333333333,,
SPX,,0.9490196078431372,,0.10655737704918032,0.046939988116458706,0.9075342465753424,,
SQLE,,,,,,0.8722627737226277,,
SQSTM1,0.9607134793407089,0.9377738825591586,0.026972353337828724,0.971655328798186,0.9755903723887375,0.9617563739376771,0.008886340834169414,0.05192107995846314
SRCIN1,,0.6923076923076923,0.8728414442700158,0.9652650822669104,0.7542342342342342,,0.9452313503305004,0.9159663865546218
SRD5A1,0.2853982300884956,,,0.36075949367088606,0.9360131255127153,,0.3848797250859107,
SREBF1,0.041469194312796206,,,,,,,
SREBF2,0.8881469115191987,0.828125,0.8860435339308579,,0.8728460003627789,0.8785425101214575,,
SREK1,0.6725067385444744,0.5636363636363636,0.3333333333333333,,0.4711417816813049,0.8727272727272727,,
SREK1IP1,0.5093167701863354,0.32653061224489793,,0.6653846153846154,0.6500638569604087,0.3197969543147208,,
SRF,,,,,0.878132118451025,,,
SRFBP1,0.42735042735042733,,,,0.5274725274725275,0.09230769230769231,,
SRGAP2,0.7210440456769984,0.7614678899082569,0.5802469135802469,0.7067901234567902,0.9825436408977556,0.5789473684210527,0.6629143214509068,0.5915492957746479
SRGAP2B,0.7205128205128205,,,0.6626506024096386,0.5805297065139585,0.41739130434782606,,
SRGAP2C,,,,,0.9249823071479123,,,
SRGAP3,,0.8275862068965517,0.8708487084870848,0.9641350210970464,,0.9043715846994536,0.9798151750972762,
SRGN,,0.8717948717948718,,,,,,
SRI,0.8627366143861547,,,,0.52516041877744,0.8454063604240283,,
SRP14,,,,,0.786793294665052,0.7612419700214133,,
SRP19,0.08543793659322944,,,,0.03322259136212625,0.1891348088531187,,
SRP54,,,,,0.9768356643356644,,,
SRP68,,,,0.9577464788732394,,,0.9775891341256366,
SRP72,0.46846089150546677,,,0.3762575452716298,0.9755628775398133,0.9586206896551724,0.8588366061504261,0.477124183006536
SRP9,,,0.9159439626417611,,,0.9004366812227074,0.8561903667088171,
SRPK1,0.772823779193206,0.5384615384615384,,,0.7420494699646644,,0.8046875,
SRPK2,0.8936915887850467,0.3870673952641166,0.09328968903436989,0.4652173913043478,0.7207880434782609,0.2101967799642218,,0.9795501022494888
SRPK3,,0.18316831683168316,0.27631578947368424,,0.15384615384615385,,,
SRPRA,,,,,0.9473361910593999,0.8721311475409836,,
SRPRB,0.8271604938271605,0.782258064516129,0.23671497584541062,0.8017057569296375,0.7068452380952381,0.8660287081339713,0.7630402384500745,0.15950920245398773
SRR,0.6048387096774194,,,0.6823529411764706,,,,
SRRD,0.2971887550200803,0.36363636363636365,,,0.47463002114164904,,0.6861263736263736,
SRRM1,0.8477043673012318,0.6463414634146342,,0.6531914893617021,0.724642614023145,0.8509933774834437,,0.5911330049261084
SRRM2,,0.9485420240137221,0.9773809523809524,0.9435185185185185,,0.946949602122016,0.9523928839889751,0.9778830963665087
SRRM4,,,0.9411764705882353,0.9181818181818182,0.946181445412609,0.9311594202898551,,0.90234375
SRRT,,,,0.9459459459459459,,0.9375,,
SRSF1,0.19462465245597776,0.2765957446808511,,0.22440087145969498,0.30268510984540276,0.14558472553699284,0.9597602739726028,0.2647058823529412
SRSF10,0.3060921248142645,0.6254980079681275,0.32882882882882886,0.5240174672489083,0.5220787023130069,0.43037974683544306,0.6319845857418112,
SRSF11,0.8694789081885856,0.7225244831338411,0.2932551319648094,0.8911174785100286,0.7321524422973699,0.9340511440107672,0.9846297158826269,0.3433874709976798
SRSF12,0.5924932975871313,,,,,,,
SRSF2,0.8942705256940343,0.9471947194719472,,0.9233226837060703,0.9720607957085382,,,
SRSF3,0.7724014336917563,0.9380530973451328,0.3230769230769231,0.8439306358381503,0.3771683462745746,0.3420260782347041,0.8183957219251337,0.26898047722342733
SRSF4,,,0.9435215946843853,0.893569844789357,,0.9291784702549575,0.931665062560154,0.9056603773584906
SRSF5,0.8816444095312909,0.8548387096774194,0.9436936936936937,0.9042179261862917,0.9364069952305246,0.9033018867924528,0.8076036866359447,0.7453027139874739
SRSF6,0.9489194499017681,,0.9289772727272727,0.8590476190476191,0.8507379560011139,0.0694006309148265,0.9818799546998868,
SRSF7,0.5492679066086268,0.44,,0.5438311688311688,0.5556519225209599,0.9765840220385675,0.44030066493206127,0.5
SRSF8,0.48145604395604397,0.542016806722689,0.47291666666666665,,0.37783783783783786,0.5049180327868853,0.4619960343688037,0.5714285714285714
SRSF9,0.9800347222222222,,,,,,,
SSB,0.7240924092409241,0.8577777777777778,0.822265625,0.8582333696837514,0.8832252085264134,0.8863232682060391,0.8668555240793201,
SSBP1,0.3218920765027322,,0.5463414634146342,0.07583774250440917,0.4782258064516129,0.5661434977578476,,
SSBP2,,0.9191176470588235,0.12446351931330472,0.9747474747474747,0.3029861616897305,,,
SSBP3,0.5947492426792326,0.9611307420494699,0.5980392156862745,0.6171079429735234,0.6725550435227855,0.582145536384096,0.6817522483318827,0.9700654817586529
SSH2,0.5844155844155844,0.6535947712418301,,,0.7251512532411409,,,
SSPN,0.7980582524271844,0.9,0.6861924686192469,0.7613636363636364,,0.5945945945945946,,
SSR1,0.8778558875219684,0.9249146757679181,0.6603053435114504,0.49287169042769857,0.830204081632653,0.5824175824175825,0.9139357828533599,0.8678678678678678
SSR3,,0.46886446886446886,,0.6024590163934426,0.32736063708759955,0.9161073825503355,0.8826597131681877,0.5266272189349113
SSRP1,,,,,,0.8619791666666666,,
SSTR2,,0.2982456140350877,0.6344086021505376,,0.39854413102820746,0.6893939393939394,0.639386189258312,0.31010452961672474
SSU72,0.9661556262655482,0.9205955334987593,0.974169741697417,0.9483568075117371,0.9665039555630365,0.9590583418628454,0.9579087284005317,0.9363762102351314
SSX2IP,0.7237026647966339,,0.546485260770975,0.8916666666666667,0.8366294067067928,0.6547169811320754,0.8092672413793104,0.8022727272727272
ST13,0.7713080168776372,0.7462589459986988,0.972972972972973,0.9242579324462641,0.9946351931330472,0.610252808988764,0.6677727084197429,0.5818921668362157
ST18,,0.7964285714285714,0.6783216783216783,,0.8657182512144345,0.7619047619047619,,
ST3GAL1,,,,,0.8184523809523809,,,
ST3GAL2,,,,0.39622641509433965,0.6364764267990074,,,0.2345679012345679
ST3GAL5,0.9575903614457831,,0.9554455445544554,0.9807383627608347,0.9708232025008684,0.9418604651162791,0.9746787603930461,0.8726591760299626
ST3GAL6,,,,,0.14489311163895488,0.3728813559322034,0.2336283185840708,
ST6GALNAC5,,,0.859504132231405,0.9510086455331412,0.3085858585858586,0.9683544303797469,0.8746736292428199,
ST6GALNAC6,0.9392633228840125,0.9290322580645162,0.8805970149253731,0.9338942307692307,0.9288872512896095,,,0.9251412429378532
ST7,,0.7605633802816901,,,,,,
ST7L,,,,,0.121875,,0.4627450980392157,
ST8SIA1,0.565377532228361,0.5142857142857142,0.5365853658536586,0.6707317073170732,0.7119892833221702,0.5963302752293578,,0.7397260273972602
ST8SIA3,0.9371174179187535,,,0.9576547231270358,0.9637863855145542,0.9623865110246433,0.9857042747021724,
ST8SIA5,0.5894897182025894,0.7419354838709677,0.6972477064220184,0.790273556231003,0.7926898914905768,0.7644444444444445,,0.7596899224806202
ST8SIA5-DT,0.56,,,,,,,
STAG1,0.8181818181818182,,,,0.9042792792792793,0.8333333333333334,,
STAG2,0.8902439024390244,0.8267477203647416,0.8267045454545454,0.9342560553633218,0.6518685023883113,,0.9609271523178808,0.7679738562091504
STAG3L4,0.4535211267605634,,,,0.5176991150442478,,0.4893162393162393,
STAM,,,,,0.9361050328227571,,,
STAM2,,,,0.6855670103092784,,,0.7950819672131147,
STAMBP,0.9228723404255319,0.8842105263157894,,,0.8238993710691824,,,
STAMBPL1,0.8818342151675485,,,,0.8900763358778626,,0.9601518026565465,
STARD13,,0.75,0.849624060150376,0.9102564102564102,0.8807069219440353,0.8153846153846154,0.8344246959775491,
STARD3,0.3294701986754967,,0.2222222222222222,0.2591240875912409,0.356760374832664,0.28415300546448086,,
STARD4,,,,,0.849645390070922,0.8666666666666667,,
STAT1,,,,,0.974015748031496,,0.9715777262180975,
STAT3,0.8023560209424084,,0.9122807017543859,0.6782945736434108,0.6335877862595419,0.6912442396313364,0.896234309623431,
STAT4,0.9378172588832487,,,,,,,
STAT5B,,0.8058252427184466,,,,,,
STAT6,,0.5714285714285714,,,,0.344,,
STAU1,,0.8879551820728291,,,0.9413353917406406,0.864693446088795,,0.9166666666666666
STAU2,0.5895547371945096,0.651685393258427,0.3896797153024911,0.44396551724137934,0.7240613645538958,0.49748110831234255,0.5051440329218106,0.6961538461538461
STEAP1B,,0.052478134110787174,,,0.06933019976498238,0.10357142857142858,0.20308483290488433,
STEAP2,,,,,,0.8609271523178808,,
STEEP1,,,,,0.8709677419354839,0.9349112426035503,,
STIM2,,,,0.8701298701298701,0.9221260815822002,0.8709677419354839,,
STIMATE,,,0.8125,0.75,0.7828467153284672,,,
STIP1,,0.9436392914653784,,0.9196581196581196,0.9754988633493307,0.9514767932489452,,
STK16,,0.2727272727272727,,,0.9350850077279753,,,
STK17A,0.8884615384615384,,,,,,,
STK24,,,,0.9225352112676056,0.09479717813051146,0.09490740740740741,,
STK32C,,,0.9095022624434389,0.9328859060402684,0.936787072243346,,,
STK38L,,,,0.9181034482758621,0.9111514052583862,,,
STK39,0.716331096196868,0.9817629179331308,0.9307535641547862,,0.9255804311774462,0.8861386138613861,0.8116100766703176,0.5949895615866388
STMN1,0.6519116855142704,0.8508928571428571,0.9070976124736073,0.8875511678304839,0.865130890052356,0.8646633529145956,0.8522642602864475,0.8910788381742739
STMN2,0.8555208875021667,0.9156378600823045,,0.9153754469606674,0.8785109807382794,0.6273946360153256,0.8525568181818182,0.9051359516616314
STMN3,,,,,0.9826673086181993,0.9924041017850361,0.962673088500903,
STMN4,0.952047952047952,,0.9708154506437768,0.08480364257256688,,0.9355083459787557,0.9761670761670762,
STMP1,,,0.32195121951219513,0.6346153846153846,0.7188710570005534,0.7015384615384616,,
STN1,,,,0.21875,0.2620689655172414,,,
STOM,0.7597454256165473,0.7558139534883721,0.7566371681415929,0.7475728155339806,0.586490939044481,0.7621722846441947,0.6584491259524877,0.6869712351945855
STOML1,,,,,0.01395848246241947,,,
STON2,,,,,0.7851002865329513,,,0.8798283261802575
STOX2,0.893467336683417,0.7178423236514523,0.6986666666666667,,0.9027522935779817,0.7619047619047619,0.9041492441299454,0.6824324324324325
STRAP,0.9907074340527577,,,0.9559228650137741,,,,
STRBP,0.8588328075709779,0.5934065934065934,0.8757961783439491,0.5353535353535354,0.21585903083700442,0.8679867986798679,0.9593908629441624,0.9405940594059405
STRN,0.7878787878787878,,0.7486631016042781,0.8950617283950617,0.7743136342484876,,,
STRN3,0.7563395810363837,0.8125,,0.2988505747126437,,0.4069767441860465,,0.7833333333333333
STS,0.9155844155844156,,,0.6706586826347305,0.5264054514480409,0.5877551020408164,0.585693710993759,
STT3A,0.821882951653944,,,,0.2677787532923617,0.175,,
STT3B,,,,,,0.9264305177111717,0.9589211618257262,
STUB1,,0.8496583143507973,,,,,,0.8322942643391521
STUM,,,,,,0.9447004608294931,,
STX12,0.6073953235454052,0.5814814814814815,0.6140350877192983,0.6525198938992043,0.9875902527075813,0.6546875,0.6186343914135647,0.6733870967741935
STX16,0.8897464167585446,,0.862144420131291,,,0.7910863509749304,,
STX17,0.6176470588235294,0.7380952380952381,,,0.8383397050791916,0.6153846153846154,0.7339285714285714,
STX18,0.23010752688172043,,,0.2653061224489796,0.3526058631921824,0.27941176470588236,0.33516483516483514,0.2564102564102564
STX1A,,,,,,,0.9937658739321172,
STX1B,,,0.9833852544132918,,0.9931192660550459,,,
STX3,0.15508021390374332,,,0.135,,,0.9444444444444444,
STX4,0.7882037533512064,0.8502202643171806,,,0.8427536231884057,0.7862068965517242,,0.7837837837837838
STX7,0.8987012987012987,,0.08928571428571429,0.6150895140664961,0.26504672897196263,0.6590257879656161,0.9246231155778895,0.6151603498542274
STX8,,0.6370967741935484,0.9112149532710281,,,,,
STXBP1,0.9796965894832896,0.9183673469387755,,0.989679402722881,0.9502679697351829,0.9329073482428115,0.9497433971711102,
STXBP3,0.9059602649006623,,0.953125,,0.9781609195402299,0.9081632653061225,0.9760554505356017,
STXBP5,0.9714285714285714,,0.8689458689458689,0.9674620390455532,0.8175277959450621,0.8823529411764706,0.8812884545783568,
STXBP5-AS1,0.911504424778761,,,,0.8378728923476005,0.8169014084507042,,
STXBP5L,0.10803324099722991,,0.9385749385749386,0.8257575757575758,0.946604938271605,,0.9278616120721384,
STXBP6,,,,0.9620535714285714,0.7575593952483801,0.9783616692426584,,0.9195402298850575
SUB1,0.5587574850299402,0.184375,0.3547687861271676,0.5373390557939914,0.7760224538893344,0.8669971086327963,0.4654606365159129,0.5995850622406639
SUCLA2,,,,,0.9870875179340028,0.9667590027700831,,
SUCLG1,0.5886112725159791,0.5811764705882353,,,,,0.5327868852459017,
SUCLG2,0.8442622950819673,,,,,,,
SUCO,0.7959641255605381,0.6696428571428571,,0.7835051546391752,,0.7391304347826086,,0.6363636363636364
SUDS3,,,,0.4017094017094017,,0.6011560693641619,,
SUGP2,,,,0.9801084990958409,,,,
SUGT1,0.5816532258064516,0.7921760391198044,,0.9497041420118343,,0.8849206349206349,0.6345870206489675,0.5743440233236151
SUGT1P3,,,0.23214285714285715,,0.24029126213592233,,0.2849740932642487,
SULF1,,0.45714285714285713,,,0.4447004608294931,,,
SULT1A1,,,,0.943217665615142,,,0.952027027027027,
SULT4A1,0.8685358255451714,,0.9503722084367245,,,,0.753464703334777,
SUMF2,0.8112324492979719,,,,,0.6918429003021148,,
SUMO1,,,0.9574970484061394,,,,,
SUMO2,,,,,0.9573883161512028,,0.9501989629808272,
SUMO3,,0.9334916864608076,0.9363538295577131,,,,0.9439805149617259,
SUN1,0.8883415435139573,,,,0.8950537634408602,0.8831168831168831,0.9392241379310344,0.9421487603305785
SUN2,,,,,0.006130967910253066,,,
SUPT16H,0.9280774550484094,0.9353233830845771,0.8717391304347826,,0.9526916802610114,0.9147286821705426,0.9276720351390922,
SUPT3H,0.65625,,0.6129032258064516,,0.6151515151515151,,0.5894206549118388,
SUPT4H1,0.4192530247238296,0.37662337662337664,0.496551724137931,0.45662100456621,0.48763523956723337,0.5374449339207048,0.40669856459330145,0.39111111111111113
SUPT5H,,,0.9663120567375887,,,0.9431616341030196,,
SUPT6H,0.9656804733727811,,,0.9596199524940617,,0.9328621908127208,,
SUPT7L,0.4253075571177504,,0.3565217391304348,0.2369146005509642,0.35093696763202725,0.2894736842105263,,
SUPV3L1,,,,,0.9471624266144814,,,
SURF1,0.9207848837209303,0.8293650793650794,,0.8183716075156576,0.8575536385755363,,0.8720262510254306,0.8370165745856354
SURF2,,,,0.8764044943820225,,0.8372093023255814,,
SURF4,0.8415335463258786,0.9174311926605505,0.8831460674157303,0.8213256484149856,0.78904039104708,0.776,0.9081122645136486,
SURF6,,,,,0.6876122082585279,0.15083798882681565,,
SUSD1,,,,,,,0.8607350096711799,
SUSD4,0.9149253731343283,,,,0.9532062391681109,,0.9141865079365079,
SUZ12,0.9079903147699758,,,,,0.8317460317460318,,
SV2A,,,,,0.9707426856714179,0.985655737704918,,
SV2B,0.8087723990371757,0.19130434782608696,0.7902542372881356,0.9695994277539342,0.3215699208443272,0.32895377128953773,0.8849296605172269,0.2415795586527294
SVIL-AS1,,0.8360655737704918,,0.30454545454545456,0.19521654815772463,0.445,0.3129879347054649,
SVIP,0.37589376915219613,0.3684992570579495,0.5666666666666667,,0.11365430149960537,0.15124153498871332,0.4768361581920904,0.8028571428571428
SVOP,0.2774283717679944,,0.3192771084337349,0.3037974683544304,0.30976,0.292358803986711,0.16014476362813843,0.4117647058823529
SWAP70,0.7811447811447811,0.7105263157894737,0.5845070422535211,0.8311111111111111,0.32205778717406625,0.5323741007194245,,
SYAP1,,0.525,0.6694214876033058,,0.7602040816326531,0.764,0.6385869565217391,0.7192982456140351
SYCE1,,,,,0.19198664440734559,,,
SYF2,,0.8105590062111802,0.8373983739837398,0.8568019093078759,,0.8196286472148541,0.9206611570247933,
SYMPK,,,0.95703125,,0.9632525410476935,0.9239130434782609,,
SYN1,,,,0.9838882921589689,0.9825792119724074,0.9754983388704319,,
SYN2,0.9687449129090021,0.15706806282722513,0.08912556053811659,0.9664233576642336,0.1995982322217758,0.9900562040639862,0.12977430555555555,0.09038142620232173
SYN3,,,,0.7272727272727273,,0.6842105263157895,0.6235632183908046,
SYNCRIP,0.8960843373493976,0.4631578947368421,0.7869822485207101,0.5927272727272728,0.7116085372201978,0.5203252032520326,0.662842574888464,0.675
SYNE1,0.6202340505851265,0.5842105263157895,0.7577854671280276,0.7628336755646817,0.7720264317180616,0.7296340023612751,0.7308887507768801,0.7575757575757576
SYNGR1,,,,0.9819819819819819,0.9857774360945608,0.9895245769540693,,
SYNJ1,,,0.9623733719247467,,0.9832089552238806,0.9897388059701493,,
SYNJ2,0.84251968503937,0.8507042253521127,,,0.9611729568286723,0.8962264150943396,0.8368111289459604,
SYNJ2BP,0.8823529411764706,,,,,0.83,,
SYNM,0.9424673784104389,,,0.9246575342465754,0.9343006852075776,0.8165266106442577,,
SYNPO,,,0.025537634408602152,0.029676258992805755,0.025548758546239655,,,
SYNPO2,,,,0.18848167539267016,0.3817878028404344,0.3958333333333333,0.10461285008237232,
SYNPR,,,,0.9701897018970189,,0.9446808510638298,0.9879440604404437,
SYNRG,0.478502080443828,,0.5258215962441315,0.5585106382978723,0.5220543806646526,0.49,0.5692951015531661,0.4619883040935672
SYP,0.9338944775200164,,0.9420980926430518,0.931409452112087,0.9611333768291547,0.9919590643274854,0.9210282776349614,
SYPL1,0.9605839416058394,,0.8853868194842407,0.9486166007905138,,0.9142857142857143,0.9736668861092824,
SYS1,0.4192708333333333,0.7717391304347826,,,0.810304449648712,0.3968253968253968,,0.7534246575342466
SYT1,0.733205898416166,0.90290088638195,0.8929262524188346,0.8720776968435657,0.8808132147395171,0.8917668001780151,0.7869035532994924,0.6652430343705511
SYT11,0.9711709706144257,0.9672955974842767,0.9336683417085427,0.9552473174561633,0.960933962874329,0.9703534777651083,0.8621180735370274,0.9278642149929278
SYT13,,,0.9859353023909986,0.9759493670886076,0.9677492618669089,0.9591439688715954,0.9600969606563491,
SYT14,0.2671009771986971,0.7090909090909091,,0.907563025210084,0.19047619047619047,0.7986111111111112,0.2796875,
SYT16,,,,,0.9742847958855674,0.9619771863117871,0.9704641350210971,
SYT17,,0.75,,,,0.9162011173184358,0.8779803646563815,
SYT4,,0.926829268292683,,,,0.9716455696202532,,
SYT5,,,0.16,0.9800531914893617,,,,
SYT7,0.9389446140427388,0.0946969696969697,0.922979797979798,0.9310018903591682,0.9260610716343384,0.9726027397260274,0.9456830158086745,0.9627831715210357
SYTL2,,0.8540540540540541,,,0.7444595205789236,,,
SYVN1,0.901595744680851,0.9296536796536796,,,,,,
SZRD1,0.7913832199546486,0.9583333333333334,0.8923766816143498,0.7096774193548387,0.7137580794090489,0.8520710059171598,0.9231613611416026,0.9053497942386831
TAB1,,,,,0.5556603773584906,,0.31123388581952116,
TAB2,,0.9358974358974359,,,0.9552180685358256,0.9583333333333334,,
TACC1,0.8446407065435568,0.967816091954023,0.9643584521384929,,0.9872379216043756,0.9031273836765827,0.9792197608312095,
TADA2A,0.8774038461538461,,0.7777777777777778,,0.9304635761589404,0.7983193277310925,0.8314606741573034,
TADA2B,,,,,0.6860572483841182,,0.6921269095182139,
TAF1,,,,,,,0.9596638655462185,
TAF10,,,,,0.06414941128704832,,,
TAF11,,,,,,0.7619047619047619,,
TAF13,,0.9325153374233128,0.9129411764705883,0.9142441860465116,,0.8853333333333333,,
TAF15,,,0.8904593639575972,,0.9525691699604744,0.9342105263157895,0.944947209653092,
TAF1B,,,,,0.7453271028037384,,,
TAF1C,,,0.7642857142857142,0.8701923076923077,0.8035714285714286,,0.8863232682060391,
TAF1D,0.39952153110047844,0.9521640091116174,,,0.5972443031266561,0.9666666666666667,0.7293700088731144,0.7534456355283308
TAF2,,0.6923076923076923,,,,,,
TAF3,,,,,,,,0.6027397260273972
TAF7,0.7319236016371078,0.5793991416309013,0.9574468085106383,,0.7854792266556972,0.5970772442588727,,0.9384615384615385
TAFA1,,,0.8435374149659864,0.8866666666666667,,0.912621359223301,0.9478407178911946,
TAFA2,,,,,0.9639203015616586,0.9586614173228346,,0.8112449799196787
TAFA5,0.709577754891864,0.7283950617283951,0.7567567567567568,0.7546239210850801,0.7150259067357513,0.7565084226646248,0.7290301441677588,0.712707182320442
TAGAP-AS1,0.14285714285714285,,,,0.12043795620437957,,,
TAGLN,,,,0.9855623100303952,,,,
TAGLN3,,,,,,0.957111321349732,,
TANC2,,,,0.9372937293729373,0.9878288182175108,,0.9562695225345827,0.9190140845070423
TANGO6,0.2971014492753623,,,,,,,
TANK,0.9582504970178927,,,0.9112903225806451,0.9542782495101241,,0.9432558139534883,
TAOK1,,0.884318766066838,,0.9434523809523809,0.8780041797283177,,0.9833630421865716,0.9333333333333333
TAOK2,0.6947194719471947,,0.6130952380952381,0.6254071661237784,0.4956369982547993,0.5727272727272728,,0.5567567567567567
TAOK3,,,,,0.7013527575442248,0.876750700280112,,0.8318181818181818
TAP2,0.56,,,,0.21910828025477708,,0.5606617647058824,
TAPBP,,,,,,0.9641638225255973,,
TAPT1,0.8329519450800915,0.7974683544303798,0.7279151943462897,0.23880597014925373,0.09722222222222222,0.8127208480565371,,0.8372093023255814
TAPT1-AS1,,0.06470588235294118,,,,,,
TARBP1,,,0.9333333333333333,,,0.9720670391061452,,
TARDBP,0.43635212159594683,0.3173076923076923,,0.7950617283950617,0.3613630118164331,0.7904411764705882,0.43711741791875347,0.44258373205741625
TARS3,,,,0.9450980392156862,0.9584382871536524,,,
TAS2R14,,,,,0.641566265060241,,0.6839080459770115,
TASOR,,0.8532608695652174,,0.6648936170212766,,0.9012345679012346,0.6934763181411975,0.746268656716418
TASOR2,,0.3717948717948718,,,0.5200968523002422,,,0.553763440860215
TASP1,,,,,,0.7341772151898734,,
TATDN1,,,,,,,0.7257019438444925,
TATDN2,,,,,0.8644688644688645,0.8606060606060606,0.780564263322884,
TATDN3,,,,,0.9411123227917121,0.9078947368421053,0.7289272030651341,0.6883116883116883
TAX1BP1,0.617305833064776,0.6281929990539262,0.6092990978487162,0.674006908462867,0.703922315308454,0.5434062292909212,0.5317670093000489,0.21421319796954313
TBC1D1,0.3671497584541063,,0.319672131147541,0.39603960396039606,0.5407047387606319,0.9060402684563759,0.23763440860215054,
TBC1D12,,0.6887417218543046,0.9251700680272109,0.7480314960629921,0.9451090781140042,0.52,,
TBC1D15,0.1696969696969697,0.3495575221238938,,0.9192546583850931,0.3844061650045331,0.41509433962264153,0.18346545866364666,
TBC1D16,0.6238938053097345,,,0.7933884297520661,,0.6338028169014085,,
TBC1D19,,,,,0.48214285714285715,,,
TBC1D20,0.3860294117647059,,,0.4883720930232558,0.4410994764397906,,0.5079505300353356,
TBC1D22A,,0.5294117647058824,0.3673469387755102,0.3333333333333333,0.32177033492822965,0.3854166666666667,,
TBC1D23,,,,0.9256198347107438,,,,
TBC1D24,0.8335483870967741,,0.8792569659442725,,0.9702042182792099,,0.9533127360109852,
TBC1D25,,,,0.29901960784313725,0.3493723849372385,0.3072289156626506,0.35096642929806715,
TBC1D31,0.5806451612903226,,,,,,,
TBC1D32,,,,0.8441558441558441,0.8158640226628895,,,
TBC1D4,,,,,0.969060773480663,,,
TBC1D5,,0.8981481481481481,,,0.9603102189781022,,0.9837837837837838,0.8973214285714286
TBC1D8,0.8009049773755657,,,,,,,
TBC1D9B,0.560280140070035,0.6845425867507886,0.6192109777015438,0.9826224328593997,0.5132389162561576,0.6360294117647058,0.5602803738317756,0.6151761517615176
TBCA,,0.510879848628193,0.6521155137676293,0.6691904484566104,0.7769320224125171,0.6108347153123272,0.7301042629008843,
TBCD,0.12797619047619047,,0.07119741100323625,0.12168141592920353,,0.11746987951807229,0.16051660516605165,
TBCEL,,,,,0.7549019607843137,,,
TBCK,,,,0.4014084507042254,0.33558178752107926,0.30392156862745096,0.42486486486486486,
TBL1XR1,0.9398496240601504,,,0.9422043010752689,,0.8571428571428571,,
TBP,,,,,0.9615384615384616,,,
TBPL1,0.13058419243986255,0.6989247311827957,0.8761061946902655,0.1630170316301703,0.18757126567844926,,,
TBRG1,0.7794970986460348,0.5326460481099656,0.836676217765043,0.3339317773788151,0.28478093774019986,0.7469670710571924,0.8347169811320755,0.7945205479452054
TBXAS1,,,,0.7368421052631579,,,,
TCAF1,,0.49443207126948774,,0.9747155499367889,0.9770679770679771,0.48404255319148937,0.9668874172185431,
TCAIM,,0.6984126984126984,,,0.8181102362204724,0.828125,,0.7613636363636364
TCEA1,0.8261665141811528,0.6913357400722022,0.75054704595186,0.821917808219178,0.7605725439167209,0.7168674698795181,0.697373578988632,
TCEA2,0.71512138052062,0.5610972568578554,0.7638190954773869,0.6793743890518084,0.6799136069114471,0.7766323024054983,0.7752685210685761,0.6090116279069767
TCEAL1,,0.8248587570621468,,0.8743589743589744,,0.8717598908594816,0.9567510548523207,
TCEAL4,0.6260655427164236,0.4616040955631399,,0.6918075422626788,0.7620501925375116,0.6484098939929329,,0.6021297192642788
TCEAL6,,0.22535211267605634,,0.6043083900226758,0.6723516694691328,0.6135721017907634,,0.39892665474060823
TCEAL8,0.621983039791259,,0.6374745417515275,0.7202453987730061,,,,
TCERG1,0.8195038494439693,0.8068181818181818,,0.9116809116809117,0.871216999356085,0.785234899328859,0.9686765857478465,
TCERG1L,0.9080882352941176,,,,,,,
TCF12,,,,0.8914285714285715,0.8537313432835821,,0.9601386481802426,
TCF12-DT,,,,,0.1782178217821782,,,
TCF20,,,,0.9110169491525424,0.8765331152902698,,,
TCF25,0.970293609671848,0.7331378299120235,,0.8527454242928453,,0.9891304347826086,,
TCF3,,,0.6779661016949152,0.7391304347826086,,,,
TCF4,0.9051966292134831,0.7968,0.8596059113300493,0.8811881188118812,0.796618451915559,0.9199346405228758,0.9278150633855332,0.9215686274509803
TCFL5,,0.6113207547169811,0.7623762376237624,0.8,0.7301282051282051,,0.8505576208178439,0.6946564885496184
TCOF1,,0.5449101796407185,,,0.7426160337552743,0.8454545454545455,,
TCP1,0.976667512046665,,0.963953488372093,,0.9854992657856094,,0.9879688605803255,
TCP11L1,,,,,0.4883116883116883,,,
TCTN1,,,,,,,0.6842105263157895,
TCTN3,,,,,0.6684141546526867,0.6696428571428571,0.6753623188405797,0.6470588235294118
TDP1,,,,,0.48360655737704916,,,
TDP2,0.9423835832675612,,,,,0.9418604651162791,,
TDRD3,0.905982905982906,0.696969696969697,,0.8832116788321168,,,0.881559220389805,
TDRKH,,,,,0.10626702997275204,,,
TDRP,0.470679012345679,,,,0.8333333333333334,0.6618705035971223,,0.8536585365853658
TEAD1,,,0.8268156424581006,,0.8989169675090253,,,
TECPR2,0.8846880907372401,0.24528301886792453,,,0.15941295546558704,0.1506276150627615,0.9615384615384616,
TECR,,,0.7469135802469136,0.7346938775510204,0.9875556719937123,,,
TEF,,,,,0.9656007751937985,0.9565217391304348,0.9849033816425121,
TEKT4P2,,,0.8152866242038217,,0.8312101910828026,,,
TENM1,,,,,0.868421052631579,,,
TENM2,0.9057815845824411,,0.897119341563786,0.7352941176470589,0.9178356713426854,0.8954248366013072,0.8227289444648768,0.8647798742138365
TENM3,,,,0.6415094339622641,0.5558493060145406,0.6373626373626373,,0.5723684210526315
TENT2,0.7014925373134329,0.7258064516129032,,,0.06319702602230483,,0.10586319218241043,
TENT4B,,,,0.8142857142857143,,,,
TERF1,0.9224806201550387,,,,0.8295819935691319,0.7256944444444444,0.7566248256624826,
TERF2,,,0.9628571428571429,0.948,0.9505600617999227,0.9475,,
TERF2IP,0.8689609530112509,0.9045383411580594,0.9357351509250244,0.9350333940497875,0.9395811146609868,0.8983050847457628,0.8604744030029551,0.8505025125628141
TESC,0.9251559251559252,,,,,,,
TESPA1,0.33975824893825546,,0.43956043956043955,,0.40522022838499183,0.3256997455470738,0.6396358246876985,0.5067796610169492
TEX2,,,0.9490835030549898,,,,,
TEX261,0.9084158415841584,,0.9459459459459459,,0.8980245595301655,,,
TEX264,0.8293431553100061,0.8737864077669902,0.7279236276849642,0.7718978102189781,0.7061762034514079,0.7416107382550335,0.699468085106383,0.9007633587786259
TF,,0.6252838758516276,,0.9540657976412167,0.9965864577504197,,,
TFAM,0.422680412371134,,,0.5428571428571428,0.2615681233933162,0.9105691056910569,0.7581395348837209,
TFCP2,0.643344709897611,0.5194805194805194,0.7413793103448276,,0.5797641216635631,0.6441441441441441,0.6708860759493671,
TFDP2,,,0.7878787878787878,0.9285714285714286,0.7467980295566502,,0.8639876352395672,0.8
TFIP11,,,,,0.05,,,
TFPT,0.8122641509433962,,,0.9465776293823038,0.8596491228070176,,,
TFRC,,,,0.9666666666666667,,,0.9390756302521008,
TGFBR1,,,,0.8582089552238806,,,,
TGFBR3,,,0.819047619047619,,0.7652582159624414,0.6299212598425197,,
TGFBRAP1,,,,0.8687782805429864,0.8589618021547503,,,
TGOLN2,0.965366387167335,0.9251336898395722,,0.9408127208480566,0.8582089552238806,0.9385004212299916,0.9630996309963099,0.7522935779816514
TGS1,,,,0.1746031746031746,,,0.5738963531669866,
THAP1,,,,0.6938775510204082,0.7695783132530121,,,
THAP12,0.8195050946142649,,,,,,,
THAP2,0.86,0.576271186440678,,0.8333333333333334,,,,
THAP3,,,0.0873015873015873,,0.1776470588235294,,,
THAP5,0.8798017348203222,,,,0.987335092348285,,,0.9225352112676056
THBS2,,,,,0.9745286139596427,,,
THBS3-AS1,0.38125,,0.55,,,0.4489795918367347,,
THBS4,,,,,0.8372513562386981,,,
THEM4,,,0.35555555555555557,,,0.25,,
THEMIS,,,0.6494845360824743,,0.6792009400705052,,,
THNSL1,0.34285714285714286,,,,0.4893203883495146,,,
THOC2,0.9024943310657596,0.9310344827586207,,0.9133333333333333,0.8451882845188284,0.6715328467153284,0.8737997256515775,0.8677685950413223
THOC7,0.7033444816053511,,,0.6644736842105263,,0.7958620689655173,0.8230190861769809,
THOP1,,,0.049586776859504134,,0.02557200538358008,,,
THRA,0.8700964630225081,0.9871794871794872,0.8889980353634578,0.987072945521699,0.8279717536288741,0.8524590163934426,0.912531896796144,
THRAP3,0.9191321499013807,0.7931034482758621,,,0.9608723540731238,0.9382716049382716,,0.9182692307692307
THRB,0.7510897994768962,0.9433198380566802,0.9041769041769042,0.8706293706293706,0.9667620865139949,0.9372197309417041,0.9312118902439024,0.8571428571428571
THUMPD1,,,,,,,0.8064738292011019,
THUMPD3,0.2584493041749503,,,,0.37962128043282234,0.2808988764044944,,
THUMPD3-AS1,0.33418367346938777,,0.22857142857142856,,,0.34408602150537637,,
THY1,0.8792054533460383,0.9120151371807,0.5646067415730337,0.9673539518900344,0.7899246948844456,0.9829302987197724,0.6631051752921536,
THYN1,,0.8305084745762712,,0.9473684210526315,,0.826879271070615,,
TIA1,0.3702290076335878,,0.3701067615658363,0.7117903930131004,0.7851051733939739,0.9096385542168675,0.7299771167048055,0.425
TIAL1,0.6861958266452648,0.4519230769230769,0.45933014354066987,0.6106870229007634,0.5214632325494587,0.4019138755980861,0.45454545454545453,0.5205479452054794
TIAM1,,,,,,0.9280205655526992,,
TIAM2,0.9197035206917851,0.7627118644067796,0.6388888888888888,0.9779507133592736,0.9693593314763231,,0.6625436092610213,
TIFA,,,,,0.22540983606557377,,,
TIGAR,0.3132832080200501,,0.5393258426966292,,0.4192872117400419,0.4049586776859504,,
TIGD6,0.4188034188034188,,,,0.5433070866141733,,,
TIMM10B,0.5356037151702786,0.7088607594936709,,0.6194331983805668,0.6596931659693166,0.5873015873015873,0.7333795013850416,0.7040816326530612
TIMM13,0.06323644933228594,,0.06436781609195402,,0.061001410437235545,,,
TIMM17A,0.8352764197066567,,0.8917647058823529,,,0.8801897983392646,,
TIMM21,,,0.86,,0.09357798165137615,,,
TIMM22,0.5447154471544715,,,0.10569105691056911,0.8303821062441752,0.48484848484848486,0.8199632578077158,
TIMM29,,0.2714285714285714,,,0.2361963190184049,,,
TIMM50,0.09846153846153846,0.30120481927710846,0.1164021164021164,0.14330218068535824,0.11910828025477707,,,
TIMM8A,0.296551724137931,,,,,,,
TIMM8B,,,,,,0.04299583911234397,,
TIMP2,,0.8178484107579462,,0.9051162790697674,0.894518595309058,0.9118165784832452,0.9271117166212534,0.8964705882352941
TIMP3,0.83892068683565,,0.8330019880715706,0.8817005545286506,0.867553865652725,0.8664192949907236,,0.8372703412073491
TIPRL,0.44804088586030666,0.6111111111111112,,,0.9606986899563319,0.9710144927536232,0.6619375760032428,0.6769911504424779
TIRAP,,,,,0.36363636363636365,,,
TJP1,,0.6965811965811965,0.7790697674418605,0.7651757188498403,0.8538647342995169,0.9278350515463918,,
TJP2,,,,,,0.8862876254180602,,
TK2,,0.6825396825396826,,0.8062015503875969,0.9801505817932923,,0.48062775870524765,
TKFC,0.5389447236180904,,0.16216216216216217,,0.08633093525179857,0.07936507936507936,,
TKT,0.030498533724340176,0.05660377358490566,,0.9519519519519519,0.8801313628899836,,,
TLCD4,0.8512304250559284,0.8571428571428571,,0.8586723768736617,0.7790960451977401,0.7935779816513762,0.6067251461988304,
TLCD5,0.5264423076923077,,,0.7741935483870968,0.8445945945945946,0.7681159420289855,,0.7123287671232876
TLE1,0.5870178739416745,0.6483516483516484,,,0.7715340442986054,0.5146443514644351,0.5817965496728138,0.711864406779661
TLE3,0.8727735368956743,0.6170212765957447,,0.5407407407407407,0.7045908183632734,,,
TLE4,,0.6055045871559633,0.9053708439897699,0.6998223801065719,0.9822771213748658,,,
TLE5,,,0.9909182643794148,0.9632268444035854,,,,
TLK1,0.06639344262295081,,0.896358543417367,0.9090909090909091,0.03217821782178218,0.8398133748055988,,
TLK2,,0.3111111111111111,0.17006802721088435,0.35,0.880410858400587,0.3291139240506329,,
TLN1,0.2267818574514039,0.8358974358974359,0.5362903225806451,0.4214046822742475,0.5721323011963406,0.3991031390134529,0.40643863179074446,0.4703389830508475
TLN2,0.583804143126177,0.5588235294117647,0.6081632653061224,0.592057761732852,0.4613778705636743,0.8614035087719298,0.6240556059232396,
TLNRD1,,,,,0.08089887640449438,,,
TLR4,0.35365853658536583,,,0.7887323943661971,0.2897822445561139,,,
TM2D2,0.3650107991360691,,,,0.2577777777777778,,0.32847038019451813,0.4596774193548387
TM2D3,,0.06363636363636363,,,0.033115468409586055,,,
TM4SF1,0.8820960698689956,,,,,,0.8516377649325626,
TM4SF18,,,,,0.47941176470588237,,,
TM7SF3,0.2800378429517502,,0.5934426229508196,0.4708423326133909,0.4357410881801126,0.463768115942029,0.3661769974919384,0.6445182724252492
TM9SF1,,,,0.8983957219251337,0.889261744966443,,,
TM9SF2,,,,0.8878205128205128,,0.02329450915141431,0.7991466016458397,
TM9SF3,0.42642487046632127,0.9292035398230089,0.5233494363929146,0.928817451205511,0.45697394350777315,0.8549848942598187,0.9702688728024819,0.9382716049382716
TM9SF4,0.9116409537166901,,,,0.9280397022332506,0.9034749034749034,,
TMA16,,,,0.8117647058823529,0.7596741344195519,,,
TMBIM4,0.40634005763688763,0.3631578947368421,0.5592783505154639,0.5270588235294118,0.45857418111753373,0.3159340659340659,0.9310917393109174,
TMBIM6,0.9794309221803222,0.9487179487179487,,0.9511128775834659,0.9210799584631361,,0.9478734439834025,0.9775336994508238
TMC6,,0.9093333333333333,0.271889400921659,,0.9804384485666104,,,
TMCC1,,,,,,,0.6788592684438933,
TMCC2,,0.9487179487179487,,,,,,
TMCC3,,0.5533333333333333,,,0.4107722258273848,,,
TMCO1,,,,0.14521452145214522,0.08703790360318203,0.2717391304347826,0.10960591133004927,
TMCO3,0.8940217391304348,,,,,,,
TMED10,0.9866771159874608,0.6173020527859238,0.6166832174776564,0.6753731343283582,0.596082504822674,0.6674391657010429,0.633245382585752,
TMED2,0.9772859638905067,,,,0.053171196948020985,0.9568845618915159,,0.9619377162629758
TMED4,,0.2980769230769231,0.904424778761062,0.8986587183308494,0.7871860914359304,0.9097888675623801,0.9709397066811516,0.4745762711864407
TMED5,,0.8943661971830986,,0.156,0.9165867689357622,,0.9144645340751043,
TMED7,0.7955223880597015,,,0.9405940594059405,0.933856768974542,0.9592274678111588,,
TMED8,,,,,,,0.9526892430278885,
TMEFF1,0.9671007539410555,,,,,0.9652173913043478,,
TMEFF2,0.13905683192261184,,,0.1554054054054054,0.992071611253197,0.15421686746987953,0.9377974167233175,0.8846153846153846
TMEM101,,,0.7153284671532847,,0.6891304347826087,,,
TMEM104,,,,,0.6565934065934066,,,
TMEM106B,,0.8501529051987767,,0.8758700696055685,,0.8705701078582434,0.02278521351179095,
TMEM107,,,,,0.4594222833562586,,,
TMEM108,0.8871331828442438,,0.8571428571428571,0.8823529411764706,0.5114942528735632,0.6178861788617886,0.9090909090909091,0.82
TMEM116,,,,,,0.5483870967741935,,
TMEM120B,0.7120418848167539,,,0.664,0.7697594501718213,0.6458333333333334,0.8135775862068966,
TMEM123,,,0.9749430523917996,,0.9674544750096862,,,
TMEM126A,0.9527212754260582,,,,,,,
TMEM126B,0.9448144624167459,,,,0.992072072072072,,0.9592584608751886,
TMEM127,0.5653061224489796,0.2962962962962963,0.4386503067484663,0.9514018691588785,0.5718105423987777,0.9331306990881459,0.46795907377490575,0.30837004405286345
TMEM128,,,,,,,0.9002145922746781,
TMEM130,,,0.8827738029719318,0.978875895888344,,,,
TMEM131,,0.8518518518518519,,,,0.8291814946619217,,
TMEM132B,0.4766355140186916,,0.9177718832891246,0.5163934426229508,0.5120772946859904,0.7952898550724637,0.5387155963302752,0.8502994011976048
TMEM132C,,,,0.7926829268292683,0.8166969147005445,,,
TMEM132D,,,,0.8560606060606061,,0.8863636363636364,0.9373881932021467,
TMEM135,,,0.2833333333333333,,0.6296774193548387,0.41333333333333333,0.27832783278327833,0.40384615384615385
TMEM144,0.9142244460328807,0.8843782117163412,0.9245585874799358,0.9266917293233082,0.9169301769079566,0.8655804480651731,0.9916217833632556,
TMEM147,,,,,0.9713487071977638,,0.977,
TMEM14B,0.8404748118123915,0.24336283185840707,0.080078125,0.06608695652173913,0.12683883622098724,0.05774278215223097,0.05611847233047545,0.16257668711656442
TMEM150C,0.7870239774330042,,,0.9291338582677166,,,,
TMEM151A,,,,,0.9796376186367558,,,
TMEM151B,,,0.9583333333333334,,0.9680779569892473,0.9562937062937062,0.952251552795031,0.9482071713147411
TMEM160,,,,,,,,0.738618103910016
TMEM161B-DT,0.5737885462555066,0.8547008547008547,0.4972972972972973,,0.8823529411764706,0.8933333333333333,,
TMEM163,,,,0.9285714285714286,,,,
TMEM165,,0.4891304347826087,0.9730769230769231,,0.9728375527426161,0.8361774744027304,,
TMEM167A,0.61800346220427,,,0.6627906976744186,0.6933174224343676,0.6909492273730684,0.6478243188287922,0.6027027027027027
TMEM170A,,0.65,0.7227722772277227,,0.723404255319149,,,0.8029197080291971
TMEM170B,,,,0.9200819672131147,0.8560411311053985,,,
TMEM175,0.7334384858044164,,0.7714285714285715,0.7681660899653979,,0.7522522522522522,,
TMEM178A,,,,,0.9708934446975449,,,
TMEM178B,,0.7073170731707317,,0.961038961038961,,0.9652406417112299,0.9640787949015064,
TMEM18,,0.18823529411764706,0.2606060606060606,0.29949238578680204,0.33528980190755686,0.12571428571428572,0.3301526717557252,
TMEM183A,0.811787072243346,0.3431372549019608,0.9031657355679702,0.5130674002751031,0.490050347638456,0.6162962962962963,0.5938208616780045,0.42729970326409494
TMEM184C,,,,,0.3026565464895636,0.2662337662337662,,
TMEM185A,,,,,0.9575892857142857,,,
TMEM185B,0.2722222222222222,,,,0.7227272727272728,0.6610169491525424,0.6610942249240122,
TMEM19,0.7003841229193342,,0.7452830188679245,0.5990338164251208,0.8717480602464628,0.8850174216027874,0.6013462976813763,
TMEM191C,,,0.22274881516587677,,,,,
TMEM192,,,,,0.23649459783913565,0.42592592592592593,0.09537166900420757,
TMEM196,,,,,0.9392361111111112,,,
TMEM199,0.19672131147540983,,,0.1987179487179487,0.22065727699530516,0.25,,
TMEM200C,,,0.23863636363636365,,0.34307992202729043,,,
TMEM201,,,,,0.36857142857142855,0.3333333333333333,,
TMEM219,,,0.25722543352601157,,,0.5305851063829787,0.2066768603465851,0.28996692392502754
TMEM230,0.9639814097598761,,,0.9273743016759777,0.9295548416704911,0.9093333333333333,,
TMEM232,,,,,,0.5483870967741935,,
TMEM233,,,0.7230769230769231,,0.7246376811594203,,,
TMEM234,,,,,0.301255230125523,,,
TMEM237,,0.3333333333333333,0.46405228758169936,,,,,0.34375
TMEM240,0.9102803738317757,0.8235294117647058,,,0.9011893870082343,,0.901840490797546,0.8475609756097561
TMEM241,0.39779005524861877,,,,,,,
TMEM242,0.18791946308724833,,0.6421052631578947,0.5852713178294574,0.6766528925619835,0.6268656716417911,0.297029702970297,0.4430379746835443
TMEM245,0.9048780487804878,0.9492753623188406,0.7326892109500805,,0.8176337603617182,0.8934624697336562,0.945692256118002,0.9578947368421052
TMEM248,0.893048128342246,0.7653631284916201,,,,,0.8615291992775437,
TMEM25,0.056818181818181816,,,0.03498542274052478,0.11840369393139842,0.10504201680672269,0.13225569434239529,
TMEM258,,,0.28492239467849223,,,,,
TMEM263,0.9443742098609356,,,,,,,
TMEM267,,,,,0.6819571865443425,,,
TMEM268,0.307981220657277,,0.9435215946843853,0.31494661921708184,0.38636363636363635,0.34097421203438394,,
TMEM271,0.49727520435967304,,0.40540540540540543,0.4492307692307692,0.4794816414686825,0.4119601328903654,0.387308533916849,
TMEM30A,0.9585727245237375,,0.688135593220339,0.7108768035516093,0.9948273451698588,0.6388278388278388,0.9795072257758825,
TMEM33,,,0.9427207637231504,0.41333333333333333,0.8457577243746934,0.8536082474226804,0.9524534043362495,
TMEM35A,,,0.9134199134199135,,0.9035045607297167,,0.8726945569050832,
TMEM38A,0.8792486583184258,,,0.8319502074688797,,,0.7204724409448819,
TMEM39A,,,,,0.59765625,,,
TMEM41A,,0.675,,,,,,
TMEM41B,,0.9106145251396648,0.8576271186440678,,0.8767441860465116,,0.8992616033755274,
TMEM43,0.9250645994832042,,,,,,0.8786581013561742,
TMEM47,,,,,,0.9796672828096118,,
TMEM50A,0.4916351861845656,,0.5557324840764332,0.5511811023622047,0.49536359199609564,0.49843260188087773,,0.5229759299781181
TMEM50B,0.08804581245526127,0.267515923566879,0.8333333333333334,0.9265536723163842,0.14491708723864455,0.11194029850746269,0.12602150537634407,0.8114754098360656
TMEM59,0.9658344283837057,0.960272417707151,,0.12326043737574553,0.9122448979591836,,0.9906955460646736,0.06854345165238677
TMEM59L,,,,,0.9965562913907284,,0.9946692991115499,
TMEM63A,,0.7128712871287128,,,0.929559748427673,,,
TMEM63C,,,,0.9138755980861244,0.8554033485540334,,0.9358288770053476,
TMEM64,0.773469387755102,0.5168539325842697,,0.6125,0.41350210970464135,0.49333333333333335,0.768595041322314,
TMEM65,0.695557963163597,0.4523809523809524,,0.8265765765765766,0.6824034334763949,0.580952380952381,0.5,
TMEM68,,,,0.6936936936936937,0.7220873786407767,,,
TMEM69,,0.7796610169491526,,,,,,
TMEM70,,,,0.10344827586206896,,0.037300177619893425,,
TMEM72-AS1,0.6086956521739131,,,,,,,
TMEM80,0.6884531590413944,,0.7013888888888888,0.7611940298507462,0.8499353169469599,0.7946428571428571,,
TMEM87A,0.7964721845318861,0.66996699669967,0.7351351351351352,,0.7109004739336493,0.6814814814814815,0.7400140154169587,
TMEM88B,,,0.5335892514395394,,0.5903823870220162,,0.5436479772888574,
TMEM8B,0.3076923076923077,0.53125,0.8380952380952381,0.4556213017751479,0.9014989293361885,0.5625,0.46963562753036436,0.47244094488188976
TMEM9,0.8763320246775098,0.847887323943662,0.9073684210526316,0.9083969465648855,,,0.9464460956119445,0.8195364238410596
TMEM91,,,,,0.6560891938250428,,,
TMEM97,,,,,0.11303191489361702,,,
TMEM9B,,,0.9333333333333333,,0.9538971807628525,,,
TMF1,0.8295165394402035,,0.40540540540540543,0.6559139784946236,0.7099290780141844,0.7727272727272727,,
TMOD1,0.39345887016848363,,,0.5097613882863341,0.6050269299820467,0.44660194174757284,,
TMOD2,0.9702407002188184,0.7713004484304933,0.977961432506887,0.9353721869590306,0.8723170609963062,0.9020537124802528,0.9302156781418498,0.9432098765432099
TMOD3,,0.296875,,0.7307692307692307,0.8809980806142035,0.8527131782945736,,0.725
TMPO,0.7442748091603053,,,0.7263843648208469,0.6853203568532036,0.7339449541284404,0.5,0.7014925373134329
TMSB10,0.630374972265365,,0.6791754756871036,0.7123923127899271,,0.7367363818976722,0.6459151243223032,
TMSB4X,0.8030008487802207,0.8720078163165608,0.888212927756654,0.9150757077024358,,0.8857407980204145,,
TMTC1,,,,0.7581227436823105,0.926632004621606,0.7311827956989247,,
TMTC2,,0.7663230240549829,0.9090909090909091,0.8924731182795699,0.7797487065779749,,0.8885542168674698,0.38181818181818183
TMTC3,,,0.6770186335403726,,0.6989992301770592,0.7439024390243902,0.42864610559330896,
TMTC4,,0.7425373134328358,0.961218836565097,,0.9488454706927176,,,
TMX1,0.9083333333333333,0.7888888888888889,0.8805970149253731,,0.08236536430834214,,,
TMX3,0.9422442244224423,,,,0.8548199767711963,,0.9402173913043478,
TMX4,0.7653920933246922,,0.7767676767676768,0.8273615635179153,0.8145788001243395,0.958041958041958,,0.9385113268608414
TNFAIP1,,,,,0.8660990712074303,,,
TNFAIP8L1,0.9189814814814815,,0.8671875,0.7817258883248731,0.8463508322663252,0.7733333333333333,0.88125,
TNFAIP8L3,,,,,0.9407783417935702,,,
TNFRSF11A,,,,0.4,,,,
TNFSF13B,,,0.3275862068965517,,0.41975308641975306,0.23333333333333334,0.5665529010238908,
TNIK,0.8890701468189234,0.8691588785046729,0.8560606060606061,0.7124600638977636,0.6152522935779816,0.734375,0.75,0.3684210526315789
TNIP1,,,,,,,0.9116397621070518,
TNKS,0.9469777306468717,0.8403755868544601,0.8527131782945736,,0.9290294997862334,0.9383561643835616,0.9801288936627283,
TNKS2,0.9705093833780161,,,,0.9666893269884432,,,
TNNI3K,,,,0.6944444444444444,,,,
TNNT1,,,,,,,0.5481049562682215,
TNNT2,0.8842832469775475,,,0.8571428571428571,,0.8648648648648649,,
TNPO1,,0.7575757575757576,0.7789115646258503,,0.8754598003152917,0.8379629629629629,,0.9050279329608939
TNPO2,,,,,,0.7321711568938193,,0.8488964346349746
TNPO3,0.6180758017492711,0.6779661016949152,,,,0.5697674418604651,0.4905450500556173,
TNR,0.9203539823008849,,,0.9673704414587332,,,0.9629513343799058,0.9326424870466321
TNRC6A,,0.9471698113207547,0.726890756302521,0.649171270718232,0.8550209880529545,0.9383561643835616,0.8,0.6574074074074074
TNRC6B,,0.7389033942558747,0.9552631578947368,,0.8125746120175089,0.9527720739219713,0.9248956884561892,
TNRC6C,,0.8005540166204986,0.59,0.7471698113207547,,0.8350253807106599,0.7874354561101549,
TNS2-AS1,,0.24074074074074073,0.3,0.4642857142857143,0.5858895705521472,0.5714285714285714,,
TNS3,,0.8113207547169812,,,,0.8102893890675241,,
TOB1,,,,0.9354838709677419,0.9531656548135299,,,
TOB1-AS1,,,,0.7111111111111111,,,,
TOB2,,0.6975476839237057,0.8590604026845637,0.935251798561151,0.9606025492468134,,,0.7058823529411765
TOGARAM1,,0.34050179211469533,0.9064748201438849,0.9140127388535032,0.867603550295858,0.8171206225680934,0.9621036349574633,0.8260869565217391
TOLLIP,0.5532224532224532,0.7774566473988439,0.7065139584824625,0.6616989567809239,0.6843054720384847,0.5692208628461043,0.5601060425998721,0.8151848151848152
TOM1L1,0.6982758620689655,,,,0.7642585551330798,,,
TOM1L2,0.988759187202767,,,,,,0.990036231884058,
TOMM20,0.7897518014411529,0.5396678966789668,0.8177802319160685,0.8080607862570202,0.7865307677652886,0.7899397803754871,0.7767433369843009,0.7055793991416309
TOMM22,,,0.9423076923076923,,,,,
TOMM34,0.9730033745781778,,,0.975,,,,
TOMM7,,,,0.0032803867403314916,,,,
TOMM70,,,0.8765432098765432,0.9315707620528771,,0.9523809523809523,0.9832402234636871,
TOP1,0.7933884297520661,0.4872611464968153,0.8253424657534246,0.8176100628930818,0.9255852842809364,0.8803827751196173,,0.7698744769874477
TOP2B,,,0.9774590163934426,0.9253294289897511,0.8932500743383883,0.9714656290531777,,0.9261992619926199
TOP3A,,,,,0.1047040971168437,,,
TOPBP1,0.061068702290076333,,,,,,,
TOR1A,0.7253218884120172,,,0.637223974763407,0.7238949391415759,0.680161943319838,,0.7272727272727273
TOR1AIP1,,,,0.9345794392523364,0.9587458745874587,,0.971457185778668,
TOR1AIP2,0.2852998065764023,,0.501577287066246,,0.4062319676860935,0.43309859154929575,0.06818181818181818,0.5474452554744526
TOX,0.42245989304812837,0.8181818181818182,0.8779661016949153,0.9235880398671097,0.9658415841584158,0.8681318681318682,0.9177914110429448,0.823943661971831
TOX-DT,,,,0.9038461538461539,0.19243986254295534,0.22,,
TOX4,0.8748882931188561,0.504950495049505,0.5138339920948617,0.48118279569892475,0.948905109489051,0.7506561679790026,0.4803331790837575,
TP53BP1,0.8896713615023474,0.2846715328467153,0.9074074074074074,0.8891170431211499,0.9664072101597706,,0.41203104786545924,
TP53INP2,,,0.9614512471655329,,,,,
TP53RK,0.6025236593059937,,,,,0.27906976744186046,0.5054054054054054,
TP53TG1,0.2711864406779661,0.25,,,,,,
TP53TG5,,0.26380368098159507,0.2403846153846154,,0.3260680034873583,,,
TPCN1,,,,,0.9053627760252366,,,
TPD52,0.1947878382893418,0.2222222222222222,0.07701863354037267,0.16770670826833073,0.22292449607106252,0.1689119170984456,0.17571168139110924,0.17443868739205526
TPD52L1,,,,,0.9735169491525424,,0.943089430894309,
TPD52L2,0.9261083743842364,,,,,,,
TPGS2,0.09152798789712557,,0.07975460122699386,0.2988668555240793,0.1583554376657825,0.09330628803245436,0.0997624703087886,0.17320261437908496
TPI1,0.9783060715275852,,,,0.9845540292460594,,,
TPM1,0.7580707895760405,0.8133333333333334,0.8702290076335878,0.9342105263157895,0.8958333333333334,0.8424068767908309,0.9736147757255936,0.888135593220339
TPM2,0.41836734693877553,,,0.8617021276595744,0.4746666666666667,0.9130434782608695,,
TPM3,0.7684321396328618,0.7676630434782609,0.7641815235008104,0.796923076923077,0.8494553941908713,0.645127670661803,0.6920307249159866,0.682983682983683
TPM4,,0.5870786516853933,0.8143236074270557,0.9090909090909091,0.6884100174723354,0.8926701570680629,0.8442186744073537,0.773972602739726
TPMT,0.8117932148626817,,,0.8289473684210527,0.8890074706510138,0.5044510385756676,0.527927927927928,0.39903846153846156
TPP1,0.9399865138233311,0.9740820734341252,0.8513189448441247,,0.9710174717368962,0.8982758620689655,,
TPP2,,,,,0.44841269841269843,0.7560975609756098,,
TPPP,0.9712625121084921,,0.9387201735357917,0.9577765900587921,0.9185110663983903,0.9466374269005848,0.908806740962218,
TPPP3,,,,,,0.941908713692946,0.95326278659612,
TPR,0.6986506746626686,0.5714285714285714,,0.7440944881889764,0.31022408963585435,0.8108108108108109,0.329608938547486,
TPRG1L,,,,0.9738605898123325,0.9686075949367089,,0.9729809976247031,
TPRKB,0.4469507101086048,,,,0.5013850415512465,,,
TPST1,,,0.8888888888888888,0.9414634146341463,,,0.9540133779264214,
TPST2,,,,,0.1603415559772296,0.09659090909090909,,
TPT1,0.5924213400268622,0.6667351069134426,0.6767497603068073,0.6973726889393448,0.631451410334077,0.7178525378033056,0.6545438417527831,0.8491100960781225
TPT1-AS1,,0.12727272727272726,,,,0.325,0.17059639389736478,
TRA2A,,0.8699551569506726,0.9375,,0.9432267337405678,0.938953488372093,,
TRA2B,,0.7884615384615384,,0.9701726844583988,,,,0.8021978021978022
TRABD2A,,,,,0.8720379146919431,,,
TRAF3,0.8585657370517928,,,0.943502824858757,0.8853362734288864,0.8282208588957055,0.7859391395592865,
TRAF3IP1,,,,,0.8777589134125636,0.7101449275362319,,
TRAF3IP2-AS1,0.5867158671586716,,,,0.6625514403292181,0.7777777777777778,0.8488745980707395,
TRAF6,,,,,0.7017114914425427,,,
TRAF7,0.4541577825159915,0.74,,0.4567901234567901,0.5655253837072018,,0.25495557074504444,
TRAK1,0.9494655004859086,0.8389261744966443,0.9088235294117647,0.9288793103448276,0.9006568144499179,0.8551136363636364,0.9799544419134396,
TRAK2,,0.8148148148148148,0.9081632653061225,0.8676470588235294,0.8766105054509415,0.8725868725868726,0.9526813880126183,
TRAM1,0.9560185185185185,0.8883720930232558,,,,0.9558823529411765,,
TRAPPC10,0.7252066115702479,0.45180722891566266,0.5234899328859061,0.502262443438914,0.3994736842105263,0.622093023255814,0.5733333333333334,
TRAPPC12,,,,,0.14034179181771103,,0.9702450408401401,
TRAPPC13,,,0.879746835443038,,0.9098613251155624,0.923728813559322,,
TRAPPC2L,0.07921146953405019,,0.30063291139240506,0.14853195164075994,0.2029102667744543,0.10344827586206896,0.14829142488716957,
TRAPPC5,,0.02631578947368421,,,0.017337727468118642,,,
TRAPPC6B,,,,,0.9784059678052611,0.9736147757255936,0.9721048182586645,
TRAPPC8,,,,,,0.954337899543379,,
TRAPPC9,,,0.14361702127659576,0.8812949640287769,0.9816901408450704,0.08225108225108226,,
TRHDE,0.7252964426877471,,,0.8347107438016529,,,0.7106430155210643,
TRHDE-AS1,,,,,0.4222222222222222,,,
TRIL,0.36380597014925375,0.3687150837988827,0.3898305084745763,0.4370860927152318,0.20245398773006135,0.33181818181818185,0.338660110633067,0.32325581395348835
TRIM13,,,,,0.2041522491349481,0.18309859154929578,,
TRIM14,,,,,0.9726027397260274,,,
TRIM2,,0.9853709508881923,0.9776887871853547,0.9563409563409564,0.9683760683760684,0.7386018237082067,0.9884350753915971,0.9143135345666992
TRIM22,,0.7692307692307693,,,,,,
TRIM23,,0.6526315789473685,,0.7372654155495979,0.7188141391106043,0.8,,
TRIM24,,,,0.8088235294117647,0.10623946037099494,,,
TRIM27,,,,0.6892857142857143,0.643289606458123,0.7323943661971831,0.7049356223175965,0.7631578947368421
TRIM28,,,0.8452768729641694,,,,,
TRIM32,,,,,0.857916102841678,,0.11608623548922056,
TRIM33,0.9364754098360656,,0.8358974358974359,0.84375,,0.8904494382022472,0.9519543973941368,0.6307692307692307
TRIM35,,,,,0.37723214285714285,,,
TRIM36,,,,,0.829105473965287,0.8760330578512396,0.8796960742929506,
TRIM37,,,,0.9512195121951219,0.9708197350739105,0.9295652173913044,0.8969763092269327,
TRIM44,0.8737300435413643,,0.8905950095969289,0.8407789232531501,0.8238710886265692,0.8515769944341373,0.8892278360343184,0.6964705882352941
TRIM52,,,,0.8807947019867549,,,,
TRIM52-AS1,,0.46835443037974683,,,,,,
TRIM56,,0.5857142857142857,,,0.7222222222222222,,,
TRIM59,,0.525,,,,,,
TRIM69,0.6149691358024691,0.6065573770491803,0.9578947368421052,0.9739583333333334,0.5636034404708012,0.5301204819277109,0.6260869565217392,
TRIM7-AS2,,,,0.3368146214099217,,,,
TRIM8,,,,,0.9654439128123339,,,
TRIM9,0.7546840958605664,0.8488372093023255,0.8065015479876161,0.7628458498023716,0.7481846473029046,0.7522464698331194,0.7356273604699958,0.7544303797468355
TRIO,0.6842867487328023,0.6568047337278107,0.7584541062801933,0.9,0.8139312977099237,0.7094736842105264,0.893375147001176,0.814621409921671
TRIP11,0.9324009324009324,,0.5971223021582733,0.6129032258064516,0.9030492572322126,0.4315068493150685,0.5005128205128205,
TRIP12,0.4602739726027397,0.8015564202334631,0.413953488372093,0.39820359281437123,0.4584466606225446,0.9700598802395209,0.3446039833256137,0.41603053435114506
TRIP4,,,,,0.7463414634146341,,,
TRIQK,,,,,0.9100719424460432,0.9535714285714286,,
TRMT10A,,,,,0.6904761904761905,,,
TRMT10C,,0.48,,,,0.5404814004376368,0.6835629921259843,
TRMT11,,,0.9078014184397163,,,,,
TRMT12,0.11711711711711711,,,,,,,
TRMT13,0.6836158192090396,,,,0.9014084507042254,,,
TRMT1L,0.7758620689655172,,0.7466666666666667,,0.4308755760368664,0.7664233576642335,0.9109863672814755,
TRMT2A,,,0.2638888888888889,0.2925531914893617,0.28690807799442897,0.24545454545454545,0.2892209178228389,
TRMT6,0.7558139534883721,,,,,,,
TRMT9B,,,0.6329113924050633,,0.7776735459662288,0.7441860465116279,0.9207920792079208,
TRNAU1AP,,0.23636363636363636,0.1337579617834395,,0.08650190114068441,0.13725490196078433,,
TRNP1,,,0.8607594936708861,,,,,
TRNT1,0.8085106382978723,,,0.5280898876404494,0.3925233644859813,0.36666666666666664,,
TRPC4AP,,0.850828729281768,,,0.9774723176785033,,,
TRPM3,0.90234375,,,0.8770949720670391,0.8627167630057804,,0.7753721244925575,0.8547008547008547
TRPM4,,,,,0.6779661016949152,,,
TRPM7,,,,,0.16304347826086957,0.35384615384615387,,
TRPS1,,,0.8174603174603174,,0.7216981132075472,,0.6884422110552764,
TRUB2,,,,0.043137254901960784,0.05472197705207414,,,
TSBP1-AS1,0.9135446685878963,,,,,,,
TSC1,,,,,0.9294245385450597,,0.9842988630211154,
TSC2,,,,,0.7424090757424091,0.9628571428571429,,
TSC22D1,0.956271023546372,,,0.9738356881214024,0.9609140108238123,0.9686762497318172,0.9482236154649948,
TSC22D2,0.4006479481641469,0.7916666666666666,0.9581749049429658,0.9596412556053812,0.47459519821328866,0.8755555555555555,0.9787063077541182,0.3786407766990291
TSEN15,0.6784630940343782,0.9236111111111112,0.40703517587939697,,0.4750830564784053,0.5743801652892562,,
TSEN2,,,,,,0.4528301886792453,0.4262295081967213,
TSFM,0.1794871794871795,,,0.20089285714285715,0.21775544388609716,,,
TSG101,0.0875309661436829,,,,0.11287048315062931,0.07462686567164178,,
TSGA10,,,,0.3888888888888889,0.8681672025723473,,,
TSHZ1,0.7488514548238897,,,,,0.6590909090909091,,
TSHZ2,,,,,0.8918367346938776,,,
TSHZ3,0.1836734693877551,,0.8333333333333334,0.17532467532467533,0.9245562130177515,0.14285714285714285,,
TSN,0.11666666666666667,,,,0.13113579362235758,0.14893617021276595,,0.0846774193548387
TSNARE1,,,,,,,,0.5882352941176471
TSNAX,0.723170731707317,0.8888888888888888,0.7125307125307125,,0.9714285714285714,,0.7754786905497221,
TSPAN14,0.45925925925925926,,,0.27007299270072993,0.4103479036574487,0.5965909090909091,0.30210325047801145,0.4084507042253521
TSPAN3,,0.9868131868131869,,0.010716677829872739,0.021911376308324366,,0.9919509741150645,
TSPAN5,,0.8211143695014663,0.9537892791127541,0.9755102040816327,0.9703111111111111,0.9656488549618321,0.961369461735628,0.9443207126948775
TSPYL1,0.09157832744405182,0.0488997555012225,0.9850824391520544,0.05835453774385072,0.043315770126210025,0.0461082910321489,0.14789337919174547,0.03587180241105557
TSPYL2,,,,0.9348127600554785,0.9082324455205811,,,
TSPYL4,,,0.9413707679603633,0.9395348837209302,0.9857188194224056,0.9269461077844311,0.9473372781065089,
TSR1,0.4821852731591449,,,,0.47613065326633164,,0.5680672268907563,
TSR2,,,,0.8951724137931034,0.029492246883551232,,0.02445109780439122,
TTBK1,,0.6885245901639344,0.6382978723404256,0.5906976744186047,0.5890652557319224,0.6060606060606061,0.7007874015748031,0.6511627906976745
TTBK2,,,,,0.9817012858555886,,0.9901675163874727,
TTC1,0.6038894575230297,0.5933503836317136,0.6678700361010831,0.6768253968253968,,0.6059160305343512,0.9832972471388803,
TTC14,,,0.15207373271889402,,0.22351959966638865,0.14351851851851852,,
TTC17,,,,,0.8298465829846583,,0.9012485811577753,
TTC19,0.03210649960845732,,,0.9379968203497615,0.0618137454249695,0.8887171561051005,0.9603624009060022,
TTC21B,,,0.2682926829268293,0.43137254901960786,0.20375586854460093,0.3333333333333333,0.79,
TTC28,,,,0.45384615384615384,0.39660056657223797,,0.7066473988439307,
TTC3,0.9149894863322319,0.7883369330453563,0.9364791288566243,0.821944177093359,0.7648116694974523,0.5955176093916755,0.8666666666666667,0.7234251968503937
TTC33,0.5854545454545454,0.5740740740740741,0.6,0.9244444444444444,0.622255489021956,0.8792569659442725,0.6311977715877437,0.5763546798029556
TTC39B,,,,,0.8827361563517915,0.6644736842105263,0.796086508753862,0.4451219512195122
TTC39C,,,0.8448275862068966,0.8894472361809045,0.8678304239401496,,0.9052287581699346,
TTC5,,,,,0.04976303317535545,,,
TTC7A,,,,,0.41975308641975306,,0.6043956043956044,
TTC7B,,,,,0.9796006944444444,,0.9629314017895185,
TTC8,,,,,,,0.8456375838926175,
TTC9,0.3659147869674185,,0.808695652173913,,0.3831417624521073,,0.3572744014732965,
TTC9C,0.11040609137055837,,0.2866666666666667,0.248,0.1670103092783505,,,0.2980769230769231
TTF1,,,,,,0.36683417085427134,,
TTL,,,,,,0.959375,0.9836065573770492,
TTLL11,0.8364611260053619,0.8404255319148937,,,0.8299120234604106,0.7555555555555555,0.8374384236453202,
TTLL3,,,,,0.8703703703703703,,,
TTLL7,0.6483720930232558,0.6207753479125249,0.6374643874643875,0.7724498692240628,0.7760485093481556,0.6316742081447964,0.9532174556213018,0.43902439024390244
TTPAL,,,,,0.9089655172413793,,,
TTTY14,,,,0.6136363636363636,0.8935574229691877,0.5869565217391305,,
TTYH1,,,0.9934823091247672,,0.9967832730197025,,,
TUBA1A,0.9913128038897893,0.9942915392456677,0.9907390917186109,,0.9920536379438788,,,
TUBA1B,0.9492667223083343,0.9971606033717835,0.9927328782206563,0.9921289155985747,0.9619547717533995,0.9953586745784619,0.9803714180297627,0.9915246514171148
TUBA1C,,,,,0.914740243599304,,,
TUBA4A,0.27138810198300284,0.23579545454545456,0.23656578134651018,0.9955637707948244,0.9865186360031721,0.2333617747440273,0.9912162767769114,0.30014224751066854
TUBA8,,,,,0.04123076923076923,,,
TUBB,0.9802326778544219,0.9858323494687131,0.2644741349777321,0.2170275590551181,0.9785108047914284,0.9629365645046329,0.2620800233219153,0.2364179104477612
TUBB2A,,,,,0.9966517189835575,,,
TUBB2B,,,0.9897340177321512,,,,,
TUBB4B,,,,0.9831563529842549,,,,
TUBE1,,,,0.8686131386861314,,,0.9126760563380282,
TUBG2,,,,0.9801526717557252,0.981579879560751,,,
TUBGCP2,,,,0.9620034542314335,0.048239124001183784,0.07262569832402235,0.06494845360824743,
TUBGCP4,0.51875,,0.4936708860759494,,0.6830601092896175,0.9097744360902256,0.8743169398907104,0.25252525252525254
TUBGCP5,,,,0.2624113475177305,0.3150492264416315,0.7421875,0.12961011591148577,
TUBGCP6,,,,,0.35608856088560886,,,
TUFM,,,,0.9328201539538139,0.012493110417049421,,,
TUG1,,,,0.13675213675213677,0.2907058001397624,,,
TUSC2,0.6322271638727335,0.5828571428571429,0.8198198198198198,0.7357723577235772,0.6143811644925231,0.761437908496732,,
TUSC3,0.14452054794520547,,0.12362637362637363,0.9512195121951219,0.10865671641791044,0.9543795620437956,,
TUT4,0.48968512486427795,0.2570281124497992,,0.7165991902834008,0.7323529411764705,0.6291390728476821,,0.5633802816901409
TUT7,,,,,,,0.8491620111731844,
TVP23A,0.6804979253112033,,,,0.6120092378752887,0.5595238095238095,,
TWF1,,,,0.9609929078014184,,,,
TXLNG,,0.7076923076923077,,0.8173913043478261,0.7676923076923077,0.7868852459016393,,
TXLNGY,0.17763157894736842,,,0.6732673267326733,0.6961538461538461,0.36538461538461536,,
TXN,,,0.7039170506912442,,0.7102114932706687,,,
TXNDC15,,0.7207207207207207,0.6968641114982579,0.6972010178117048,0.5391723583768582,0.6109589041095891,,
TXNDC16,,0.6951219512195121,,0.9194630872483222,0.8446700507614213,,,
TXNDC17,,0.1724137931034483,,,0.18144927536231883,0.14285714285714285,0.11935266351989211,
TXNDC5,,,,,0.9688,,,
TXNDC9,0.9287974683544303,,,,0.8393213572854291,,,
TXNIP,0.8846153846153846,0.9309941520467836,0.865265760197775,,0.7861524978089395,,0.9002141327623127,
TXNL1,0.33524590163934426,,,0.764034253092293,0.3863453815261044,0.873015873015873,0.9314102564102564,0.7821782178217822
TXNL4A,0.03313712666230652,,,,0.06477732793522267,0.055765595463137994,0.10549104506986813,
TXNL4B,,,,,,0.8829787234042553,,
TXNRD1,,0.37714285714285717,,,0.8060847313050896,0.7440758293838863,,
TXNRD3,,,,,0.4857142857142857,,,
TYRO3,0.9574683544303797,0.8608490566037735,,0.9434092477570738,0.9351789331532748,0.9357045143638851,0.9668725435148793,0.9035460992907801
TYSND1,0.4759036144578313,,,,,,,
TYW5,,,,,0.525691699604743,,,
U2AF1,0.9516908212560387,,,,,,,
U2SURP,0.7341772151898734,0.46835443037974683,0.6978193146417445,0.4515366430260047,0.7704219899341851,0.7854785478547854,0.6922660897782585,
UACA,,,,,0.5689655172413793,,,
UAP1,,,,,0.06365883807169345,,,
UBA1,,,,,0.993236866939289,,,
UBA2,,0.9345794392523364,,0.9324116743471582,0.022239872915011914,,,
UBA5,0.3560855263157895,0.4230769230769231,0.4189189189189189,0.8382352941176471,0.5397022332506204,0.3511111111111111,0.6689655172413793,
UBA52,0.21053361053361053,,0.5655250040199389,0.15251798561151078,0.1438192061128019,0.12335958005249344,,0.10378349973725697
UBA6,,,,,0.7552417629439452,0.4676258992805755,,
UBA6-DT,,,0.660377358490566,,0.3202247191011236,,,
UBAC2,,,,,,,0.9054640069384216,
UBAP1,,,,,,0.9613095238095238,,
UBAP2,0.6113695090439276,0.46078431372549017,0.6271844660194175,0.2909090909090909,0.40454346876365227,0.6104651162790697,,0.22514619883040934
UBAP2L,0.8857421875,0.5982142857142857,0.9181494661921709,0.6649616368286445,0.6153096050706972,0.6657681940700808,0.4828335506301608,0.6742081447963801
UBASH3B,,,,,0.8809523809523809,,,
UBB,,,,,,0.965230064542994,,
UBC,0.6532619951674146,0.8180936547520089,0.8904412781850879,0.7355897435897436,0.6125795398923152,0.7600769432543499,0.8182866924679965,0.7473481195756991
UBE2A,,0.8484848484848485,,,,,,
UBE2B,0.3424698795180723,0.21686746987951808,0.3532934131736527,0.3224455611390285,0.2996733418548502,0.32700993676603435,0.394323990833774,0.24193548387096775
UBE2D1,,,0.5205479452054794,,0.4089184060721063,0.4375,0.4854452054794521,0.5263157894736842
UBE2D2,0.17515274949083504,0.7705882352941177,0.23142250530785563,0.2111888111888112,0.8515381185911726,0.8383838383838383,0.9404761904761905,0.8910891089108911
UBE2D3,0.9103516592372461,0.9006289308176101,0.9385342789598109,0.7698209718670077,0.7495580436063641,0.7524544179523142,0.7982760838800977,0.29261363636363635
UBE2D4,0.8580171358629131,0.66,0.5297029702970297,0.8458333333333333,0.42809642560266004,0.423728813559322,0.5305263157894737,
UBE2E2,0.9456040480708412,0.8771929824561403,,0.9684908789386402,,0.32978723404255317,0.9551145038167939,
UBE2E3,,,,,0.982750995134896,0.9413173652694611,,
UBE2F,0.1815126050420168,,,,0.1594851706771125,0.17664670658682635,,
UBE2G1,0.6424517593643587,0.6181818181818182,0.63125,,0.6764801035263669,0.8865546218487395,0.6146788990825688,0.6153846153846154
UBE2H,0.6236059479553904,0.7285223367697594,0.7279596977329975,0.6724470134874759,0.6128613186099383,0.9748953974895398,0.9714611872146118,0.6408045977011494
UBE2I,0.4507261410788382,0.242152466367713,0.3105590062111801,0.3964968152866242,0.3654654654654655,0.9289940828402367,0.40972437287085783,
UBE2J1,0.9240506329113924,0.8837209302325582,0.39,,0.5003831417624521,0.5568181818181818,0.9142212189616253,0.38596491228070173
UBE2J2,0.5589225589225589,0.6197183098591549,,0.5888594164456233,0.6256830601092896,0.5607843137254902,0.5520421607378129,0.6463414634146342
UBE2K,0.7685106382978724,0.7943548387096774,0.8467614533965245,0.7866061293984109,0.7793921175684703,0.7144772117962467,0.8443611036699705,0.8844221105527639
UBE2L3,0.8253275109170306,0.7697368421052632,0.8524945770065075,0.6138716356107661,0.788688138256088,0.8012684989429175,0.6765887509130752,0.7191358024691358
UBE2N,0.6416252557731658,0.3492063492063492,0.9533582089552238,0.586707410236822,0.6100975816716164,0.6236842105263158,0.11411560406846936,0.4279749478079332
UBE2Q1,,0.10646387832699619,,0.9523809523809523,0.21848275862068967,0.1321928460342146,,0.14432989690721648
UBE2Q2,0.8002793296089385,,,,0.7081364829396325,,0.7166979362101313,0.5942857142857143
UBE2QL1,0.05523877405559515,,0.045303867403314914,0.06821963394342762,0.08274734260016353,0.05342741935483871,0.03380662609871535,
UBE2R2,0.2809917355371901,0.22924901185770752,0.3319919517102616,0.32087227414330216,0.9872122762148338,0.2621184919210054,0.27922774401144085,
UBE2V1,0.8710445729840082,,,,,0.8425531914893617,0.8993252361673414,0.8453038674033149
UBE2V2,0.2908415841584158,0.36666666666666664,0.23915461624026696,0.14057826520438685,0.8482334047109208,0.2750809061488673,,0.10606060606060606
UBE2W,0.5896825396825397,0.7785714285714286,0.372,0.41116751269035534,0.6434479756203744,0.6532258064516129,0.28646803227808815,0.7087628865979382
UBE2Z,,,,0.96,,,,
UBE3A,0.8623265741728922,0.5508982035928144,0.7716186252771619,0.9516806722689075,0.57621865314173,0.9172932330827067,0.7165398703860242,0.5833333333333334
UBE3B,0.9349775784753364,,,,,0.896969696969697,0.9652014652014652,
UBE3C,,,,0.9516539440203562,0.950792782941498,,,
UBE4A,,0.9360730593607306,,,,,0.9878387769284225,
UBE4B,,0.9214659685863874,,0.7574931880108992,0.7340082834790612,0.7676348547717843,0.8116846284741918,
UBFD1,,,,,0.916077738515901,,,0.9078947368421053
UBIAD1,,,,,0.6045918367346939,,,
UBL3,0.9107271418286537,0.8764044943820225,0.8882931188561215,0.8520315342631898,0.9746632884384585,0.8240740740740741,0.8851837060702875,0.9115770282588879
UBLCP1,0.7822045152722443,,,0.698943661971831,0.8824281150159744,0.9712837837837838,0.8698368622006248,0.6923076923076923
UBN1,,,,,0.832579185520362,,,
UBN2,,,,,,0.8208955223880597,,
UBOX5,,0.5,,,0.41346153846153844,0.3368421052631579,,0.5108695652173914
UBQLN1,0.765635507733692,0.8327645051194539,0.981574539363484,0.8539865513928915,0.8870558375634517,0.7700631199278629,0.8806179775280899,0.828042328042328
UBQLN2,0.12575090108129755,0.10628019323671498,,0.10093167701863354,0.11610708475077651,0.11330561330561331,0.14571657325860687,0.08734939759036145
UBR1,0.7790432801822323,,,0.6615384615384615,0.9724025974025974,,,
UBR2,0.9515570934256056,0.905982905982906,,0.8257261410788381,0.8274739583333334,0.9226519337016574,,
UBR3,0.9791344667697064,0.6929133858267716,,0.9571150097465887,0.935666313184871,0.9474835886214442,0.9582978723404255,
UBR5,0.5072083879423329,0.4453125,0.5957446808510638,0.6017699115044248,0.6044551475015051,0.3772455089820359,0.9737394957983193,0.5859872611464968
UBTD2,,,,,0.8910256410256411,,,
UBTF,0.2301523656776263,0.2131979695431472,0.13368983957219252,0.16990291262135923,0.9780821917808219,0.18032786885245902,0.23701923076923076,0.18207282913165265
UBXN1,0.642315644383184,0.8825688073394495,,0.9020689655172414,,,,0.7984790874524715
UBXN10,,,,,0.9644300727566694,,,
UBXN2A,,0.5384615384615384,0.39552238805970147,,0.41237113402061853,0.4146341463414634,,
UBXN4,0.4342870999030068,0.5678391959798995,0.6401137980085349,0.6540284360189573,0.7595098289507276,0.9488636363636364,0.6961325966850829,0.48237885462555063
UBXN7,,0.6517857142857143,,,0.9130434782608695,0.7857142857142857,,0.78
UCHL1,,,,,,0.9831415787791626,0.9488514833069841,
UCHL3,,0.823076923076923,,,,,0.9620081411126187,
UCHL5,0.34686971235194586,0.47619047619047616,,0.5021929824561403,0.5948302709436313,0.41471571906354515,0.5393368010403121,
UCK1,,,0.9090909090909091,0.8910891089108911,0.9249573621375782,0.8883248730964467,0.8638195004029009,
UCK2,0.786144578313253,,,,0.7026548672566372,0.6018518518518519,,
UFD1,,,0.09142857142857143,,,,,
UFL1,0.8804347826086957,0.8939393939393939,,,,0.5853658536585366,,
UFM1,0.6773787019533711,,0.9634146341463414,0.9513381995133819,,0.9717948717948718,,
UFSP2,0.47438330170777987,,,0.5555555555555556,,,,
UGCG,0.9375619425173439,,,,,,,
UGDH,0.6684491978609626,,0.4861111111111111,,0.6890951276102089,0.7121212121212122,,
UGGT1,,,,,0.8124452234881683,,0.9582608695652174,
UGGT2,0.9099099099099099,,0.6233766233766234,,0.872093023255814,0.6491228070175439,0.845724907063197,0.575
UGP2,0.808876560332871,0.9376558603491272,0.9603803486529319,,0.9704150308468873,0.90171858216971,0.9871081557877596,0.9521331945889698
UGT8,,0.967816091954023,0.9151376146788991,,0.9684113865932048,0.927710843373494,0.9736070381231672,
UHMK1,,0.8969465648854962,,0.9829842931937173,0.913972602739726,0.8294270833333334,,
ULK2,0.5226190476190476,0.487012987012987,0.4742647058823529,0.43037974683544306,0.571206628689798,0.5698529411764706,0.9853503184713376,0.9044943820224719
UNC13A,0.9608892548373816,,,,0.9354946524064172,,,
UNC13C,,,,0.726530612244898,0.9141742522756827,0.7107438016528925,,
UNC50,,,,,0.8661513425549227,,,
UNC5B,,,0.8390243902439024,0.8015267175572519,,,0.880275624461671,
UNC5C,,0.6551724137931034,0.8269230769230769,0.9,0.8286334056399133,0.8131868131868132,0.8114901256732495,
UNC5C-AS1,,,,,0.5533596837944664,,,
UNC5D,,,0.7607361963190185,0.3511450381679389,0.9314750290360047,0.9563318777292577,0.9478764478764479,0.7524271844660194
UNC79,0.39299610894941633,,,,0.45018115942028986,0.927710843373494,0.49813664596273294,0.7125748502994012
UNC80,0.9283536585365854,0.7582417582417582,0.921311475409836,0.9216354344122658,0.9865284974093265,,0.9472827855515783,
UNK,0.7830882352941176,,,,0.7676056338028169,,,
UPF2,,,0.8888888888888888,,0.9563953488372093,0.5284552845528455,,
UPF3A,0.7891849529780565,0.42729970326409494,,,0.8711093375897845,0.9005376344086021,0.9259112519809826,
UPF3B,0.860248447204969,0.863013698630137,0.7666666666666667,0.7552447552447552,0.8544726301735648,0.6694915254237288,,0.30973451327433627
UPP1,,,,,,,0.03636363636363636,
UQCC1,0.7533234859675036,,0.8206521739130435,0.8318042813455657,0.9075178997613366,0.8947368421052632,0.7950743494423792,
UQCC2,0.06734534064212999,,0.1011764705882353,0.14102564102564102,0.15014471780028943,,0.0656525220176141,0.10732984293193717
UQCC6,,,0.8553459119496856,0.9211822660098522,0.30293896006028637,,0.9645021645021645,
UQCR10,,0.07939914163090128,,0.11790949649458253,,,,0.10177628420547287
UQCR11,0.49153167931105185,,0.4763103685053788,0.045994517209869024,0.0920653556403483,0.5511798209926769,0.49741271311073587,0.03761467889908257
UQCRB,0.03399831413318348,0.00390535263036986,0.028602860286028604,0.018928164196123146,0.060798548094373864,0.014259308159493002,0.059617155010952036,0.005346878759524128
UQCRFS1,,,,,,0.9750148720999405,,
UQCRH,,,0.584192439862543,,,,,
URB1,0.15849056603773584,0.24731182795698925,0.2953020134228188,0.2897727272727273,0.4797979797979798,,,
URI1,,0.45180722891566266,0.09090909090909091,0.9014492753623189,0.7411897378065971,0.7684210526315789,,
URM1,,0.8547008547008547,,,,0.10546875,0.07911392405063292,
UROS,0.9832012678288431,,,0.941871921182266,,,0.910106521174331,
USE1,0.9713603818615751,,,,0.6626441405202467,,,
USF2,,,,0.9890873015873016,,,,
USF3,,,,,,,0.880466472303207,
USO1,0.9344624447717231,,,,,0.8755274261603375,0.9602220166512488,
USP1,0.9126365054602185,,,,,,,
USP11,0.9913844325609031,,,0.9801790281329923,0.9942177432678011,,,
USP12,,,,,0.9360790774299835,0.8867313915857605,,
USP13,,,,0.86,,,,
USP14,0.6031175059952039,0.9112426035502958,,0.6175637393767706,0.6237138657520823,0.6122448979591837,0.6731428571428572,0.5643564356435643
USP15,0.6594360086767896,,0.6619718309859155,0.7384615384615385,0.7395388556789069,0.3010752688172043,0.7054176072234764,
USP16,,0.7948717948717948,0.912,0.8351648351648352,,0.9292452830188679,0.9477611940298507,0.8267716535433071
USP19,,,,0.6836734693877551,0.6923076923076923,0.5483870967741935,0.5522233712512926,
USP22,0.990763140532219,,,0.990224032586558,0.9880427942101951,,0.9955790249293872,
USP24,,,,,0.9176313446126447,,,
USP25,0.14380165289256197,,0.4176470588235294,0.9596774193548387,0.27414561664190196,0.24896265560165975,0.27279635258358664,
USP28,0.873015873015873,,,,,,,
USP3,,,,,0.848404255319149,,,
USP31,,,,0.8195488721804511,0.9071986123156982,,0.7516778523489933,
USP32,0.9153187440532826,0.8868613138686131,,0.952513966480447,0.9785814606741573,,0.9738058551617874,0.896551724137931
USP33,0.9734463276836158,0.7481481481481481,,0.8820960698689956,0.917004048582996,0.9550561797752809,0.9528741584671155,0.835820895522388
USP34,0.7832929782082324,0.8302752293577982,0.9657142857142857,0.8687872763419483,0.7915420760358821,0.7873303167420814,0.9451632778804683,
USP36,,,,,0.15639097744360902,0.8333333333333334,,
USP38,,,,,0.03278688524590164,,,
USP42,,,0.7333333333333333,,,,,
USP45,,0.45161290322580644,,,,,0.9292817679558011,
USP46,,0.7707317073170732,0.9636871508379888,,0.8692676249144422,,0.8301507537688442,
USP47,0.8179148311306902,0.4236111111111111,0.35039370078740156,0.5656324582338902,0.9259259259259259,0.48502994011976047,,0.8146067415730337
USP48,0.9292035398230089,0.5026315789473684,,0.8883374689826302,0.5966542750929368,,,
USP53,,,,0.6363636363636364,0.7333333333333333,,,
USP54,,,,,0.945742275810098,,,
USP7,0.7537688442211056,0.7303370786516854,0.4900990099009901,0.745814307458143,0.75,0.9573529411764706,0.6825035561877667,0.42441860465116277
USP8,0.23190789473684212,,,0.2861736334405145,0.9757575757575757,0.2549019607843137,0.3531960996749729,0.24378109452736318
USP9X,,,0.20125786163522014,0.9345794392523364,0.44082654978083907,0.24731182795698925,0.6440677966101694,0.1891891891891892
USP9Y,0.7759282970550576,,,0.7903225806451613,0.7111888111888112,,,
USPL1,0.25,,,,0.19489795918367347,0.1875,,
UTP11,0.17482517482517482,,0.5124555160142349,0.8693181818181818,0.725891677675033,,0.09336099585062241,
UTP14C,,0.8660714285714286,,,0.889281507656066,,,
UTP18,,,0.7755102040816326,0.8461538461538461,,,0.8213552361396304,0.7263157894736842
UTP23,,,,,0.6261127596439169,0.4642857142857143,,
UTP25,,,0.6071428571428571,,0.3729050279329609,,,
UTP3,,,0.3776595744680851,0.9335443037974683,,0.473972602739726,,
UTRN,,,,,,0.7197231833910035,,
UTY,,,,,0.5127020785219399,0.44776119402985076,,
UVRAG,0.46938775510204084,0.6854838709677419,,,0.8178664353859497,0.8513513513513513,,0.574468085106383
UVSSA,,0.6,0.5714285714285714,,,,,
UXS1,,0.835820895522388,,,0.9351415094339622,,,
VAMP2,0.671872458109647,0.3990470518165575,0.5834454912516823,0.6430205949656751,0.7627490168267681,0.984743411927878,0.6398150030494003,0.5476673427991886
VAMP3,,,,,0.9822720694645442,,,
VAMP4,,0.797752808988764,0.8706293706293706,0.9352941176470588,0.8705035971223022,0.8432055749128919,,
VAPA,0.17509313464608833,0.0636604774535809,0.2606679035250464,0.27472527472527475,0.20042445947738427,0.2981680353758686,0.1905302600204383,0.18479307025986524
VAPB,0.6265903307888041,,0.5506912442396313,0.580267558528428,0.46006991126646946,0.5559772296015181,0.6662042175360711,0.5922330097087378
VASH1-AS1,,0.6119402985074627,,,,,,
VBP1,0.9076923076923077,,,,,0.9295392953929539,,
VCAN,,0.7700650759219089,0.9232558139534883,0.9425675675675675,0.9427590154550658,0.49528301886792453,0.8706467661691543,
VCP,0.09663191659983962,,0.1211734693877551,0.9851268591426072,0.09297725024727992,0.08584686774941995,0.9820742637644047,
VCPIP1,0.9116809116809117,0.8673469387755102,,0.509915014164306,0.8943577430972389,0.8028169014084507,0.6101973684210527,
VDAC2,0.9787832864256333,,,,,,,
VEGFB,,0.9519774011299436,,,,,,
VEZF1,0.8201058201058201,0.8660714285714286,,,0.8373115577889447,0.8106060606060606,,
VEZT,0.1262135922330097,,,0.21038961038961038,,0.1858974358974359,,
VGLL4,,,,0.9350348027842227,0.9461235216819974,0.8915254237288136,,0.9221183800623053
VHL,,,,,0.8272292993630573,,0.8810728744939271,
VIM,,,,0.9915384615384616,,,,
VIRMA,,,,0.8333333333333334,0.24743589743589745,,,
VKORC1L1,0.7368421052631579,0.8157894736842105,0.728,0.817629179331307,0.5700892857142857,0.596551724137931,0.4897381457891012,0.7549019607843137
VLDLR,0.2037037037037037,,,,0.44813695871097686,0.28,,
VMA21,0.9186681222707423,,,,,0.9165009940357853,0.9590379556557685,
VMP1,0.9709443099273608,0.8852459016393442,0.08615384615384615,,0.06486880466472303,,0.33471867007672634,
VOPP1,0.08102766798418973,,0.0893719806763285,0.06919060052219321,0.06488294314381271,0.034653465346534656,0.029966919634170072,0.11859838274932614
VPS13A,0.8441176470588235,,0.5912408759124088,0.766798418972332,0.7290372670807453,0.6143344709897611,0.58700882117081,
VPS13C,0.7885852090032154,0.617737003058104,0.7615658362989324,0.8080357142857143,0.7421328671328671,0.7923976608187134,0.8765024038461539,0.5958333333333333
VPS13D,0.8031319910514542,,0.7421602787456446,0.7445544554455445,0.8701996927803379,0.9464882943143813,0.881437125748503,0.8716216216216216
VPS26A,0.7770992366412214,,0.9250645994832042,0.8378378378378378,0.9555214723926381,0.7863894139886578,,
VPS26B,,0.7948717948717948,0.7830802603036876,,0.7567481740234995,,0.8361038203557889,0.7492625368731564
VPS26C,0.8958742632612967,,,,,,,
VPS33A,0.2548449612403101,,,0.368,0.9403726708074535,,,
VPS35,0.059647633198896204,0.1056701030927835,0.09500489715964741,,0.08662435354960038,0.06283783783783783,0.9761833879130694,0.9418604651162791
VPS35L,0.15783783783783784,,0.17054263565891473,0.16225165562913907,0.9842247018083878,0.18352059925093633,0.15045871559633028,
VPS36,0.9431021044427124,,,,0.758472553699284,0.9133333333333333,,
VPS37A,0.33184855233853006,0.4523809523809524,,0.24731182795698925,0.9004694835680751,,0.4525959367945824,
VPS41,0.34480385409497594,0.25,0.37423312883435583,0.8847736625514403,0.5101231475683573,0.35240963855421686,0.3306354916067146,0.17889908256880735
VPS45,,,,,,0.9525547445255474,,
VPS4A,0.015754560530679935,,,0.010576923076923078,,0.9771986970684039,,
VPS4B,,0.7717391304347826,,,,0.9568345323741008,,
VPS51,,0.9618055555555556,,,,,,
VPS53,0.7174211248285323,0.5333333333333333,0.6097560975609756,0.7026022304832714,0.6560251798561151,0.5751445086705202,0.6284233900814211,0.7152317880794702
VPS54,0.5751295336787565,0.5294117647058824,0.6179775280898876,,0.6281645569620253,,,
VRK1,,0.42424242424242425,0.901840490797546,,,,,
VRK2,,0.5700712589073634,,,0.35108153078202997,,,
VRK3,,0.7966101694915254,,0.6194029850746269,0.601907032181168,0.625,0.8013172338090011,0.6923076923076923
VSIR,,0.7,0.08962264150943396,0.06521739130434782,0.9437022900763359,,,
VSNL1,0.9413593211795346,,,0.9929548619644466,0.9159466147417955,0.9543292102759277,0.9128377894057773,0.9712609970674487
VSTM2A,,,,,0.5488721804511278,0.5344827586206896,,
VSTM2A-OT1,0.6433293269230769,,0.5824915824915825,0.9424657534246575,0.46135673304083696,0.5901408450704225,0.6095736724008975,0.6725
VSTM4,0.7653061224489796,,,0.8461538461538461,0.6419491525423728,,,
VTA1,0.9209486166007905,,0.9354838709677419,,0.5373360242179617,0.43380281690140843,0.05292171995589857,
VTI1B,0.13288354356116164,0.6309696092619392,,0.5866302864938608,0.34861766689143625,0.02918781725888325,0.7108753315649867,0.6211312700106724
VWA5A,,,0.6989247311827957,0.6363636363636364,0.607940446650124,0.625,,
VWC2,,,,0.26744186046511625,0.6430960344003822,,0.35,
VXN,0.9255474452554745,0.9108910891089109,,,0.897593984962406,0.8768511301636789,0.9042494481236203,0.9164179104477612
WAC,0.9000908265213442,0.7767741935483871,0.7467191601049868,0.8774002954209749,0.9102663277710245,0.9712301587301587,0.15857385398981325,0.8126684636118598
WAC-AS1,0.662861491628615,0.3939393939393939,,0.4430379746835443,0.9613120269133726,0.5562913907284768,0.771050141911069,
WAPL,0.6942277691107644,0.6898395721925134,0.8652482269503546,0.9403669724770642,0.6475814412635735,0.64,0.7038581856100105,0.6170212765957447
WARS1,0.798023471278567,0.8153846153846154,0.8068965517241379,0.802734375,0.8207017543859649,,,0.8223938223938224
WARS2,0.4,,,,,,,
WASF1,,,,0.9829545454545454,,0.9879385964912281,0.9293117193728408,0.9702517162471396
WASF2,0.6185044359949303,0.9288461538461539,0.692090395480226,,,0.5684210526315789,,0.4745762711864407
WASF3,,0.8638888888888889,,0.9812981298129813,,0.8977395048439182,0.9430735401905692,
WASHC2A,0.9544270833333334,,,,0.9762979683972912,,,
WASHC4,,,,0.9495798319327731,0.8885941644562334,,,
WASL,0.826766304347826,0.8575342465753425,0.9265463917525774,0.9194729136163983,,0.8777885548011639,,0.9393564356435643
WASL-DT,,,,,0.8235294117647058,,,
WBP1,,,,,0.9799777530589544,,,
WBP11,0.9723577235772358,,0.0547945205479452,0.09876543209876543,0.1106884747052111,0.06367924528301887,0.08902333621434745,
WBP1L,0.9616613418530351,,,,0.9705179282868526,,,0.2631578947368421
WBP2,,,,0.9919847328244275,,,0.9943586698337292,
WBP4,0.5102523659305994,0.625,0.5872340425531914,0.5498281786941581,0.7719580983078163,0.5793650793650794,,
WDFY1,,,,,,0.9186046511627907,,
WDFY2,,0.8461538461538461,,,0.8530534351145038,,,
WDFY3,0.8750740082889283,0.8723404255319149,,0.6090909090909091,0.7305270135896585,0.8324175824175825,0.9754170324846356,0.8130434782608695
WDFY3-AS2,,0.7951807228915663,,0.7264957264957265,0.6619433198380567,,0.8701550387596899,
WDPCP,,,,,0.8575581395348837,,0.7418397626112759,
WDR1,,0.8907103825136612,,,,,,0.9018867924528302
WDR12,0.3235294117647059,,0.4716981132075472,0.4166666666666667,0.6966292134831461,,,
WDR13,0.19708029197080293,0.19742489270386265,,0.20121951219512196,0.22883135059482154,,0.3163549542379626,
WDR17,0.9496166484118291,,,,,,0.9235104669887279,
WDR20,,0.7380952380952381,,,0.511137162954279,0.4230769230769231,0.4025764895330113,
WDR26,0.1412639405204461,0.7534246575342466,,0.6784922394678492,0.7322239031770046,,0.9143094841930116,0.7024390243902439
WDR27,,,0.20754716981132076,,,,,
WDR33,0.5397727272727273,0.575,,0.45416666666666666,0.6961355214399153,0.4722222222222222,0.8626126126126126,
WDR36,,,0.8484848484848485,0.44285714285714284,0.5733695652173914,,0.6284722222222222,
WDR37,0.44657762938230383,0.5213675213675214,,0.5099778270509978,0.7691197691197691,0.4605263157894737,0.9189373297002725,0.7933884297520661
WDR41,0.5424657534246575,0.5517241379310345,,,0.6755282890252216,,0.7377245508982035,
WDR43,,,,0.7160493827160493,0.8983957219251337,0.5302013422818792,,
WDR44,0.7329974811083123,0.5304347826086957,0.8958333333333334,,,,,
WDR45,0.8781725888324873,,,,,,,
WDR47,,,,,,0.9817739975698664,,
WDR48,0.8486024844720497,0.8875,0.861764705882353,0.8571428571428571,0.973308957952468,0.8807339449541285,,0.9047619047619048
WDR5,,,,0.9105691056910569,0.9301270417422868,0.906832298136646,,
WDR55,,,,,0.811377245508982,,,
WDR5B,,,,,0.3687150837988827,,,
WDR7,,,,,0.41935483870967744,0.3409090909090909,,
WDR7-OT1,0.9540591567023285,,0.9577114427860697,,,,,0.8675213675213675
WDR70,0.8560606060606061,0.37142857142857144,,,,,0.865979381443299,
WDR82,0.9799426934097422,0.748,0.8407643312101911,,0.9878777531159296,0.7910592808551993,0.835997442455243,0.8730325288562435
WDR89,,,,,0.5847953216374269,,,
WDR91,0.8008298755186722,0.6875,,0.37209302325581395,0.8273273273273273,0.7816091954022989,,
WDTC1,,0.11194029850746269,,0.18032786885245902,,,,
WIPF1,,0.8857142857142857,,,0.9540816326530612,,,
WIPF2,0.27596588058203714,0.7552742616033755,0.46194225721784776,0.8237704918032787,0.735126582278481,0.6535433070866141,0.818206745270085,0.33564814814814814
WIPF3,,,0.9484848484848485,0.9323583180987203,,0.9056603773584906,0.9247202441505595,
WIPI2,0.11687745311818579,0.2713864306784661,0.22095238095238096,0.21480582524271843,0.9921860110539356,0.18100890207715134,0.2066115702479339,
WIZ,0.1390284757118928,,,0.11693548387096774,0.11561691113028473,,0.1523809523809524,
WLS,0.040100250626566414,0.08670520231213873,,0.9792663476874003,0.07705363204344874,0.07932011331444759,0.9705561613958561,0.056485355648535567
WNK1,0.7730727470141151,0.9668313338038109,0.9862903225806452,0.8239845261121856,0.9805534779356769,0.8026666666666666,,0.8198529411764706
WNK2,0.3108894430590191,0.45,0.9557291666666666,0.9192751235584844,0.8795060080106809,0.2913907284768212,0.29809921186833566,0.27697841726618705
WNK3,,,,,0.8169014084507042,,,
WNT3,,,,,0.23037974683544304,,,
WNT5A,,,,,0.648936170212766,,,
WNT7A,,,,,0.40070921985815605,,,
WRN,0.4463276836158192,,0.6326530612244898,,,,,
WSB1,,0.9129793510324484,0.7440225035161744,0.7761989342806395,,0.7320388349514563,0.9622116149562451,
WSB2,0.9487929773226043,,0.9684065934065934,0.9871794871794872,0.9726874516877093,0.9543539325842697,,
WSCD1,0.5123456790123457,,,0.5370370370370371,0.5601750547045952,0.45161290322580644,0.49557522123893805,0.7047619047619048
WSCD2,,,,,0.9819067501739736,,,
WTAP,0.4834307992202729,0.8088888888888889,,0.5360169491525424,0.6368315699170718,0.363395225464191,0.5477657935285054,0.7101449275362319
WWC1,,,0.8186528497409327,0.8679245283018868,,,,
WWC3,,,,,0.9125766871165644,,,
WWOX,,0.7185185185185186,0.5897435897435898,0.5867346938775511,0.6993087557603687,0.7582417582417582,0.6912820512820513,
WWP1,,,0.16326530612244897,,0.5893066980023501,0.6274509803921569,0.26611570247933886,
WWP2,0.8598848368522073,,,,,,,
WWTR1,,0.7371134020618557,,,,0.6031746031746031,,
XBP1,,,,0.8367346938775511,,,,
XIAP,0.8425531914893617,,0.8803418803418803,0.47611202635914335,0.8984420080784766,0.92,,
XIST,,0.907608695652174,0.9554176072234764,,,,0.9644303065355697,
XKR4,,,,0.88,0.9591549295774648,,,
XPA,,,,0.8211678832116789,,0.6535947712418301,0.7557861133280128,0.6
XPC,,,,,,,,0.8514851485148515
XPNPEP3,,,0.7866666666666666,,0.5733113673805601,,,
XPO1,,0.8881987577639752,,0.17177914110429449,,,0.9726590854101137,0.9107981220657277
XPO4,0.4435483870967742,,,,,,,
XPO5,0.6236162361623616,,0.7692307692307693,0.6747967479674797,0.6621621621621622,0.5172413793103449,0.6653771760154739,
XPOT,0.5265588914549654,0.6081081081081081,,,0.5103024989039895,0.5544871794871795,0.5728100113765643,
XPR1,0.8330373001776199,,,0.8543689320388349,,,,
XRCC5,,0.8652849740932642,0.9271523178807947,0.8524970963995354,0.9120812182741117,0.8296382730455076,0.9455370650529501,0.7768361581920904
XRCC6,0.9803505045140732,0.9705882352941176,0.956268221574344,0.9718402095612312,0.9501989096802711,0.9709631728045326,0.9559164733178654,
XRN1,,,0.8555555555555555,0.8992805755395683,0.8924581005586593,,,
XRRA1,,,,,,,0.667590027700831,
XXYLT1,,,,0.8214285714285714,,0.7901234567901234,,
XYLT1,,,,,,,0.9206349206349206,
YAE1,0.9067669172932331,,,,0.875,,,
YAF2,0.6232993197278912,0.4657534246575342,0.36180904522613067,0.7060931899641577,0.7843866171003717,0.39501779359430605,0.8331788693234476,0.5405405405405406
YAP1,0.881578947368421,,,,0.972972972972973,,,
YARS1,,,,0.9864253393665159,,0.9840213049267643,,
YARS2,,,,,0.06625,,0.09323583180987204,
YBEY,,,0.5596330275229358,,0.6507413509060955,,,
YIPF2,0.4781704781704782,,0.5555555555555556,0.6097560975609756,0.6602924634420697,0.6821705426356589,,0.6060606060606061
YIPF4,0.7591836734693878,0.35335689045936397,0.7958477508650519,0.7795275590551181,0.21980952380952382,0.5270935960591133,0.6403374233128835,0.6299694189602446
YIPF5,0.5920138888888888,0.5833333333333334,0.4635036496350365,0.4802955665024631,0.7798665858095816,,0.6636709298306257,0.6081081081081081
YIPF6,0.8133140376266281,,,,0.5081743869209809,,0.8038585209003215,
YKT6,0.8184466019417476,,0.8702290076335878,0.8483965014577259,0.7744533947065593,0.7416107382550335,0.8350449293966624,
YLPM1,0.3861671469740634,0.22105263157894736,0.6875,0.8380952380952381,0.1862845445240532,0.7686832740213523,0.12279511533242876,0.24752475247524752
YME1L1,0.7124463519313304,0.7151162790697675,,,0.630901287553648,0.6827133479212254,0.7300884955752213,0.7555555555555555
YPEL1,,,,0.8461538461538461,,,0.8797083839611178,
YPEL2,,0.8472222222222222,0.9134948096885813,,,,,
YPEL3,0.9410034066274389,,,,,0.9745708836617928,,
YPEL5,0.7609417446423181,0.5955882352941176,0.8184971098265896,0.8516605166051661,0.7528974739970282,0.8040345821325648,0.967605633802817,0.8034591194968553
YRDC,,,0.801980198019802,0.7874015748031497,0.7736111111111111,,,
YTHDC1,,0.432520325203252,,0.8268156424581006,0.9459459459459459,,0.8668049792531121,
YTHDC2,0.731404958677686,0.7058823529411765,0.8881118881118881,,,,,
YTHDF1,,,,,0.9447278911564626,,,
YTHDF2,,0.6244131455399061,,,,,,
YTHDF3,,,,,0.9861963190184049,,0.9837764758900406,
YWHAB,0.7674287724234963,0.9553008595988539,0.9820580474934036,0.8950588235294118,0.8768371053366862,0.9205390986943703,0.909241436406913,0.9736415247364153
YWHAE,0.7283835680204818,0.11988847583643122,0.831630568042501,0.8290841999329084,0.8071932993923469,0.7727344865894302,0.8186023861699537,0.8857472590882862
YWHAG,0.9603471494837648,0.965782122905028,0.9708467309753483,0.9777594728171335,0.9700545965918491,0.9725200060395591,0.9825624720552437,
YWHAH,,,,0.943213649096002,0.9189895470383276,0.92140747399512,0.9205816554809844,
YWHAQ,0.9860509209100758,0.845625,,,,,,
YWHAZ,0.8465772836276433,0.5935483870967742,0.7177969959035048,0.6205482961824238,0.6182714021761445,0.6015382539468358,0.7089106637066523,0.8983644859813084
YY1,0.6228528752800597,0.6533665835411472,0.6183908045977011,0.6688102893890675,0.592836676217765,0.7357664233576642,0.7480343102215868,0.5924170616113744
ZBBX,,,,0.3157894736842105,,,,
ZBED4,,,0.3488372093023256,,0.4245614035087719,,,
ZBED5,0.9395194697597349,,,,0.9754901960784313,0.8990825688073395,,
ZBED6,,0.9427710843373494,,0.9241379310344827,0.9480265728800312,,0.9325551232166018,
ZBTB1,0.6734234234234234,0.7831325301204819,0.5446428571428571,0.7156862745098039,0.2911242603550296,0.4594594594594595,,
ZBTB10,,,,,0.899749373433584,,0.19939577039274925,
ZBTB11,,,0.9431438127090301,0.9701149425287356,,,,
ZBTB14,,,,,0.15102639296187684,,,
ZBTB16,0.881729920564872,0.8816029143897997,0.8704379562043796,0.8910776361529548,0.9033457249070632,0.0971563981042654,0.9023148148148148,0.9690721649484536
ZBTB18,,,,0.9528920691711389,0.9705523964256701,,0.9693839911471782,
ZBTB2,,,,,0.9278350515463918,,,
ZBTB20,0.5220588235294118,0.7307692307692307,0.7800687285223368,0.7734375,0.8139171227521501,0.4541284403669725,,0.828125
ZBTB21,0.7840440165061898,0.7570093457943925,,,0.6498277841561424,0.7205882352941176,,
ZBTB25,0.1927710843373494,,,,0.3115264797507788,,,
ZBTB3,0.33116883116883117,,,,0.6302325581395349,,,
ZBTB37,,,,,0.9498269896193772,,,
ZBTB38,,0.92,,0.8218390804597702,,0.9362880886426593,0.8675595238095238,
ZBTB4,0.8071581196581197,0.7744807121661721,0.7729549248747913,0.7977653631284917,0.8375,0.7686084142394822,,0.7945454545454546
ZBTB41,,,0.9531914893617022,,,0.8222222222222222,,
ZBTB43,,,,0.9312169312169312,,,,
ZBTB44,,0.6538461538461539,0.6538461538461539,,0.7651403249630724,,0.9049180327868852,
ZBTB47,0.6074895977808599,0.5695067264573991,0.5306859205776173,0.5993485342019544,0.5218790218790219,0.6347826086956522,0.6310991957104558,0.5488958990536278
ZBTB47-AS1,,0.3191489361702128,,,0.46956521739130436,,,
ZBTB7A,0.440231700895208,0.7411764705882353,0.8815261044176707,0.5467625899280576,0.5322516818361693,0.8674188998589563,0.6419650291423813,0.5221238938053098
ZBTB7C,,,,,,0.43137254901960786,,
ZBTB8OS,,,0.2564102564102564,0.26200873362445415,0.2857142857142857,,,
ZC3H12B,0.8658536585365854,0.6229508196721312,0.3870967741935484,,,,,
ZC3H12C,,,,,0.9004893964110929,,,
ZC3H13,0.6363636363636364,0.23556942277691106,0.8071895424836601,0.47172413793103446,0.6541331802525833,0.4241379310344828,0.6840148698884758,0.378099173553719
ZC3H14,0.7592067988668555,,0.22807017543859648,0.7160493827160493,0.6948228882833788,0.6666666666666666,0.7662976629766297,
ZC3H15,0.880805456316986,0.6323877068557919,0.7988904299583911,0.9681528662420382,0.9265768404608475,,0.963549025148347,0.7873462214411248
ZC3H18,,0.8307692307692308,,,,,,
ZC3H6,0.653179190751445,0.01673101673101673,0.26184538653366585,,0.23286354900704676,0.11514392991239049,0.9355263157894737,0.6739130434782609
ZC3H7A,,,,,,0.896969696969697,,
ZC3H7B,0.9029374201787995,,,,,,,
ZC3H8,0.8807017543859649,,,,0.6909492273730684,0.5706806282722513,0.7128116938950989,
ZCCHC10,,,0.592814371257485,,0.837037037037037,0.4424778761061947,,
ZCCHC14,,,,,0.9467592592592593,,0.9494163424124513,
ZCCHC17,0.8109382366808109,0.5289855072463768,,,,,0.8546850998463902,0.7757255936675461
ZCCHC2,,0.8695652173913043,,0.9037037037037037,0.9263803680981595,,,
ZCCHC24,,0.945141065830721,0.8302238805970149,0.7567567567567568,0.7431804404930289,0.6122448979591837,,
ZCCHC7,,,,,0.911864406779661,,,
ZCCHC8,0.15263157894736842,,,,,,,
ZCCHC9,,,,,0.9060240963855422,,,
ZCRB1,0.5010482180293501,0.486088379705401,0.6099378881987577,0.9114427860696518,0.6474397590361446,,0.6682432432432432,0.5520169851380042
ZDBF2,,,,,,0.7285714285714285,0.9104234527687296,
ZDHHC14,,,,0.13609467455621302,0.1166394779771615,,,
ZDHHC15,,,,,0.823170731707317,,,
ZDHHC17,,,0.9754299754299754,,,,0.9386484884410196,
ZDHHC18,0.7400379506641366,,0.6983240223463687,,0.6666666666666666,0.746031746031746,0.7191157347204161,
ZDHHC2,,0.7747747747747747,0.8841463414634146,,0.5926412614980289,,,
ZDHHC20,,0.9684014869888475,0.9635258358662614,,,,,
ZDHHC21,0.9605911330049262,,0.8344827586206897,0.8269230769230769,0.9555451567618156,0.8825301204819277,0.45068359375,
ZDHHC24,0.3842887473460722,0.6304347826086957,,,0.6226583407671722,0.5224719101123596,0.6464155528554071,
ZDHHC3,0.09233176838810642,0.6764705882352942,,0.22727272727272727,0.9381797366914711,0.7772020725388601,0.1608910891089109,0.47959183673469385
ZDHHC5,,,,,,0.9161290322580645,,
ZDHHC8,0.6267496111975117,0.27884615384615385,,0.5021834061135371,0.2850915431560593,0.5714285714285714,0.5429472025216706,0.30601092896174864
ZDHHC9,0.941351888667992,0.8240740740740741,0.3456521739130435,0.9273927392739274,0.9078703703703703,0.8963963963963963,0.49507389162561577,0.3469387755102041
ZEB1,,0.8688524590163934,,,0.054447852760736194,0.9256198347107438,,
ZEB2,0.08341056533827618,0.7625,0.9127134724857685,0.4394904458598726,0.8309178743961353,0.9095127610208816,0.9359364435429344,0.31239935587761675
ZER1,,0.9195046439628483,,,,,,
ZFAND1,0.8702702702702703,0.2403846153846154,,,0.9631363370392042,0.943609022556391,0.25091799265605874,
ZFAND2A,,,0.7429718875502008,,,,,
ZFAND3,,,,,0.9747612551159618,,0.9651921682378535,
ZFAND5,,0.02422145328719723,0.02690288713910761,0.9442213297634985,0.9484595450619061,0.8527397260273972,0.9717993511355129,0.7241379310344828
ZFAND6,,,,,0.9396551724137931,,,
ZFAS1,,,,,0.6657986111111112,,,
ZFC3H1,0.8013355592654424,0.5514705882352942,0.6944444444444444,,,0.7052023121387283,0.8539571491036292,
ZFHX2,,,,,,0.6296296296296297,,
ZFHX3,,0.6575342465753424,,,0.4884910485933504,,,
ZFHX4,0.5847953216374269,,,,,,,
ZFP14,0.6555023923444976,0.5816326530612245,,0.7831325301204819,0.5804289544235925,0.6630434782608695,0.6244477172312224,
ZFP28,0.7046511627906977,,,0.4,0.6101694915254238,,,
ZFP30,,,,0.8666666666666667,,,,
ZFP36L1,,,,,0.8216720487979907,0.9728571428571429,,0.8643356643356643
ZFP36L2,0.9362880886426593,0.841726618705036,,0.8409703504043127,,,,
ZFP64,,,,,0.1013215859030837,,,
ZFP82,0.7317073170731707,,,,0.5342205323193916,,0.3493975903614458,
ZFP90,,,,0.09137055837563451,0.16219119226638024,0.26153846153846155,,0.16071428571428573
ZFP91,,0.8206896551724138,0.8774193548387097,0.8739495798319328,,,0.9309162175404213,
ZFPL1,0.6145710928319624,0.7741935483870968,,,0.7684729064039408,,0.767921146953405,
ZFR,0.9564,0.774281805745554,0.9389312977099237,0.8898643256185156,0.9565217391304348,0.8955067920585162,,0.9235836627140975
ZFR2,0.3619744058500914,,,,,,0.5292792792792793,
ZFTA,,,,,0.7624584717607974,,,
ZFTRAF1,,0.6686390532544378,,0.72782874617737,0.7010309278350515,0.7298850574712644,0.7565645514223195,
ZFX,,0.10650887573964497,0.25471698113207547,0.2887700534759358,0.31862745098039214,0.2635135135135135,,
ZFYVE16,0.9161073825503355,0.8691588785046729,,,0.94579945799458,0.9298245614035088,,
ZFYVE21,0.8709853021230267,,,0.928,0.8674957118353345,,,
ZFYVE26,,,,,0.8558558558558559,,,
ZFYVE28,,,,,0.9326788218793829,,,
ZFYVE9,,,,,0.7694859038142621,,0.9521178637200737,
ZHX1,,0.68,0.8195876288659794,,0.8152439024390243,0.71671388101983,0.9497816593886463,
ZHX2,,0.9083969465648855,,,,,,
ZHX3,0.8460076045627376,0.7247706422018348,0.8262910798122066,0.8300395256916996,0.6962864721485411,,0.8441754916792739,0.7988505747126436
ZIC1,,0.7674418604651163,0.7766990291262136,,0.8004246284501062,,,
ZKSCAN1,0.9609690444145357,0.8270676691729323,0.9591836734693877,,,0.8387096774193549,,
ZKSCAN5,,,,0.20270270270270271,,,,
ZMAT1,,,,0.5641025641025641,,,,
ZMAT2,0.5320214669051878,0.41012658227848103,0.8488805970149254,0.8923230309072782,0.8125135310673306,0.6121726822363766,,
ZMAT3,0.8765701802293828,,0.8705035971223022,,,,0.9887752556747319,
ZMAT4,,,,0.9326923076923077,,0.9367088607594937,,0.7452830188679245
ZMIZ1,0.9475285171102662,,0.9436893203883495,0.9756468797564688,,,,
ZMPSTE24,,,,,0.9273743016759777,,,
ZMYM2,0.17336485421591805,0.21476510067114093,0.11650485436893204,0.23249299719887956,0.3703872437357631,0.2691415313225058,0.24158125915080528,
ZMYM3,0.8791208791208791,,,,0.9295774647887324,0.9072847682119205,0.9412248253185368,
ZMYM4,0.6691560866318148,0.746031746031746,,,0.4792022792022792,0.329136690647482,0.9647979139504563,0.824
ZMYM6,,,,0.7058823529411765,0.6662162162162162,,0.5981308411214953,
ZMYND11,,0.9186991869918699,,0.9733893557422969,0.9586321014892444,0.9477303988995873,,
ZMYND8,,,,0.8351206434316354,0.8606985146527499,0.939799331103679,,
ZNF106,0.9076457229371688,0.7896678966789668,,0.9010494752623688,0.9416203335980937,0.8021978021978022,0.9343702579666161,0.9395465994962217
ZNF12,,,0.7777777777777778,,,0.831081081081081,,
ZNF131,,0.8307692307692308,,,,,,
ZNF134,0.6565349544072948,,,,0.707492795389049,0.6483516483516484,,
ZNF135,,,,,0.7306122448979592,,,
ZNF136,,,,,0.29177057356608477,,0.28874734607218683,
ZNF138,,,,,0.8311688311688312,,,
ZNF141,0.4647887323943662,,,,,0.6956521739130435,,
ZNF143,,0.49206349206349204,,,,,,
ZNF146,,,,,,0.9267015706806283,0.8781725888324873,
ZNF148,0.3243470935130581,0.6309523809523809,0.6896551724137931,0.6819923371647509,0.6630901287553648,0.5818181818181818,0.670556552962298,0.38666666666666666
ZNF155,,,0.42857142857142855,0.5098039215686274,,,0.4883720930232558,
ZNF175,,,,,0.18564356435643564,,,
ZNF189,,,,0.965625,,,,
ZNF195,0.13157894736842105,0.5526315789473685,,0.23134328358208955,0.1977491961414791,,,
ZNF197,,,,,,0.7,,
ZNF200,0.65625,,,,0.5848375451263538,,,
ZNF207,0.11825396825396825,0.05019305019305019,,0.1589958158995816,0.20966569767441862,0.10344827586206896,0.9444661712944857,0.07142857142857142
ZNF208,,,,,,,0.6903553299492385,
ZNF211,,,,,0.5143824027072758,,,
ZNF213-AS1,,,,,0.4327485380116959,,,
ZNF22,0.5692041522491349,,,,0.9096278795038394,,,
ZNF226,0.9242144177449169,,,,0.8987341772151899,0.44776119402985076,,
ZNF232-AS1,,,0.5653409090909091,,,,,
ZNF236,0.27715355805243447,,,,0.42420382165605097,0.43795620437956206,0.5823170731707317,
ZNF24,0.515728476821192,,,0.9340369393139841,,0.5322195704057279,,
ZNF248,,,,0.8490566037735849,0.8036036036036036,0.7735849056603774,0.8127306273062731,
ZNF25,,,,0.8919354838709678,0.9833542713567839,,0.960618846694796,
ZNF250,,,,,0.21176470588235294,,,
ZNF251,,0.5853658536585366,,,,,,
ZNF252P,0.6163265306122448,,,,0.7711757269279393,0.7384615384615385,0.82174688057041,
ZNF253,,,,,0.2633587786259542,,,
ZNF254,0.8178694158075601,,,,0.7581602373887241,,,
ZNF260,,,0.8026315789473685,,,,,
ZNF263,,,,,0.044956140350877194,,,
ZNF268,0.20416666666666666,0.41025641025641024,,0.6216216216216216,0.2310126582278481,,,
ZNF273,0.8235294117647058,,,,0.5571428571428572,0.6292134831460674,,
ZNF276,,,,0.373134328358209,0.2541037426132633,0.4305555555555556,0.22323462414578588,
ZNF277,,0.8952380952380953,,0.6756756756756757,0.19008264462809918,0.10227272727272728,,
ZNF280D,,,,0.9212121212121213,,,,
ZNF281,0.6991643454038997,,0.6064814814814815,0.6491228070175439,0.8735930735930736,,,
ZNF283,0.34831460674157305,,,0.4583333333333333,0.5059288537549407,,,
ZNF286A,0.6666666666666666,,,,,,,
ZNF292,0.771712158808933,0.5161290322580645,,,0.8699106256206555,0.8173076923076923,0.46466165413533833,
ZNF302,,0.933579335793358,0.5547445255474452,0.6666666666666666,,0.6153846153846154,0.624834290764472,0.4681528662420382
ZNF316,0.1400560224089636,,0.1267605633802817,0.3073770491803279,0.13128491620111732,,0.138801261829653,
ZNF318,0.2015810276679842,,,,0.96602658788774,,0.09408926417370325,
ZNF320,,,,,,0.46808510638297873,0.3076923076923077,
ZNF322,,,,,0.8674568965517241,0.8432835820895522,,
ZNF326,0.4676923076923077,0.1958762886597938,0.3756345177664975,0.34759358288770054,0.27049180327868855,0.4626865671641791,0.45034965034965035,
ZNF331,,0.7368421052631579,,0.8063063063063063,0.8632268632268633,,0.7597567156614293,0.6907216494845361
ZNF333,,,,,0.18604651162790697,0.7962962962962963,,
ZNF334,,,0.4186046511627907,,,,,
ZNF33A,0.8015873015873016,0.6153846153846154,,0.7739130434782608,0.9336244541484716,0.9090909090909091,,0.6
ZNF33B,,,,,0.8592233009708737,,,
ZNF34,,,,,0.37846153846153846,,0.7688734030197445,
ZNF365,,,,,0.9630364673778219,,,
ZNF37A,,0.6470588235294118,0.2682926829268293,0.48148148148148145,0.8317073170731707,,,
ZNF382,,,,,0.6753445635528331,0.7096774193548387,0.6742301458670988,
ZNF383,,,,,0.8881431767337807,,,
ZNF384,,,,,0.9199395770392749,,,
ZNF385B,,,0.8531073446327684,,0.9735336194563662,,,0.8502994011976048
ZNF385D,0.8653846153846154,,,0.6,0.3588588588588589,0.8095238095238095,0.908411214953271,
ZNF395,0.7467166979362101,0.5977011494252874,0.6884422110552764,0.6746031746031746,0.7115384615384616,0.5381165919282511,,0.660377358490566
ZNF397,,,,,0.15527950310559005,0.15151515151515152,,
ZNF404,,,,,,,0.7937743190661478,
ZNF407-AS1,,,,,,0.7974683544303798,,
ZNF41,0.3706293706293706,,,,0.4805491990846682,,0.36827195467422097,
ZNF414,,,,0.4716981132075472,0.8361266294227188,,,
ZNF415,,0.7358490566037735,0.7339449541284404,,,0.6198347107438017,,
ZNF417,,,,,0.7117794486215538,0.7974683544303798,0.8621908127208481,0.4909090909090909
ZNF419,0.4207650273224044,,0.47368421052631576,0.43333333333333335,0.40189125295508277,0.5263157894736842,,
ZNF425,0.7142857142857143,,,,0.9304556354916067,,,
ZNF426,,,,,,0.6351351351351351,,
ZNF428,,,,,0.8623011015911872,,,
ZNF429,0.5589622641509434,0.2222222222222222,0.25217391304347825,0.4129032258064516,0.4439918533604888,0.6470588235294118,0.4606918238993711,0.24390243902439024
ZNF430,,0.46153846153846156,,,,,,
ZNF431,,,,,0.6612903225806451,,,
ZNF436,,,,,0.5162393162393163,,,
ZNF439,,0.4146341463414634,,,0.3734567901234568,0.425,,
ZNF441,,,0.2222222222222222,,0.6078431372549019,,,
ZNF445,,,,,0.19123505976095617,0.1780821917808219,,
ZNF446,0.8102189781021898,,,,0.7560321715817694,,,
ZNF451,0.8196078431372549,0.6891891891891891,,0.658307210031348,0.7837190742218675,,0.8105813193990856,
ZNF461,0.8087431693989071,,,,0.7433628318584071,,,
ZNF470,,,,,,0.6190476190476191,,
ZNF471,,,,0.5714285714285714,0.7087576374745418,,,
ZNF473,,,,,0.4660633484162896,,,
ZNF48,,,,,0.8249641319942611,,,
ZNF483,,,0.9448319594166138,0.9862468331523706,,0.9725963771481654,,0.9227836034318398
ZNF484,,,,,,0.5,,
ZNF487,,,0.24444444444444444,,,,,
ZNF490,,,,0.7721518987341772,,,,
ZNF493,,,,,0.7845117845117845,0.3225806451612903,0.8246153846153846,
ZNF496,,,,,0.1175115207373272,,,
ZNF496-DT,,,,,,0.717948717948718,,
ZNF500,,,,,,0.7288135593220338,,
ZNF502,,,0.6136363636363636,,0.6369426751592356,,,
ZNF503,,,,,0.9133858267716536,,,
ZNF506,0.7676767676767676,,,0.7071428571428572,0.8207816968541468,0.6593406593406593,0.6096579476861167,
ZNF510,0.62,,,0.3815789473684211,0.6458333333333334,,0.8755656108597285,
ZNF512B,,,,,0.8618899273104881,,,
ZNF514,,,,,0.31784841075794623,,,
ZNF516,,,0.7758620689655172,,,,,
ZNF518A,,0.4444444444444444,,0.125,0.7973684210526316,0.7352941176470589,,
ZNF518B,,,,,,0.8205128205128205,,
ZNF519,,,,,0.8868613138686131,,,
ZNF527,0.5357142857142857,,,,,,,
ZNF528,,,,0.45045045045045046,0.8828451882845189,,,
ZNF529,0.4681238615664845,0.69,,,0.5114693118412895,,0.5650035137034435,
ZNF532,0.9637883008356546,0.9478672985781991,0.9013452914798207,0.6885245901639344,0.9283634245777519,0.3785310734463277,,
ZNF536,0.6656050955414012,0.7447916666666666,0.3843283582089552,0.7142857142857143,0.45680573114201434,,0.6056497175141243,
ZNF540,,,,,0.8845789971617786,0.7873563218390804,,
ZNF542P,,,,,0.7163561076604554,,,
ZNF544,0.47058823529411764,,0.4725274725274725,0.3482142857142857,0.45734597156398105,0.448,,
ZNF547,,,,0.6097560975609756,0.7555555555555555,,,
ZNF548,,,,0.4,0.5634920634920635,,,
ZNF549,,,,,,0.3055555555555556,,
ZNF554,,,,0.7105263157894737,,,0.7408056042031523,
ZNF555,,,,,0.5161290322580645,,,
ZNF557,,,,,0.911504424778761,,,
ZNF558,0.225,,,,0.7318611987381703,0.203125,,
ZNF561,,,,0.7666666666666667,0.8287878787878787,,,
ZNF561-AS1,,,,,0.5071090047393365,,0.2722772277227723,
ZNF568,0.6771653543307087,,0.4375,,0.7799442896935933,,,
ZNF570,,,,,0.6666666666666666,0.4393939393939394,,
ZNF576,0.3825503355704698,,,,0.6257378984651711,0.6052631578947368,,
ZNF577,0.550561797752809,,0.782608695652174,0.5428571428571428,,,,
ZNF582,0.7142857142857143,,,,0.680672268907563,0.5757575757575758,,
ZNF583,,,,,,,0.7304075235109718,
ZNF585A,0.412,,0.4126984126984127,,0.3054331864904552,0.4594594594594595,,
ZNF585B,,,,,0.6525096525096525,,,
ZNF592,,,,0.8947368421052632,0.319672131147541,,0.40344827586206894,
ZNF605,0.6145251396648045,0.6,,,0.44221105527638194,,,
ZNF608,,,,,0.9118329466357309,,,
ZNF609,,0.6341463414634146,,,0.7822445561139029,,,
ZNF622,,,,0.8872727272727273,,,,
ZNF623,0.8038277511961722,,,,,,,
ZNF626,,,,,0.8884514435695539,0.5671641791044776,,
ZNF638,0.9230171073094868,0.7284768211920529,0.8864864864864865,0.7325227963525835,0.8300090661831369,0.7535321821036107,0.990800752665691,
ZNF639,,,0.16521739130434782,,0.14990512333965844,0.17088607594936708,0.21153846153846154,
ZNF641,0.23931623931623933,,,0.2375,0.19014084507042253,,0.3064516129032258,
ZNF644,0.9333333333333333,0.7678571428571429,,,0.9370034052213394,0.7421203438395415,,0.7831325301204819
ZNF652,,0.9605734767025089,,,,0.7023809523809523,,
ZNF654,,,0.8225806451612904,,0.906832298136646,,0.8297029702970297,
ZNF655,0.8853503184713376,0.8392857142857143,0.7781818181818182,0.9669669669669669,0.7903711133400201,,0.8704918032786885,
ZNF662,0.40186915887850466,,,,0.2946859903381642,,,
ZNF664,,0.9517426273458445,,,,,,
ZNF667-AS1,,,,0.9171717171717172,0.901090028259992,,,
ZNF675,,,,,0.5396825396825397,0.3023255813953488,0.33540372670807456,
ZNF678,,,,,0.3949579831932773,,,
ZNF680,0.5625,,0.6690647482014388,,0.8888888888888888,0.8201438848920863,0.7165562913907285,
ZNF681,,,,,0.6176470588235294,,,
ZNF682,,,,,0.6473829201101928,,,
ZNF688,,,,,0.9033112582781457,,,
ZNF696,,,,,0.6172248803827751,,,
ZNF7,0.30864197530864196,0.5333333333333333,,,,,,0.578125
ZNF701,,,,,0.6888361045130641,,,
ZNF704,,0.8159509202453987,0.9344262295081968,0.847926267281106,0.9170684667309547,,,
ZNF706,0.1191588785046729,0.2564102564102564,0.32706222865412443,0.06989247311827956,0.3206634416033172,0.3437110834371108,0.0736451048951049,
ZNF708,,0.6388888888888888,,0.7411764705882353,0.6680790960451978,,,
ZNF709,,,,,0.5503875968992248,,,
ZNF710-AS1,0.8347386172006745,,,,0.9306698002350177,0.9282051282051282,,
ZNF714,,,,,,0.5,,
ZNF718,,,,,0.7581395348837209,,0.8264840182648402,
ZNF721,0.8157142857142857,0.9090909090909091,,0.961038961038961,0.9563279857397504,0.9288888888888889,,
ZNF736,,,,0.6307692307692307,,,,
ZNF737,,,,,,0.4444444444444444,,
ZNF738,,,,,0.27624309392265195,,0.21264367816091953,
ZNF74,0.2937062937062937,,,0.43209876543209874,0.415,0.5161290322580645,,0.4489795918367347
ZNF747,,,,,,,0.6749521988527725,
ZNF75A,,,,0.8571428571428571,,,,
ZNF761,,0.6071428571428571,,,,,,
ZNF766,,,,,,,0.3446153846153846,
ZNF774,,,,,0.7762237762237763,,,
ZNF780A,0.8461538461538461,,,,0.8902743142144638,,,
ZNF780B,,0.4583333333333333,,,0.7668845315904139,0.8080808080808081,,
ZNF791,,,,,0.7449757449757449,0.8452380952380952,0.9753265602322206,0.704225352112676
ZNF793,,,,0.711864406779661,,,,
ZNF8-DT,,,,0.18181818181818182,,,,
ZNF800,,0.37037037037037035,,0.35714285714285715,0.31094527363184077,,0.8950201884253028,
ZNF804A,,,,0.8117647058823529,,,,
ZNF81,,,,,,0.6060606060606061,,
ZNF814,,,,,0.7927461139896373,,,
ZNF827,0.8410041841004184,,,0.9190751445086706,,,,
ZNF835,,,,0.2625,,,,
ZNF836,0.3783783783783784,,,,,,,
ZNF84,0.8416206261510129,,,,0.9129429892141756,0.9139072847682119,,
ZNF844,,,,,0.8251121076233184,,,
ZNF846,,,,,,0.29850746268656714,,
ZNF852,0.2748091603053435,0.3170731707317073,,,0.27986348122866894,,,
ZNF862,0.7211155378486056,,0.5808823529411765,0.6521739130434783,0.5051643192488263,0.4166666666666667,,0.7793103448275862
ZNF875,0.7564705882352941,0.6440677966101694,,,0.7651933701657458,,0.6760416666666667,
ZNF883,,,,,,,0.15357142857142858,
ZNF91,0.8112531969309463,0.5185185185185185,0.4878048780487805,0.7016129032258065,0.9060336300692384,0.7837281153450052,0.6866096866096866,
ZNG1A,0.5504587155963303,,0.7416267942583732,,0.788881069669247,,0.9525504151838672,
ZNG1B,,,0.12376237623762376,,,,,
ZNG1C,0.9054421768707483,0.4090909090909091,,,0.4679987511707774,0.47406340057636887,0.6563796680497925,
ZNG1E,,,,,,0.8780487804878049,,
ZNG1F,,,,,,,,0.2196969696969697
ZNHIT1,,,,,,0.7789203084832905,0.7818940777458909,0.8777943368107303
ZNHIT6,0.16502463054187191,0.5242718446601942,,,0.1880781089414183,,,
ZNRF1,0.593974175035868,0.3684210526315789,0.27927927927927926,,0.6722063037249284,,,
ZNRF2,,,,,0.6308411214953271,,,
ZNRF3,0.8880994671403197,,0.9380952380952381,,,0.8953488372093024,0.9753238741517581,
ZPR1,0.862796833773087,,0.49635036496350365,0.5843621399176955,0.8708920187793427,,0.6091040462427746,
ZRANB1,0.7902264600715138,0.45226130653266333,0.7556109725685786,0.548828125,0.6368131868131868,0.7479838709677419,0.43662952646239556,0.711340206185567
ZRANB2,,0.8412698412698413,,0.9247311827956989,0.9448796866256296,0.9410526315789474,,
ZRANB3,0.5521472392638037,,,0.5,0.836424957841484,,,
ZSCAN1,,,,,,0.6333333333333333,,
ZSCAN16-AS1,0.09627879503839339,0.5503184713375796,,,0.09029126213592233,0.06744868035190615,,
ZSCAN26,0.746031746031746,,,,0.6931034482758621,,,
ZSWIM6,,0.8977777777777778,0.9457627118644067,,0.9540816326530612,0.851145038167939,0.9338541666666667,
ZSWIM7,0.0659432387312187,0.764367816091954,0.7731481481481481,0.11411411411411411,0.28442437923250563,0.8557692307692307,,
ZXDC,0.504950495049505,0.7311827956989247,0.41228070175438597,0.5906040268456376,0.6861370716510904,0.5714285714285714,0.4242837653478854,0.36666666666666664
ZYG11B,0.9274413529732679,,0.9647749510763209,0.9633136094674556,0.9942562883739354,0.8848223896663079,,
ZZEF1,,,,,,0.8823529411764706,,
ZZZ3,0.6008403361344538,0.64,0.7936507936507936,0.281437125748503,0.2631578947368421,,,
